StockCode,Description,QuantitySold,Revenue,InventoryStatus,ReorderAlert
10002,INFLATABLE POLITICAL GLOBE ,823,699.55,Medium Moving,YES
10080,GROOVY CACTUS INFLATABLE,291,114.41,Medium Moving,NO
10120,DOGGY RUBBER,192,40.32,Slow Moving,NO
10123C,HEARTS WRAPPING TAPE ,5,3.25,Slow Moving,NO
10124A,SPOTS ON RED BOOKCOVER TAPE,16,6.72,Slow Moving,NO
10124G,ARMY CAMO BOOKCOVER TAPE,17,7.14,Slow Moving,NO
10125,MINI FUNKY DESIGN TAPES,1225,929.45,Fast Moving,YES
10133,COLOURING PENCILS BROWN TUBE,2373,1138.99,Fast Moving,YES
10135,COLOURING PENCILS BROWN TUBE,1936,1784.19,Fast Moving,YES
11001,ASSTD DESIGN RACING CAR PEN,1252,1953.0,Fast Moving,YES
15030,FAN BLACK FRAME ,143,41.47,Slow Moving,NO
15034,PAPER POCKET TRAVELING FAN ,6419,697.0600000000001,Fast Moving,YES
15036,ASSORTED COLOURS SILK FAN,21876,16044.44,Fast Moving,YES
15039,SANDALWOOD FAN,1558,1132.3,Fast Moving,YES
15044A,PINK PAPER PARASOL ,422,1230.5800000000002,Medium Moving,NO
15044B,BLUE PAPER PARASOL ,307,865.6500000000001,Medium Moving,NO
15044C,PURPLE PAPER PARASOL,271,779.45,Medium Moving,NO
15044D,RED PAPER PARASOL,629,1732.79,Medium Moving,YES
15056BL,EDWARDIAN PARASOL BLACK,2779,15218.67,Fast Moving,YES
15056N,EDWARDIAN PARASOL NATURAL,3822,20672.91,Fast Moving,YES
15056P,EDWARDIAN PARASOL PINK,767,4242.26,Medium Moving,YES
15058A,BLUE POLKADOT GARDEN PARASOL,148,1104.6,Slow Moving,NO
15058B,PINK POLKADOT GARDEN PARASOL,115,866.25,Slow Moving,NO
15058C,ICE CREAM DESIGN GARDEN PARASOL,193,894.35,Slow Moving,NO
15060B,FAIRY CAKE DESIGN UMBRELLA,411,1482.87,Medium Moving,NO
16008,SMALL FOLDING SCISSOR(POINTED EDGE),2892,360.71,Fast Moving,YES
16010,FOLDING CAMPING SCISSOR W/KNIF & S,30,3.5999999999999996,Slow Moving,NO
16011,ANIMAL STICKERS,1749,367.29,Fast Moving,YES
16012,FOOD/DRINK SPONGE STICKERS,1220,256.2,Fast Moving,YES
16014,SMALL CHINESE STYLE SCISSOR,13328,4335.76,Fast Moving,YES
16015,MEDIUM CHINESE STYLE SCISSOR,662,289.98,Medium Moving,YES
16016,LARGE CHINESE STYLE SCISSOR,1273,1053.45,Fast Moving,YES
16020C,CLEAR STATIONERY BOX SET ,6,5.1,Slow Moving,NO
16033,MINI HIGHLIGHTER PENS,840,100.79999999999998,Medium Moving,YES
16043,POP ART PUSH DOWN RUBBER ,98,11.759999999999998,Slow Moving,NO
16045,POPART WOODEN PENCILS ASST,8900,380.0,Fast Moving,YES
16046,TEATIME PEN CASE & PENS,64,54.4,Slow Moving,NO
16048,TEATIME ROUND PENCIL SHARPENER ,1436,186.72,Fast Moving,YES
16049,TEATIME GEL PENS ASST,504,82.08,Medium Moving,YES
16052,TEATIME PUSH DOWN RUBBER,467,105.28999999999999,Medium Moving,NO
16054,POPART RECT PENCIL SHARPENER ASST,1166,140.52,Fast Moving,YES
16151A,FLOWERS HANDBAG blue and orange,49,61.25,Slow Moving,NO
16156L,WRAP CAROUSEL,375,157.5,Medium Moving,NO
16156L,"WRAP, CAROUSEL",100,42.0,Slow Moving,NO
16156S,WRAP PINK FAIRY CAKES ,5800,2331.0,Fast Moving,YES
16161G,WRAP BAD HAIR DAY,700,70.0,Medium Moving,YES
16161M,WRAP  PINK FLOCK,25,10.5,Slow Moving,NO
16161P,WRAP ENGLISH ROSE ,7201,2980.42,Fast Moving,YES
16161U,WRAP SUKI AND FRIENDS,4075,1687.5,Fast Moving,YES
16162L,THE KING GIFT BAG,17,11.05,Slow Moving,NO
16162M,THE KING GIFT BAG 25x24x12cm,26,10.92,Slow Moving,NO
16168M,FUNKY MONKEY GIFT BAG MEDIUM,329,138.18,Medium Moving,NO
16169E,WRAP 50'S  CHRISTMAS,4563,1892.46,Fast Moving,YES
16169K,WRAP FOLK ART,200,84.0,Medium Moving,NO
16169M,WRAP DAISY CARPET ,660,277.2,Medium Moving,YES
16169N,WRAP BLUE RUSSIAN FOLKART,25,10.5,Slow Moving,NO
16169P,WRAP GREEN RUSSIAN FOLKART ,50,21.0,Slow Moving,NO
16202A,PASTEL PINK PHOTO ALBUM ,7,3.5,Slow Moving,NO
16202B,PASTEL BLUE PHOTO ALBUM ,29,14.5,Slow Moving,NO
16202E,BLACK PHOTO ALBUM ,15,7.5,Slow Moving,NO
16206B,RED PURSE WITH PINK HEART,7,8.75,Slow Moving,NO
16207A,PINK STRAWBERRY HANDBAG ,13,38.35000000000001,Slow Moving,NO
16207B,PINK HEART RED HANDBAG,4,11.31,Slow Moving,NO
16216,LETTER SHAPE PENCIL SHARPENER,3316,227.14,Fast Moving,YES
16218,CARTOON  PENCIL SHARPENERS,3760,253.2,Fast Moving,YES
16219,HOUSE SHAPE PENCIL SHARPENER,2915,309.9,Fast Moving,YES
16225,RATTLE SNAKE EGGS,760,596.84,Medium Moving,YES
16235,RECYCLED PENCIL WITH RABBIT ERASER,2629,518.1899999999999,Fast Moving,YES
16236,KITTY PENCIL ERASERS,1296,266.56,Fast Moving,YES
16237,SLEEPING CAT ERASERS,4595,885.45,Fast Moving,YES
16238,PARTY TIME PENCIL ERASERS,1259,265.09,Fast Moving,YES
16244B,MAXWELL 2 TONE BLUE 60 PAGE PHOTO A,7,7.85,Slow Moving,NO
16248B,BLUE HOLE PUNCH,13,16.25,Slow Moving,NO
16254,TRANSPARENT ACRYLIC TAPE DISPENSER,31,27.91,Slow Moving,NO
16258A,SWIRLY CIRCULAR RUBBERS IN BAG,445,156.53,Medium Moving,NO
16259,PIECE OF CAMO STATIONERY SET,3380,326.56,Fast Moving,YES
17001,HEAVENS SCENT FRAGRANCE OILS ASSTD,72,20.88,Slow Moving,NO
17003,BROCADE RING PURSE ,22927,5969.61,Fast Moving,YES
17007B,S/3 POT POURI CUSHIONS BLUE COLOURS,24,50.400000000000006,Slow Moving,NO
17011F,ORIGAMI SANDLEWOOD INCENSE+FLOWER,80,62.150000000000006,Slow Moving,NO
17012A,ORIGAMI VANILLA INCENSE/CANDLE SET ,270,244.89999999999998,Medium Moving,NO
17012B,ORIGAMI JASMINE INCENSE/CANDLE SET,455,422.54999999999995,Medium Moving,NO
17012C,ORIGAMI LAVENDER INCENSE/CANDL SET ,362,341.79999999999995,Medium Moving,NO
17012D,ORIGAMI ROSE INCENSE/CANDLE SET ,385,362.95,Medium Moving,NO
17012E,ORIGAMI OPIUM INCENSE/CANDLE SET ,35,40.05,Slow Moving,NO
17012F,ORIGAMI SANDLEWOOD INCENSE/CAND SET,365,329.05,Medium Moving,NO
17013D,ORIGAMI ROSE INCENSE IN TUBE,532,257.88,Medium Moving,YES
17014A,ORIGAMI VANILLA INCENSE CONES,154,67.83,Slow Moving,NO
17021,NAMASTE SWAGAT INCENSE,2391,632.34,Fast Moving,YES
17028J,INCENSE BAZAAR PEACH,6,2.52,Slow Moving,NO
17038,PORCELAIN BUDAH INCENSE HOLDER,1501,138.1,Fast Moving,YES
17084A,TRANQUILITY MASALA INCENSE,200,42.0,Medium Moving,NO
17084J,LOVE POTION MASALA INCENSE,225,47.25,Medium Moving,NO
17084N,FAIRY DREAMS INCENSE ,1025,212.75,Fast Moving,YES
17084P,DRAGONS BLOOD INCENSE,349,73.29,Medium Moving,NO
17084R,ASSORTED INCENSE PACK,4032,760.3199999999999,Fast Moving,YES
17090A,LAVENDER INCENSE 40 CONES IN TIN,109,107.44999999999999,Slow Moving,NO
17090D,VANILLA INCENSE 40 CONES IN TIN,29,36.25,Slow Moving,NO
17091A,LAVENDER INCENSE IN TIN,171,98.91,Slow Moving,NO
17091J,VANILLA INCENSE IN TIN,2066,876.34,Fast Moving,YES
17096,ASSORTED LAQUERED INCENSE HOLDERS,2516,443.76000000000005,Fast Moving,YES
17107D,FLOWER FAIRY 5 DRAWER LINERS,59,150.45,Slow Moving,NO
17107D,FLOWER FAIRY 5 SUMMER DRAW LINERS,6,15.299999999999999,Slow Moving,NO
17107D,"FLOWER FAIRY,5 SUMMER B'DRAW LINERS",105,267.75,Slow Moving,NO
17109D,FLOWER FAIRY INCENSE BOUQUET,61,32.349999999999994,Slow Moving,NO
17129F,BLUE GLASS GEMS IN BAG,427,291.25,Medium Moving,NO
17136A,BLUE STONES ON WIRE FOR CANDLE,352,29.59,Medium Moving,NO
17164B,ASS COL SMALL SAND GECKO P'WEIGHT,27,11.34,Slow Moving,NO
17165D,ASS COL LARGE SAND FROG P'WEIGHT,27,28.35,Slow Moving,NO
17174,ASSTD RASTA KEY-CHAINS,9,3.7800000000000002,Slow Moving,NO
17191A,ROSE FLOWER CANDLE+INCENSE 16X16CM,4,15.0,Slow Moving,NO
18007,ESSENTIAL BALM 3.5g TIN IN ENVELOPE,5856,383.76,Fast Moving,YES
18094C,WHITE AND BLUE CERAMIC OIL BURNER,134,153.1,Slow Moving,NO
18097A,PINK TALL PORCELAIN T-LIGHT HOLDER ,5,12.75,Slow Moving,NO
18097C,WHITE TALL PORCELAIN T-LIGHT HOLDER,669,1461.15,Medium Moving,YES
18098C,PORCELAIN BUTTERFLY OIL BURNER,193,540.5500000000001,Slow Moving,NO
20615,BLUE POLKADOT PASSPORT COVER,231,233.34,Medium Moving,NO
20616,CHERRY BLOSSOM PASSPORT COVER,134,122.78,Slow Moving,NO
20617,FIRST CLASS PASSPORT COVER ,66,137.74,Slow Moving,NO
20618,QUEEN OF THE SKIES PASSPORT COVER ,68,137.88000000000002,Slow Moving,NO
20619,TROPICAL PASSPORT COVER ,142,206.23000000000002,Slow Moving,NO
20622,VIP PASSPORT COVER ,35,73.5,Slow Moving,NO
20622,VIPPASSPORT COVER ,127,164.58,Slow Moving,NO
20652,BLUE POLKADOT LUGGAGE TAG ,147,191.01,Slow Moving,NO
20653,CHERRY BLOSSOM LUGGAGE TAG,33,43.67,Slow Moving,NO
20654,FIRST CLASS LUGGAGE TAG ,105,126.69,Slow Moving,NO
20655,QUEEN OF SKIES LUGGAGE TAG,89,109.11,Slow Moving,NO
20657,TROPICAL LUGGAGE TAG,61,76.39,Slow Moving,NO
20658,RED RETROSPOT LUGGAGE TAG,327,408.75,Medium Moving,NO
20659,ECONOMY LUGGAGE TAG,94,139.56,Slow Moving,NO
20661,BLUE POLKADOT PURSE ,9,35.07,Slow Moving,NO
20662,FIRST CLASS HOLIDAY PURSE ,11,40.97,Slow Moving,NO
20663,QUEEN OF THE SKIES HOLIDAY PURSE ,3,11.690000000000001,Slow Moving,NO
20664,TROPICAL HOLIDAY PURSE ,6,17.700000000000003,Slow Moving,NO
20665,RED RETROSPOT PURSE ,340,998.2000000000002,Medium Moving,NO
20666,ECONOMY HOLIDAY PURSE,4,11.8,Slow Moving,NO
20667,CHERRY BLOSSOM PURSE,1,2.95,Slow Moving,NO
20668,DISCO BALL CHRISTMAS DECORATION,12618,1397.04,Fast Moving,YES
20669,RED HEART LUGGAGE TAG,195,243.75,Slow Moving,NO
20670,VIP HOLIDAY PURSE,8,29.28,Slow Moving,NO
20671,BLUE TEATIME PRINT BOWL ,10,12.5,Slow Moving,NO
20674,GREEN POLKADOT BOWL,1360,1632.81,Fast Moving,YES
20675,BLUE POLKADOT BOWL,2728,3178.65,Fast Moving,YES
20676,RED RETROSPOT BOWL,4310,4980.7300000000005,Fast Moving,YES
20677,PINK POLKADOT BOWL,3157,3640.0800000000004,Fast Moving,YES
20678,LARGE BLACK DIAMANTE HAIRSLIDE,4,6.6,Slow Moving,NO
20679,EDWARDIAN PARASOL RED,1630,9055.87,Fast Moving,YES
20681,PINK POLKADOT CHILDRENS UMBRELLA,125,406.25,Slow Moving,NO
20682,RED RETROSPOT CHILDRENS UMBRELLA,1140,3629.66,Fast Moving,YES
20684,STRAWBERRY DREAM CHILDS UMBRELLA,77,250.25,Slow Moving,NO
20685,DOORMAT RED RETROSPOT,3897,25364.85,Fast Moving,YES
20686,DOLLY MIXTURE CHILDREN'S UMBRELLA,252,822.38,Medium Moving,NO
20694,FLORAL PINK MONSTER,36,135.0,Slow Moving,NO
20695,FLORAL BLUE MONSTER,5,21.25,Slow Moving,NO
20696,FLORAL SOFT CAR TOY,32,120.0,Slow Moving,NO
20697,LITTLE GREEN MONSTER SOFT TOY,17,43.349999999999994,Slow Moving,NO
20698,LITTLE PINK MONSTER SOFT TOY,16,40.8,Slow Moving,NO
20699,MOUSEY LONG LEGS SOFT TOY,29,73.94999999999999,Slow Moving,NO
20700,GREEN CAT FLORAL CUSHION COVER ,10,37.5,Slow Moving,NO
20701,PINK CAT FLORAL CUSHION COVER ,6,22.5,Slow Moving,NO
20702,PINK PADDED MOBILE,127,539.75,Slow Moving,NO
20703,BLUE PADDED SOFT MOBILE,1,4.25,Slow Moving,NO
20704,MR ROBOT SOFT TOY,211,626.45,Medium Moving,NO
20705,MRS ROBOT SOFT TOY,143,428.85,Slow Moving,NO
20707,CRAZY DAISY HEART DECORATION,155,195.52,Slow Moving,NO
20711,JUMBO BAG TOYS ,4198,7689.28,Fast Moving,YES
20712,JUMBO BAG WOODLAND ANIMALS,8187,15511.6,Fast Moving,YES
20713,JUMBO BAG OWLS,10451,19047.02,Fast Moving,YES
20716,PARTY FOOD SHOPPER BAG,314,373.5,Medium Moving,NO
20717,STRAWBERRY SHOPPER BAG,2034,2453.38,Fast Moving,YES
20718,RED RETROSPOT SHOPPER BAG,4257,5106.56,Fast Moving,YES
20719,WOODLAND CHARLOTTE BAG,9219,7261.94,Fast Moving,YES
20723,STRAWBERRY CHARLOTTE BAG,6842,5516.7,Fast Moving,YES
20724,RED RETROSPOT CHARLOTTE BAG,12805,10122.45,Fast Moving,YES
20725,LUNCH BAG RED RETROSPOT,17576,27868.8,Fast Moving,YES
20725,LUNCH BAG RED SPOTTY,200,290.0,Medium Moving,NO
20726,LUNCH BAG WOODLAND,9091,14497.51,Fast Moving,YES
20727,LUNCH BAG  BLACK SKULL.,11246,17950.3,Fast Moving,YES
20728,LUNCH BAG CARS BLUE,10789,17214.53,Fast Moving,YES
20731,POSY CANDY BAG,74,92.5,Slow Moving,NO
20733,GOLD MINI TAPE MEASURE ,916,687.2,Medium Moving,YES
20735,BLACK MINI TAPE MEASURE ,158,121.3,Slow Moving,NO
20748,KENSINGTON COFFEE SET,53,675.75,Slow Moving,NO
20749,ASSORTED COLOUR MINI CASES,1717,12107.51,Fast Moving,YES
20750,RED RETROSPOT MINI CASES,1711,12208.85,Fast Moving,YES
20751,FUNKY WASHING UP GLOVES ASSORTED,941,1917.0600000000002,Medium Moving,YES
20752,BLUE POLKADOT WASHING UP GLOVES,360,756.0000000000001,Medium Moving,NO
20754,RETROSPOT RED WASHING UP GLOVES,1355,2668.38,Fast Moving,YES
20755,BLUE PAISLEY POCKET BOOK,291,247.35,Medium Moving,NO
20756,GREEN FERN POCKET BOOK,63,53.55,Slow Moving,NO
20757,RED DAISY POCKET BOOK ,155,132.53,Slow Moving,NO
20758,ABSTRACT CIRCLES POCKET BOOK,158,134.29999999999998,Slow Moving,NO
20759,CHRYSANTHEMUM POCKET BOOK ,64,54.4,Slow Moving,NO
20760,GARDEN PATH POCKET BOOK,69,58.65,Slow Moving,NO
20761,BLUE PAISLEY SKETCHBOOK,107,408.67,Slow Moving,NO
20762,GREEN FERN SKETCHBOOK ,101,382.46,Slow Moving,NO
20763,DAISY SKETCHBOOK ,71,189.96,Slow Moving,NO
20764,ABSTRACT CIRCLES SKETCHBOOK ,126,483.63,Slow Moving,NO
20765,CHRYSANTHEMUM SKETCHBOOK ,94,367.34,Slow Moving,NO
20766,GARDEN PATH SKETCHBOOK,111,414.58,Slow Moving,NO
20767,BLUE PAISLEY JOURNAL ,214,534.3199999999999,Medium Moving,NO
20768,GREEN FERN JOURNAL ,130,317.71,Slow Moving,NO
20769,DAISY JOURNAL ,66,173.11999999999998,Slow Moving,NO
20770,ABSTRACT CIRCLE JOURNAL ,107,256.65,Slow Moving,NO
20771,CHRYSANTHEMUM  JOURNAL,70,180.91,Slow Moving,NO
20772,GARDEN PATH JOURNAL,218,534.46,Medium Moving,NO
20773,BLUE PAISLEY NOTEBOOK,56,92.39999999999999,Slow Moving,NO
20774,GREEN FERN NOTEBOOK,52,85.8,Slow Moving,NO
20775,DAISY NOTEBOOK ,63,103.94999999999999,Slow Moving,NO
20777,CHRYSANTHEMUM NOTEBOOK,95,156.75,Slow Moving,NO
20778,GARDEN PATH NOTEBOOK ,15,24.75,Slow Moving,NO
20780,BLACK EAR MUFF HEADPHONES,36,192.86,Slow Moving,NO
20781,GOLD EAR MUFF HEADPHONES,29,152.13,Slow Moving,NO
20782,CAMOUFLAGE EAR MUFF HEADPHONES,39,215.87,Slow Moving,NO
20785,FUSCHIA RETRO BAR STOOL,14,523.3000000000001,Slow Moving,NO
20793,BLUE TILED TRAY,8,54.0,Slow Moving,NO
20794,BLUE  TILE HOOK,85,213.14999999999998,Slow Moving,NO
20795,LARGE BLUE PROVENCAL CERAMIC BALL,44,92.4,Slow Moving,NO
20796,SMALL BLUE PROVENCAL CERAMIC BALL,61,100.64999999999999,Slow Moving,NO
20798,CLEAR MILKSHAKE GLASS,36,75.60000000000001,Slow Moving,NO
20801,LARGE PINK GLASS SUNDAE DISH,848,708.16,Medium Moving,YES
20802,SMALL GLASS SUNDAE DISH CLEAR,648,730.4399999999999,Medium Moving,YES
20803,SMALL PINK GLASS SUNDAE DISH,911,383.91,Medium Moving,YES
20816,GOLD FLOWER CUSHION COVER ,8,15.6,Slow Moving,NO
20818,GOLD TEDDY BEAR,12,20.0,Slow Moving,NO
20819,SILVER TEDDY BEAR,48,183.71,Slow Moving,NO
20820,SILVER LOOKING MIRROR,5,24.75,Slow Moving,NO
20821,GOLDIE LOOKING MIRROR,16,79.2,Slow Moving,NO
20823,GOLD WINE GOBLET,160,126.4,Slow Moving,NO
20826,SILVER APERITIF GLASS,276,128.4,Medium Moving,NO
20827,GOLD APERITIF GLASS,88,34.32,Slow Moving,NO
20828,GLITTER BUTTERFLY CLIPS,1010,2489.1,Fast Moving,YES
20829,GLITTER HANGING BUTTERFLY STRING,1264,2528.3900000000003,Fast Moving,YES
20830,SILVER PHOTO FRAME,75,157.5,Slow Moving,NO
20831,GOLD PHOTO FRAME,169,272.34000000000003,Slow Moving,NO
20832,RED FLOCK LOVE HEART PHOTO FRAME,1010,517.68,Fast Moving,YES
20835,FRENCH LATTICE CUSHION COVER ,66,54.779999999999994,Slow Moving,NO
20836,FRENCH PAISLEY CUSHION COVER,170,141.1,Slow Moving,NO
20837,FRENCH FLORAL CUSHION COVER ,141,142.47,Slow Moving,NO
20838,FRENCH LATTICE CUSHION COVER ,330,282.94,Medium Moving,NO
20839,FRENCH PAISLEY CUSHION COVER ,452,411.84,Medium Moving,NO
20840,FRENCH FLORAL CUSHION COVER ,464,399.28,Medium Moving,NO
20845,ZINC HEART LATTICE 2 WALL PLANTER,19,120.64999999999999,Slow Moving,NO
20846,ZINC HEART LATTICE T-LIGHT HOLDER,646,784.22,Medium Moving,YES
20847,ZINC HEART LATTICE CHARGER LARGE,46,172.5,Slow Moving,NO
20848,ZINC HEART LATTICE CHARGER SMALL,21,61.95,Slow Moving,NO
20851,ZINC HEART LATTICE TRAY OVAL ,9,53.550000000000004,Slow Moving,NO
20854,BLUE PATCH PURSE PINK HEART,164,252.79999999999998,Slow Moving,NO
20856,DENIM PATCH PURSE PINK BUTTERFLY,140,231.0,Slow Moving,NO
20857,BLUE ROSE PATCH PURSE PINK BUTTERFL,32,52.8,Slow Moving,NO
20861,GOLD COSMETIC BAG PINK STAR,2,4.2,Slow Moving,NO
20866,BLUE ROSE FABRIC MIRROR,408,487.34,Medium Moving,NO
20867,PINK ROSE FABRIC MIRROR,187,231.47,Slow Moving,NO
20868,SILVER FABRIC MIRROR,381,159.26000000000002,Medium Moving,NO
20869,GOLD FABRIC MIRROR,139,54.21000000000001,Slow Moving,NO
20878,SET/9 CHRISTMAS T-LIGHTS SCENTED ,24,30.0,Slow Moving,NO
20886,BOX OF 9 PEBBLE CANDLES,452,851.4,Medium Moving,NO
20892,SET/3 TALL GLASS CANDLE HOLDER PINK,1,12.75,Slow Moving,NO
20893,HANGING BAUBLE T-LIGHT HOLDER SMALL,258,566.55,Medium Moving,NO
20894,HANGING BAUBLE T-LIGHT HOLDER LARGE,25,73.75,Slow Moving,NO
20897,VINTAGE NOTEBOOK PARIS DAYS,85,230.35,Slow Moving,NO
20898,VINTAGE NOTEBOOK TRAVELOGUE,25,73.75,Slow Moving,NO
20901,VINTAGE KEEPSAKE BOX PINK FLOWER,3,19.049999999999997,Slow Moving,NO
20902,VINTAGE KEEPSAKE BOX PARIS DAYS,33,190.35,Slow Moving,NO
20903,VINTAGE KEEPSAKE BOX TRAVELOGUE,20,127.0,Slow Moving,NO
20906,VINTAGE NOTEBOOK BEAUTY GIRL,3,8.850000000000001,Slow Moving,NO
20910,VINTAGE PHOTO ALBUM PARIS DAYS,8,50.8,Slow Moving,NO
20914,SET/5 RED RETROSPOT LID GLASS BOWLS,5871,16537.13,Fast Moving,YES
20914,SET/5 RED SPOTTY LID GLASS BOWLS,288,734.4,Medium Moving,NO
20931,BLUE POT PLANT CANDLE ,263,794.45,Medium Moving,NO
20932,PINK POT PLANT CANDLE,189,516.25,Slow Moving,NO
20933,YELLOW POT PLANT CANDLE,23,71.05,Slow Moving,NO
20934,SET/3 POT PLANT CANDLES,54,294.3,Slow Moving,NO
20935,ROUND CACTUS CANDLE,6,17.700000000000003,Slow Moving,NO
20936,FORKED CACTUS CANDLE,92,272.98,Slow Moving,NO
20941,FROG CANDLE,61,76.25,Slow Moving,NO
20956,PORCELAIN T-LIGHT HOLDERS ASSORTED,728,913.63,Medium Moving,YES
20961,STRAWBERRY BATH SPONGE ,1026,1301.86,Fast Moving,YES
20963,APPLE BATH SPONGE,1100,1397.99,Fast Moving,YES
20964,POLYESTER FILLER PAD 60x40cm,2,5.1,Slow Moving,NO
20966,SANDWICH BATH SPONGE,589,698.25,Medium Moving,YES
20967,GREY FLORAL FELTCRAFT SHOULDER BAG,256,960.0,Medium Moving,NO
20969,RED FLORAL FELTCRAFT SHOULDER BAG,1874,6726.81,Fast Moving,YES
20970,PINK FLORAL FELTCRAFT SHOULDER BAG,1080,3979.88,Fast Moving,YES
20971,PINK BLUE FELT CRAFT TRINKET BOX,10217,11619.39,Fast Moving,YES
20972,PINK CREAM FELT CRAFT TRINKET BOX ,7106,8617.24,Fast Moving,YES
20973,12 PENCIL SMALL TUBE WOODLAND,3998,2545.3,Fast Moving,YES
20974,12 PENCILS SMALL TUBE SKULL,6727,4230.55,Fast Moving,YES
20975,12 PENCILS SMALL TUBE RED RETROSPOT,6393,4096.650000000001,Fast Moving,YES
20977,36 PENCILS TUBE WOODLAND,1595,1969.43,Fast Moving,YES
20978,36 PENCILS TUBE SKULLS,1627,2009.43,Fast Moving,YES
20979,36 PENCILS TUBE RED RETROSPOT,3518,4227.26,Fast Moving,YES
20980,36 PENCILS TUBE POSY,27,33.75,Slow Moving,NO
20981,12 PENCILS TALL TUBE WOODLAND,1849,1571.6499999999999,Fast Moving,YES
20982,12 PENCILS TALL TUBE SKULLS,2014,1705.6599999999999,Fast Moving,YES
20983,12 PENCILS TALL TUBE RED RETROSPOT,2643,2240.31,Fast Moving,YES
20984,12 PENCILS TALL TUBE POSY,3782,1161.1799999999998,Fast Moving,YES
20985,HEART CALCULATOR,1013,1155.88,Fast Moving,YES
20986,BLUE CALCULATOR RULER,459,543.01,Medium Moving,NO
20992,JAZZ HEARTS PURSE NOTEBOOK,4339,1845.87,Fast Moving,YES
20996,JAZZ HEARTS ADDRESS BOOK,3054,648.12,Fast Moving,YES
20997,ROSE DU SUD CUSHION COVER ,15,74.25,Slow Moving,NO
20998,ROSE DU SUD OVEN GLOVE,119,348.25000000000006,Slow Moving,NO
21000,ROSE DU SUD COSMETICS BAG,45,191.25,Slow Moving,NO
21001,ROSE DU SUD WASHBAG ,24,142.8,Slow Moving,NO
21002,ROSE DU SUD DRAWSTRING BAG,13,55.25,Slow Moving,NO
21003,ROSE DU SUD CUSHION COVER,13,82.55,Slow Moving,NO
21011,GLITTER SNOW PEAR TREE DECORATION,18,26.099999999999998,Slow Moving,NO
21012,ANTIQUE ALL GLASS CANDLESTICK,565,1129.1000000000001,Medium Moving,YES
21014,SWISS CHALET TREE DECORATION ,1233,455.56999999999994,Fast Moving,YES
21015,DARK BIRD HOUSE TREE DECORATION,1249,377.3299999999999,Fast Moving,YES
21018,BIRD BOX CHRISTMAS TREE DECORATION,22,18.7,Slow Moving,NO
21025,SPACE FROG,100,127.25,Slow Moving,NO
21026,SPACE OWL,140,173.62,Slow Moving,NO
21027,NINJA RABBIT PINK,99,119.95,Slow Moving,NO
21028,NINJA RABBIT BLACK,116,148.29,Slow Moving,NO
21030,SPACE CADET RED,111,141.17,Slow Moving,NO
21031,SPACE CADET BLACK,39,49.96,Slow Moving,NO
21032,SPACE CADET WHITE,64,83.63,Slow Moving,NO
21033,JUMBO BAG CHARLIE AND LOLA TOYS,921,1932.67,Medium Moving,YES
21034,REX CASH+CARRY JUMBO SHOPPER,1832,1740.3999999999999,Fast Moving,YES
21035,SET/2 RED RETROSPOT TEA TOWELS ,2315,6807.01,Fast Moving,YES
21038,SET/4 MODERN VINTAGE COTTON NAPKINS,77,86.75,Slow Moving,NO
21039,RED RETROSPOT SHOPPING BAG,510,1284.6599999999999,Medium Moving,YES
21040,MODERN VINTAGE COTTON SHOPPING BAG,22,29.7,Slow Moving,NO
21041,RED RETROSPOT OVEN GLOVE DOUBLE,569,1678.5500000000002,Medium Moving,YES
21042,RED RETROSPOT APRON ,302,1796.9,Medium Moving,NO
21043,APRON MODERN VINTAGE COTTON,441,927.9499999999999,Medium Moving,NO
21051,RIBBONS PURSE ,108,228.83,Slow Moving,NO
21054,NURSE'S BAG SOFT TOY,68,608.5999999999999,Slow Moving,NO
21055,TOOL BOX SOFT TOY ,144,1350.24,Slow Moving,NO
21056,DOCTOR'S BAG SOFT TOY,174,1640.1799999999998,Slow Moving,NO
21058,PARTY INVITES WOODLAND,1046,853.2199999999999,Fast Moving,YES
21059,PARTY INVITES DINOSAURS,573,487.04999999999995,Medium Moving,YES
21060,PARTY INVITES BALLOON GIRL,356,302.59999999999997,Medium Moving,NO
21061,PARTY INVITES FOOTBALL,412,350.2,Medium Moving,NO
21062,PARTY INVITES SPACEMAN,500,425.0,Medium Moving,YES
21063,PARTY INVITES JAZZ HEARTS,483,412.10999999999996,Medium Moving,NO
21064,BOOM BOX SPEAKER BOYS,171,740.15,Slow Moving,NO
21065,BOOM BOX SPEAKER GIRLS,485,827.15,Medium Moving,NO
21066,VINTAGE RED MUG,687,656.37,Medium Moving,YES
21067,VINTAGE RED TEATIME MUG,201,246.88,Medium Moving,NO
21068,VINTAGE BILLBOARD LOVE/HATE MUG,1535,1637.71,Fast Moving,YES
21069,VINTAGE BILLBOARD TEA MUG,1867,2047.8000000000002,Fast Moving,YES
21070,VINTAGE BILLBOARD MUG ,1032,1058.54,Fast Moving,YES
21071,VINTAGE BILLBOARD DRINK ME MUG,845,1020.98,Medium Moving,YES
21078,SET/20 STRAWBERRY PAPER NAPKINS ,2483,1972.73,Fast Moving,YES
21080,SET/20 RED RETROSPOT PAPER NAPKINS ,12305,9649.99,Fast Moving,YES
21084,SET/6 COLLAGE PAPER CUPS,2199,463.85,Fast Moving,YES
21086,SET/6 RED SPOTTY PAPER CUPS,6573,3999.09,Fast Moving,YES
21087,SET/6 POSIES PAPER CUPS,126,62.120000000000005,Slow Moving,NO
21088,SET/6 FRUIT SALAD PAPER CUPS,1576,345.42,Fast Moving,YES
21089,SET/6 GREEN SPRING PAPER CUPS,231,45.730000000000004,Medium Moving,NO
21090,SET/6 COLLAGE PAPER PLATES,1664,704.26,Fast Moving,YES
21094,SET/6 RED SPOTTY PAPER PLATES,7351,5496.53,Fast Moving,YES
21095,SET/6 POSIES PAPER PLATES,95,80.75,Slow Moving,NO
21096,SET/6 FRUIT SALAD  PAPER PLATES,1143,479.25,Fast Moving,YES
21098,CHRISTMAS TOILET ROLL,3164,3665.05,Fast Moving,YES
21100,CHARLIE AND LOLA CHARLOTTE BAG,43,70.95,Slow Moving,NO
21106,CREAM SLICE FLANNEL CHOCOLATE SPOT ,193,530.95,Slow Moving,NO
21107,CREAM SLICE FLANNEL PINK SPOT ,837,2209.95,Medium Moving,YES
21108,FAIRY CAKE FLANNEL ASSORTED COLOUR,10070,17291.57,Fast Moving,YES
21109,LARGE CAKE TOWEL CHOCOLATE SPOTS,829,2082.15,Medium Moving,YES
21109,"LARGE CAKE TOWEL, CHOCOLATE SPOTS",7,47.25,Slow Moving,NO
21110,LARGE CAKE TOWEL PINK SPOTS,774,2288.3,Medium Moving,YES
21111,"SWISS ROLL TOWEL, CHOCOLATE  SPOTS",788,1290.3,Medium Moving,YES
21112,SWISS ROLL TOWEL PINK  SPOTS,666,1782.1799999999998,Medium Moving,YES
21112,"SWISS ROLL TOWEL, PINK  SPOTS",579,769.65,Medium Moving,YES
21114,LAVENDER SCENTED FABRIC HEART,1327,1674.03,Fast Moving,YES
21115,ROSE CARAVAN DOORSTOP,519,2567.61,Medium Moving,YES
21116,OWL DOORSTOP,489,2339.19,Medium Moving,NO
21117,BLOND DOLL DOORSTOP,109,141.75,Slow Moving,NO
21121,SET/10 RED POLKADOT PARTY CANDLES,6498,7794.18,Fast Moving,YES
21122,SET/10 PINK POLKADOT PARTY CANDLES,5251,6346.08,Fast Moving,YES
21123,SET/10 IVORY POLKADOT PARTY CANDLES,973,1213.31,Medium Moving,YES
21124,SET/10 BLUE POLKADOT PARTY CANDLES,3966,4793.34,Fast Moving,YES
21125,SET 6 FOOTBALL CELEBRATION CANDLES,595,743.75,Medium Moving,YES
21126,SET OF 6 GIRLS CELEBRATION CANDLES,487,604.19,Medium Moving,NO
21128,GOLD FISHING GNOME,47,284.16,Slow Moving,NO
21129,SILVER FISHING GNOME ,45,332.3,Slow Moving,NO
21131,GOLD STANDING GNOME,93,290.25,Slow Moving,NO
21132,SILVER STANDING GNOME   ,35,142.75,Slow Moving,NO
21135,VICTORIAN  METAL POSTCARD SPRING,2707,2973.55,Fast Moving,YES
21136,PAINTED METAL PEARS ASSORTED,4454,7454.22,Fast Moving,YES
21137,BLACK RECORD COVER FRAME,11401,39045.8,Fast Moving,YES
21143,ANTIQUE GLASS HEART DECORATION ,295,575.25,Medium Moving,NO
21145,ANTIQUE GLASS PLACE SETTING,122,152.5,Slow Moving,NO
21147,JINGLE BELLS TREE DECORATION,89,200.94,Slow Moving,NO
21154,RED RETROSPOT OVEN GLOVE ,3186,3750.38,Fast Moving,YES
21155,RED RETROSPOT PEG BAG,2458,5874.95,Fast Moving,YES
21156,RETROSPOT CHILDRENS APRON,3038,5585.92,Fast Moving,YES
21157,RED RETROSPOT WASHBAG,48,100.80000000000001,Slow Moving,NO
21158,MOODY GIRL DOOR HANGER ,1422,684.9599999999999,Fast Moving,YES
21159,MOODY BOY  DOOR HANGER ,1108,542.36,Fast Moving,YES
21161,KEEP OUT BOYS DOOR HANGER ,130,188.5,Slow Moving,NO
21162,TOXIC AREA  DOOR HANGER ,1413,695.23,Fast Moving,YES
21163,DO NOT TOUCH MY STUFF DOOR HANGER ,1171,599.79,Fast Moving,YES
21164,HOME SWEET HOME METAL SIGN ,1712,4844.72,Fast Moving,YES
21165,BEWARE OF THE CAT METAL SIGN ,4025,6401.93,Fast Moving,YES
21166,COOK WITH WINE METAL SIGN ,10169,20232.13,Fast Moving,YES
21167,WHITE SAGE INCENSE,1260,264.6,Fast Moving,YES
21169,YOU'RE CONFUSING ME METAL SIGN ,4270,6743.98,Fast Moving,YES
21171,BATHROOM METAL SIGN ,424,566.8,Medium Moving,NO
21172,PARTY METAL SIGN ,3330,4701.0199999999995,Fast Moving,YES
21174,POTTERING IN THE SHED METAL SIGN,3922,8364.64,Fast Moving,YES
21175,GIN + TONIC DIET METAL SIGN,11501,24944.88,Fast Moving,YES
21175,GIN AND TONIC DIET METAL SIGN,474,1118.46,Medium Moving,NO
21179,NO JUNK MAIL METAL SIGN,1783,1019.59,Fast Moving,YES
21181,PLEASE ONE PERSON METAL SIGN,11932,23865.820000000003,Fast Moving,YES
21187,WHITE BELL HONEYCOMB PAPER GARLAND ,328,522.0,Medium Moving,NO
21188,3D HEARTS  HONEYCOMB PAPER GARLAND,294,838.5000000000001,Medium Moving,NO
21189,WHITE HONEYCOMB PAPER GARLAND ,165,272.25,Slow Moving,NO
21190,PINK HEARTS PAPER GARLAND,168,245.20000000000002,Slow Moving,NO
21191,LARGE WHITE HONEYCOMB PAPER BELL  ,394,788.0400000000001,Medium Moving,NO
21192,WHITE BELL HONEYCOMB PAPER ,924,1390.1999999999998,Medium Moving,YES
21194,PINK  HONEYCOMB PAPER FAN,436,364.6,Medium Moving,NO
21195,PINK  HONEYCOMB PAPER BALL ,417,607.86,Medium Moving,NO
21196,ROUND WHITE CONFETTI IN TUBE,89,146.84999999999997,Slow Moving,NO
21197,MULTICOLOUR  CONFETTI IN TUBE,243,322.71,Medium Moving,NO
21198,WHITE HEART CONFETTI IN TUBE,963,929.9099999999999,Medium Moving,YES
21199,PINK  HEART CONFETTI IN TUBE,864,766.56,Medium Moving,YES
21200,MULTICOLOUR HONEYCOMB PAPER GARLAND,1010,1272.8999999999999,Fast Moving,YES
21201,TROPICAL  HONEYCOMB PAPER GARLAND ,1175,2672.25,Fast Moving,YES
21202,DOLLY HONEYCOMB GARLAND,448,403.2,Medium Moving,NO
21204,DAISIES  HONEYCOMB GARLAND ,419,691.3499999999999,Medium Moving,NO
21205,MULTICOLOUR 3D BALLS GARLAND,209,532.9499999999999,Medium Moving,NO
21206,STRAWBERRY HONEYCOMB  GARLAND ,1220,1446.6,Fast Moving,YES
21207,SKULL AND CROSSBONES  GARLAND ,981,1532.2499999999998,Medium Moving,YES
21208,PASTEL COLOUR HONEYCOMB FAN,873,531.6899999999999,Medium Moving,YES
21209,MULTICOLOUR HONEYCOMB FAN,1142,669.12,Fast Moving,YES
21210,SET OF 72 RETROSPOT PAPER  DOILIES,5677,7943.0199999999995,Fast Moving,YES
21211,SET OF 72 SKULL PAPER  DOILIES,815,1143.35,Medium Moving,YES
21212,PACK OF 72 RETROSPOT CAKE CASES,33670,16381.880000000001,Fast Moving,YES
21213,PACK OF 72 SKULL CAKE CASES,14302,6855.46,Fast Moving,YES
21215,IVORY PAPER CUP CAKE CASES ,866,460.70000000000005,Medium Moving,YES
21216,"SET 3 RETROSPOT TEA,COFFEE,SUGAR",1836,8330.12,Fast Moving,YES
21217,RED RETROSPOT ROUND CAKE TINS,974,9178.3,Medium Moving,YES
21218,RED SPOTTY BISCUIT TIN,2058,7071.2,Fast Moving,YES
21219,SET/4 BADGES BALLOON GIRL,323,408.59,Medium Moving,NO
21220,SET/4 BADGES DOGS,229,299.56,Medium Moving,NO
21221,SET/4 BADGES CUTE CREATURES,201,262.14,Medium Moving,NO
21222,SET/4 BADGES BEETLES,194,252.18,Slow Moving,NO
21224,SET/4 SKULL BADGES,734,913.7,Medium Moving,YES
21226,POCKET MIRROR WOODLAND,8,10.0,Slow Moving,NO
21228,"POCKET MIRROR ""GLAMOROUS""",5,6.25,Slow Moving,NO
21231,SWEETHEART CERAMIC TRINKET BOX,5748,6864.610000000001,Fast Moving,YES
21232,STRAWBERRY CERAMIC TRINKET BOX,9318,10883.02,Fast Moving,YES
21232,STRAWBERRY CERAMIC TRINKET POT,1036,1312.04,Fast Moving,YES
21238,RED RETROSPOT CUP,3519,2822.41,Fast Moving,YES
21239,PINK  POLKADOT CUP,2572,2049.7,Fast Moving,YES
21240,BLUE POLKADOT CUP,3153,2484.53,Fast Moving,YES
21242,RED RETROSPOT PLATE ,3071,4855.91,Fast Moving,YES
21243,PINK  POLKADOT PLATE ,1911,3010.71,Fast Moving,YES
21243,PINK POLKADOT PLATE ,202,318.34,Medium Moving,NO
21244,BLUE POLKADOT PLATE ,2131,3359.47,Fast Moving,YES
21245,GREEN POLKADOT PLATE ,1011,1618.03,Fast Moving,YES
21246,RED RETROSPOT BIG BOWL,175,849.45,Slow Moving,NO
21248,DOOR HANGER  MUM + DADS ROOM,187,271.15,Slow Moving,NO
21249,WOODLAND  HEIGHT CHART STICKERS ,672,1874.4,Medium Moving,YES
21250,SET OF SKULL WALL STICKERS,92,257.0,Slow Moving,NO
21251,DINOSAUR HEIGHT CHART STICKER SET,165,486.75000000000006,Slow Moving,NO
21253,SET OF PICTURE FRAME  STICKERS,65,189.59000000000003,Slow Moving,NO
21257,VICTORIAN SEWING BOX MEDIUM,488,3727.44,Medium Moving,NO
21258,VICTORIAN SEWING BOX LARGE,425,5014.23,Medium Moving,NO
21259,VICTORIAN SEWING BOX SMALL ,1123,6402.360000000001,Fast Moving,YES
21260,FIRST AID TIN,1129,3530.35,Fast Moving,YES
21261,GREEN GOOSE FEATHER CHRISTMAS TREE ,167,520.6500000000001,Slow Moving,NO
21262,WHITE GOOSE FEATHER CHRISTMAS TREE ,265,781.7500000000001,Medium Moving,NO
21263,GREEN GOOSE FEATHER TREE 60CM,161,313.95,Slow Moving,NO
21264,WHITE GOOSE FEATHER TREE 60CM ,254,495.29999999999995,Medium Moving,NO
21265,PINK GOOSE FEATHER TREE 60CM,128,249.59999999999997,Slow Moving,NO
21268,VINTAGE BLUE TINSEL REEL,2,0.84,Slow Moving,NO
21269,ANTIQUE CREAM CUTLERY SHELF ,28,238.0,Slow Moving,NO
21270,ANTIQUE CREAM CUTLERY CUPBOARD,14,178.5,Slow Moving,NO
21272,SALLE DE BAIN HOOK,498,653.8199999999999,Medium Moving,NO
21275,ZINC TOP  2 DOOR WOODEN SHELF ,10,169.5,Slow Moving,NO
21277,FRENCH STYLE EMBOSSED HEART CABINET,23,485.9,Slow Moving,NO
21278,VINTAGE KITCHEN PRINT PUDDINGS,31,79.05,Slow Moving,NO
21279,VINTAGE KITCHEN PRINT FRUITS,65,165.75,Slow Moving,NO
21280,VINTAGE KITCHEN PRINT VEGETABLES,65,165.75,Slow Moving,NO
21281,VINTAGE KITCHEN PRINT SEAFOOD,35,89.24999999999999,Slow Moving,NO
21284,RETROSPOT CANDLE  SMALL,384,311.84000000000003,Medium Moving,NO
21285,RETROSPOT CANDLE  MEDIUM,350,357.62,Medium Moving,NO
21286,RETROSPOT CANDLE  LARGE,255,279.37,Medium Moving,NO
21287,SCENTED VELVET LOUNGE CANDLE ,1788,755.13,Fast Moving,YES
21288,STRIPEY CHOCOLATE NESTING BOXES,253,707.95,Medium Moving,NO
21289,LARGE STRIPES CHOCOLATE GIFT BAG,443,553.75,Medium Moving,NO
21291,SMALL POLKADOT CHOCOLATE GIFT BAG ,920,782.0,Medium Moving,YES
21292,SMALL STRIPES CHOCOLATE GIFT BAG ,865,591.25,Medium Moving,YES
21293,MIRRORED DOVE WALL DECORATION,101,214.13000000000002,Slow Moving,NO
21294,ETCHED GLASS COASTER,1536,722.88,Fast Moving,YES
21306,SET/4 DAISY MIRROR MAGNETS,486,166.27999999999997,Medium Moving,NO
21307,SET/4 BUTTERFLY MIRROR MAGNETS,79,39.199999999999996,Slow Moving,NO
21310,CAPIZ CHANDELIER,1,29.95,Slow Moving,NO
21311,SET/4 BIRD MIRROR MAGNETS ,452,158.23,Medium Moving,NO
21313,GLASS HEART T-LIGHT HOLDER ,2828,2097.71,Fast Moving,YES
21314,SMALL GLASS HEART TRINKET POT,3664,7399.960000000001,Fast Moving,YES
21316,SMALL CHUNKY GLASS ROMAN  BOWL,148,153.64000000000001,Slow Moving,NO
21317,GLASS SPHERE CANDLE STAND MEDIUM,95,510.75,Slow Moving,NO
21318,GLASS CHALICE BLUE SMALL ,678,369.0,Medium Moving,YES
21319,GLASS CHALICE GREEN  SMALL ,147,129.51,Slow Moving,NO
21320,GLASS CHALICE GREEN  LARGE ,186,309.66,Slow Moving,NO
21324,HANGING MEDINA LANTERN SMALL,69,203.55,Slow Moving,NO
21326,AGED GLASS SILVER T-LIGHT HOLDER,10040,6052.0,Fast Moving,YES
21327,SKULLS WRITING SET ,538,887.6999999999999,Medium Moving,YES
21328,BALLOONS  WRITING SET ,755,1253.9499999999998,Medium Moving,YES
21329,DINOSAURS  WRITING SET ,586,975.0999999999999,Medium Moving,YES
21331,MOROCCAN BEATEN METAL DISH LARGE,11,140.25,Slow Moving,NO
21332,MOROCCAN BEATEN METAL MIRROR,14,143.3,Slow Moving,NO
21333,CLASSIC WHITE FRAME,55,162.25,Slow Moving,NO
21336,GOLD WASHBAG,8,23.6,Slow Moving,NO
21340,CLASSIC METAL BIRDCAGE PLANT HOLDER,925,10123.16,Medium Moving,YES
21344,MOROCCAN BEATEN METAL DISH,14,139.29999999999998,Slow Moving,NO
21348,PINK SPOTS CHOCOLATE NESTING BOXES ,139,355.65,Slow Moving,NO
21349,IVY HEART WREATH,12,81.0,Slow Moving,NO
21351,CINAMMON & ORANGE WREATH,101,654.55,Slow Moving,NO
21352,EUCALYPTUS & PINECONE  WREATH,311,1118.65,Medium Moving,NO
21354,TOAST ITS - BEST MUM,751,885.95,Medium Moving,YES
21355,TOAST ITS - I LOVE YOU ,772,955.4,Medium Moving,YES
21356,TOAST ITS - FAIRY FLOWER,303,361.9,Medium Moving,NO
21357,TOAST ITS - DINOSAUR,19,23.75,Slow Moving,NO
21358,TOAST ITS - HAPPY BIRTHDAY,327,408.75,Medium Moving,NO
21359,RELAX LARGE WOOD LETTERS,126,743.7,Slow Moving,NO
21360,JOY LARGE WOOD LETTERS,37,194.15,Slow Moving,NO
21361,LOVE LARGE WOOD LETTERS ,91,1127.85,Slow Moving,NO
21363,HOME SMALL WOOD LETTERS,207,1024.65,Medium Moving,NO
21364,PEACE SMALL WOOD LETTERS,25,168.75,Slow Moving,NO
21365,MIRRORED WALL ART STARS,348,360.0,Medium Moving,NO
21366,MIRRORED WALL ART PHOTO FRAMES,24,102.0,Slow Moving,NO
21367,MIRRORED WALL ART GENTS,163,159.51,Slow Moving,NO
21368,MIRRORED WALL ART LADIES,160,128.4,Slow Moving,NO
21369,MIRRORED WALL ART SPLODGES,98,142.5,Slow Moving,NO
21370,MIRRORED WALL ART FOXY,15,88.2,Slow Moving,NO
21371,MIRRORED WALL ART POPPIES,275,274.65,Medium Moving,NO
21372,MIRRORED WALL ART TABLE LAMP,67,75.73,Slow Moving,NO
21373,MIRRORED WALL ART SNOWFLAKES,507,380.25,Medium Moving,YES
21374,MIRRORED WALL ART SKULLS,294,400.0,Medium Moving,NO
21375,LARGE CAMPHOR WOOD FIELD MUSHROOM ,22,107.30000000000001,Slow Moving,NO
21376,LARGE  TALL CAMPHOR WOOD TOADSTOOL ,29,149.65,Slow Moving,NO
21377,SMALL CAMPHOR WOOD FIELD  MUSHROOM,93,123.20999999999998,Slow Moving,NO
21378,SMALL TALL CAMPHOR WOOD TOADSTOOL,129,175.04999999999998,Slow Moving,NO
21379,CAMPHOR WOOD PORTOBELLO MUSHROOM,141,155.61,Slow Moving,NO
21380,WOODEN HAPPY BIRTHDAY GARLAND,2090,5901.3,Fast Moving,YES
21381,MINI WOODEN HAPPY BIRTHDAY GARLAND,1695,2726.31,Fast Moving,YES
21382,SET/4 SPRING FLOWER DECORATION,1040,1151.8,Fast Moving,YES
21383,PACK OF 12 STICKY BUNNIES,765,497.25000000000006,Medium Moving,YES
21385,IVORY HANGING DECORATION  HEART,3558,2952.54,Fast Moving,YES
21386,IVORY HANGING DECORATION  EGG,689,253.01,Medium Moving,YES
21389,IVORY HANGING DECORATION  BIRD,1015,862.75,Fast Moving,YES
21390,FILIGRIS HEART WITH BUTTERFLY,3778,4540.38,Fast Moving,YES
21391,FRENCH LAVENDER SCENT HEART,965,846.6,Medium Moving,YES
21392,RED POLKADOT PUDDING BOWL,32,38.13,Slow Moving,NO
21393,BLUE POLKADOT PUDDING BOWL,29,38.67,Slow Moving,NO
21394,RED POLKADOT BEAKER ,3822,1538.62,Fast Moving,YES
21395,BLUE POLKADOT BEAKER ,2806,1094.34,Fast Moving,YES
21397,BLUE POLKADOT EGG CUP ,1016,445.26,Fast Moving,YES
21398,RED POLKADOT COFFEE  MUG,1499,642.75,Fast Moving,YES
21399,BLUE POLKADOT COFFEE MUG,2035,826.14,Fast Moving,YES
21400,RED PUDDING SPOON,837,109.74,Medium Moving,YES
21401,BLUE PUDDING SPOON,1010,132.29999999999998,Fast Moving,YES
21402,RED  EGG  SPOON,1290,155.4,Fast Moving,YES
21403,BLUE EGG  SPOON,1718,258.71999999999997,Fast Moving,YES
21407,BROWN CHECK CAT DOORSTOP ,233,965.0,Medium Moving,NO
21408,SPOTTY PINK DUCK DOORSTOP,221,752.51,Medium Moving,NO
21411,GINGHAM HEART  DOORSTOP RED,714,2371.2599999999998,Medium Moving,YES
21413,PERIWINKLE T-LIGHT HOLDER,36,45.0,Slow Moving,NO
21414,SCALLOP SHELL SOAP DISH,1,2.1,Slow Moving,NO
21415,CLAM SHELL SMALL ,202,375.73,Medium Moving,NO
21416,CLAM SHELL LARGE,5,18.75,Slow Moving,NO
21417,COCKLE SHELL DISH,289,420.88,Medium Moving,NO
21418,STARFISH SOAP DISH,59,115.25,Slow Moving,NO
21420,OYSTER TRINKET BOX,47,83.87,Slow Moving,NO
21421,PORCELAIN ROSE LARGE ,298,345.14,Medium Moving,NO
21422,PORCELAIN ROSE SMALL,1560,1218.36,Fast Moving,YES
21424,WOODLAND STORAGE BOX LARGE ,227,612.05,Medium Moving,NO
21425,SKULLS STORAGE BOX LARGE,67,188.05,Slow Moving,NO
21426,WOODLAND STORAGE BOX SMALL,213,411.30000000000007,Medium Moving,NO
21427,SKULLS STORAGE BOX SMALL,77,161.70000000000002,Slow Moving,NO
21428,SET3 BOOK BOX GREEN GINGHAM FLOWER ,1098,4259.3,Fast Moving,YES
21429,RED GINGHAM ROSE JEWELLERY BOX,1612,2917.2,Fast Moving,YES
21430,SET/3 RED GINGHAM ROSE STORAGE BOX,2698,9401.82,Fast Moving,YES
21439,BASKET OF TOADSTOOLS,1322,1574.98,Fast Moving,YES
21441,BLUE BIRDHOUSE DECORATION,376,223.3,Medium Moving,NO
21442,GREEN BIRDHOUSE DECORATION,386,229.45999999999998,Medium Moving,NO
21445,12 PINK ROSE PEG PLACE SETTINGS,214,267.5,Medium Moving,NO
21446,12 RED ROSE PEG PLACE SETTINGS,392,490.0,Medium Moving,NO
21447,12 IVORY ROSE PEG PLACE SETTINGS,749,936.25,Medium Moving,YES
21448,12 DAISY PEGS IN WOOD BOX,322,531.3,Medium Moving,NO
21452,TOADSTOOL MONEY BOX,745,2140.15,Medium Moving,YES
21454,PAINTED PINK RABBIT ,317,269.45,Medium Moving,NO
21455,PAINTED YELLOW WOODEN DAISY,271,230.35,Medium Moving,NO
21456,2 PICTURE BOOK EGGS EASTER CHICKS,161,201.25,Slow Moving,NO
21457,2 PICTURE BOOK EGGS EASTER DUCKS,115,143.75,Slow Moving,NO
21458,2 PICTURE BOOK EGGS EASTER BUNNY,158,197.5,Slow Moving,NO
21459,YELLOW EASTER EGG HUNT START POST,75,146.25,Slow Moving,NO
21460,GREEN EASTER EGG HUNT START POST,26,50.699999999999996,Slow Moving,NO
21461,BLUE EASTER EGG HUNT START POST,8,15.6,Slow Moving,NO
21462,"NURSERY A,B,C PAINTED LETTERS",192,859.2,Slow Moving,NO
21463,MIRRORED DISCO BALL ,642,3393.4,Medium Moving,YES
21464,DISCO BALL ROTATOR BATTERY OPERATED,244,1034.0,Medium Moving,NO
21465,PINK FLOWER CROCHET FOOD COVER,193,727.46,Slow Moving,NO
21466,RED FLOWER CROCHET FOOD COVER,267,982.49,Medium Moving,NO
21467,CHERRY CROCHET FOOD COVER,215,813.67,Medium Moving,NO
21468,BUTTERFLY CROCHET FOOD COVER,123,468.67,Slow Moving,NO
21469,POLKA DOT RAFFIA FOOD COVER,250,941.21,Medium Moving,NO
21470,FLOWER VINE RAFFIA FOOD COVER,336,1271.13,Medium Moving,NO
21471,STRAWBERRY RAFFIA FOOD COVER,493,1695.15,Medium Moving,NO
21472,LADYBIRD + BEE RAFFIA FOOD COVER,119,446.25,Slow Moving,NO
21473,SWEETHEART CREAM STEEL TABLE RECT,22,438.9,Slow Moving,NO
21476,STEEL SWEETHEART ROUND TABLE CREAM,31,463.45,Slow Moving,NO
21479,WHITE SKULL HOT WATER BOTTLE ,2699,10215.47,Fast Moving,YES
21481,FAWN BLUE HOT WATER BOTTLE,2919,9196.050000000001,Fast Moving,YES
21484,CHICK GREY HOT WATER BOTTLE,1545,5770.27,Fast Moving,YES
21485,RETROSPOT HEART HOT WATER BOTTLE,3326,15827.18,Fast Moving,YES
21486,PINK HEART DOTS HOT WATER BOTTLE,8,30.0,Slow Moving,NO
21488,RED WHITE SCARF  HOT WATER BOTTLE,3,11.850000000000001,Slow Moving,NO
21494,ROTATING LEAVES T-LIGHT HOLDER,1222,1617.23,Fast Moving,YES
21495,SKULLS AND CROSSBONES WRAP,5800,2356.0,Fast Moving,YES
21497,FANCY FONTS BIRTHDAY WRAP,8550,3409.0,Fast Moving,YES
21498,RED RETROSPOT WRAP ,10522,4310.24,Fast Moving,YES
21499,BLUE POLKADOT WRAP,6900,2798.0,Fast Moving,YES
21500,PINK POLKADOT WRAP ,6350,2593.0,Fast Moving,YES
21503,TOYBOX  WRAP ,726,288.92,Medium Moving,YES
21504,SKULLS GREETING CARD,1860,753.12,Fast Moving,YES
21506,"FANCY FONT BIRTHDAY CARD, ",4704,1895.76,Fast Moving,YES
21507,ELEPHANT BIRTHDAY CARD ,1080,449.88,Fast Moving,YES
21507,"ELEPHANT, BIRTHDAY CARD, ",2114,859.08,Fast Moving,YES
21508,VINTAGE KID DOLLY CARD ,2381,966.07,Fast Moving,YES
21509,COWBOYS AND INDIANS BIRTHDAY CARD ,3581,1444.75,Fast Moving,YES
21518,BANK ACCOUNT  GREETING  CARD ,265,106.97999999999999,Medium Moving,NO
21519,GIN & TONIC DIET GREETING CARD ,3217,1320.9,Fast Moving,YES
21520,BOOZE & WOMEN GREETING CARD ,457,187.62,Medium Moving,NO
21523,DOORMAT FANCY FONT HOME SWEET HOME,3087,19149.07,Fast Moving,YES
21524,DOORMAT SPOTTY HOME SWEET HOME,1657,12055.32,Fast Moving,YES
21527,RED RETROSPOT TRADITIONAL TEAPOT ,464,3508.8,Medium Moving,NO
21528,DAIRY MAID TRADITIONAL TEAPOT ,176,1209.2,Slow Moving,NO
21530,DAIRY MAID TOASTRACK,756,690.12,Medium Moving,YES
21531,RED RETROSPOT SUGAR JAM BOWL,1469,3448.95,Fast Moving,YES
21533,RETROSPOT LARGE MILK JUG,1307,6217.650000000001,Fast Moving,YES
21534,DAIRY MAID LARGE MILK JUG,321,1563.75,Medium Moving,NO
21535,RED RETROSPOT SMALL MILK JUG,2450,5804.7,Fast Moving,YES
21537,RED RETROSPOT PUDDING BOWL,326,1337.5,Medium Moving,NO
21538,DAIRY MAID  PUDDING BOWL,5,18.75,Slow Moving,NO
21539,RED RETROSPOT BUTTER DISH,936,4414.8,Medium Moving,YES
21544,SKULLS  WATER TRANSFER TATTOOS ,1869,1519.85,Fast Moving,YES
21547,CERAMIC BIRDHOUSE CRESTED TIT SMALL,72,212.40000000000003,Slow Moving,NO
21555,CERAMIC STRAWBERRY TRINKET TRAY,55,140.25,Slow Moving,NO
21556,CERAMIC STRAWBERRY MONEY BOX,804,1859.3999999999999,Medium Moving,YES
21557,SET OF 6 FUNKY BEAKERS,300,854.0400000000001,Medium Moving,NO
21558,SKULL LUNCH BOX WITH CUTLERY ,1940,4609.5,Fast Moving,YES
21559,STRAWBERRY LUNCH BOX WITH CUTLERY,3711,8721.89,Fast Moving,YES
21561,DINOSAUR LUNCH BOX WITH CUTLERY,1227,2868.7799999999997,Fast Moving,YES
21562,HAWAIIAN GRASS SKIRT ,319,368.35,Medium Moving,NO
21563,RED HEART SHAPE LOVE BUCKET ,1358,2591.02,Fast Moving,YES
21564,PINK  HEART SHAPE LOVE BUCKET ,1016,1686.5200000000002,Fast Moving,YES
21576,LETS GO SHOPPING COTTON TOTE BAG,177,403.67,Slow Moving,NO
21577,SAVE THE PLANET COTTON TOTE BAG,549,1235.25,Medium Moving,YES
21578,WOODLAND DESIGN  COTTON TOTE BAG,583,1311.75,Medium Moving,YES
21579,LOLITA  DESIGN  COTTON TOTE BAG,152,342.0,Slow Moving,NO
21580,RABBIT  DESIGN  COTTON TOTE BAG,90,202.5,Slow Moving,NO
21581,SKULLS  DESIGN  COTTON TOTE BAG,165,371.25,Slow Moving,NO
21584,RETROSPOT SMALL TUBE MATCHES,1059,1743.35,Fast Moving,YES
21586,KINGS CHOICE GIANT TUBE MATCHES,731,1691.25,Medium Moving,YES
21587,COSY HOUR GIANT TUBE MATCHES,195,475.65,Slow Moving,NO
21588,RETROSPOT GIANT TUBE MATCHES,1494,3442.5,Fast Moving,YES
21591,COSY HOUR CIGAR BOX MATCHES ,1183,1451.39,Fast Moving,YES
21592,RETROSPOT CIGAR BOX MATCHES ,2138,2135.32,Fast Moving,YES
21609,SET 12 LAVENDER  BOTANICAL T-LIGHTS,760,2069.2,Medium Moving,YES
21613,S/12 VANILLA  BOTANICAL T-LIGHTS,221,632.7500000000001,Medium Moving,NO
21614,SET OF 12 ROSE BOTANICAL T-LIGHTS,48,141.60000000000002,Slow Moving,NO
21615,4 LAVENDER BOTANICAL DINNER CANDLES,839,1193.75,Medium Moving,YES
21616,4 PEAR BOTANICAL DINNER CANDLES,755,1093.75,Medium Moving,YES
21617,4 LILY  BOTANICAL DINNER CANDLES,470,848.0,Medium Moving,NO
21618,4 WILDFLOWER BOTANICAL CANDLES,301,471.25,Medium Moving,NO
21619,4 VANILLA BOTANICAL CANDLES,896,1247.5,Medium Moving,YES
21620,SET OF 4 ROSE BOTANICAL CANDLES,795,1188.75,Medium Moving,YES
21621,VINTAGE UNION JACK BUNTING,2538,20945.16,Fast Moving,YES
21622,VINTAGE UNION JACK CUSHION COVER,358,1755.3000000000002,Medium Moving,NO
21623,VINTAGE UNION JACK MEMOBOARD,3252,22679.28,Fast Moving,YES
21624,VINTAGE UNION JACK DOORSTOP,203,1184.8500000000001,Medium Moving,NO
21625,VINTAGE UNION JACK APRON,303,2112.3900000000003,Medium Moving,NO
21626,VINTAGE UNION JACK PENNANT,741,1444.95,Medium Moving,YES
21627,ELEPHANT CARNIVAL POUFFE,38,568.0999999999999,Slow Moving,NO
21628,TRIANGULAR POUFFE VINTAGE ,43,605.4499999999999,Slow Moving,NO
21629,SQUARE FLOOR CUSHION VINTAGE RED,51,395.45000000000005,Slow Moving,NO
21630,FLOOR CUSHION ELEPHANT CARNIVAL,54,461.3,Slow Moving,NO
21631,HIPPY CHIC DECORATIVE PARASOL,155,761.85,Slow Moving,NO
21632,VINTAGE PINK DECORATIVE PARASOL,60,237.00000000000003,Slow Moving,NO
21633,SUNFLOWER DECORATIVE PARASOL,87,528.45,Slow Moving,NO
21634,ASSORTED MINI MADRAS NOTEBOOK,948,462.6,Medium Moving,YES
21635,MADRAS NOTEBOOK LARGE ,270,367.5,Medium Moving,NO
21636,MADRAS NOTEBOOK MEDIUM,911,699.45,Medium Moving,YES
21637,ASSORTED SANSKRIT MINI NOTEBOOK,109,136.25,Slow Moving,NO
21638,ASSORTED TUTTI FRUTTI NOTEBOOK,233,489.30000000000007,Medium Moving,NO
21640,ASSORTED TUTTI FRUTTI  FOB NOTEBOOK,529,437.16999999999996,Medium Moving,YES
21641,ASSORTED TUTTI FRUTTI KEYRING BALL,1102,367.97999999999996,Fast Moving,YES
21642,ASSORTED TUTTI FRUTTI PEN,2451,800.9499999999999,Fast Moving,YES
21643,ASSORTED TUTTI FRUTTI MIRROR,490,594.26,Medium Moving,NO
21644,ASSORTED TUTTI FRUTTI HEART BOX,215,268.75,Medium Moving,NO
21647,ASSORTED TUTTI FRUTTI LARGE PURSE,106,222.60000000000002,Slow Moving,NO
21648,ASSORTED TUTTI FRUTTI SMALL PURSE,646,780.14,Medium Moving,YES
21650,ASSORTED TUTTI FRUTTI BRACELET,2197,440.89000000000004,Fast Moving,YES
21651,HANGING GLASS ETCHED TEALIGHT,125,191.84999999999997,Slow Moving,NO
21654,RIDGED GLASS FINGER BOWL,934,427.86,Medium Moving,YES
21655,HANGING RIDGE GLASS T-LIGHT HOLDER,36,60.84,Slow Moving,NO
21656,RIDGED GLASS POSY VASE ,117,169.64999999999998,Slow Moving,NO
21657,MILK BOTTLE WITH GLASS STOPPER ,28,194.60000000000002,Slow Moving,NO
21658,GLASS  BEURRE DISH,770,2862.2200000000003,Medium Moving,YES
21661,VINTAGE GLASS TEA CADDY,3,17.85,Slow Moving,NO
21662,VINTAGE GLASS COFFEE CADDY,74,416.3,Slow Moving,NO
21664,RIDGED GLASS STORAGE JAR CREAM LID,96,342.72,Slow Moving,NO
21666,RIDGED GLASS T-LIGHT HOLDER,384,249.60000000000002,Medium Moving,NO
21667,GLASS CAKE COVER AND PLATE,2,29.9,Slow Moving,NO
21668,RED STRIPE CERAMIC DRAWER KNOB,5001,6177.53,Fast Moving,YES
21669,BLUE STRIPE CERAMIC DRAWER KNOB,4936,6239.4,Fast Moving,YES
21670,BLUE SPOT CERAMIC DRAWER KNOB,3962,4971.22,Fast Moving,YES
21671,RED SPOT CERAMIC DRAWER KNOB,4061,5018.65,Fast Moving,YES
21672,WHITE SPOT RED CERAMIC DRAWER KNOB,4534,5578.14,Fast Moving,YES
21673,WHITE SPOT BLUE CERAMIC DRAWER KNOB,3971,4929.95,Fast Moving,YES
21675,BUTTERFLIES STICKERS,519,442.71,Medium Moving,YES
21676,FLOWERS  STICKERS,211,191.04999999999998,Medium Moving,NO
21677,HEARTS  STICKERS,766,655.0,Medium Moving,YES
21678,PAISLEY PATTERN  STICKERS,104,88.39999999999999,Slow Moving,NO
21679,SKULLS  STICKERS,1054,891.2199999999999,Fast Moving,YES
21680,WOODLAND  STICKERS,804,683.4,Medium Moving,YES
21681,GIANT MEDINA STAMPED METAL BOWL ,2,19.9,Slow Moving,NO
21682,LARGE MEDINA STAMPED METAL BOWL ,177,881.1600000000001,Slow Moving,NO
21683,MEDIUM MEDINA STAMPED METAL BOWL ,297,876.1500000000001,Medium Moving,NO
21684,SMALL MEDINA STAMPED METAL BOWL ,752,565.21,Medium Moving,YES
21686,MEDINA STAMPED METAL STOOL,33,1268.3500000000001,Slow Moving,NO
21688,SILVER PLATE CANDLE BOWL SMALL,316,932.2000000000002,Medium Moving,NO
21689,SILVER VANILLA  FLOWER CANDLE POT,92,345.0,Slow Moving,NO
21690,SILVER  CANDLEPOT JARDIN ,22,82.5,Slow Moving,NO
21692,SILVER LATTICE VANILLA CANDLE POT,17,63.75,Slow Moving,NO
21693,SMALL HAMMERED SILVER CANDLEPOT ,346,1020.7000000000002,Medium Moving,NO
21694,SMALL REGAL  SILVER CANDLEPOT ,303,817.0500000000001,Medium Moving,NO
21695,SMALL SILVER FLOWER CANDLE POT,277,817.1500000000001,Medium Moving,NO
21696,SMALL SILVER TRELLIS CANDLEPOT,220,649.0000000000001,Medium Moving,NO
21698,MOCK LOBSTER FRIDGE MAGNET,266,116.62,Medium Moving,NO
21700,BIG DOUGHNUT FRIDGE MAGNETS,1266,1076.1,Fast Moving,YES
21703,BAG 125g SWIRLY MARBLES,9272,3431.35,Fast Moving,YES
21704,BAG 250g SWIRLY MARBLES,5004,3856.3799999999997,Fast Moving,YES
21705,BAG 500g SWIRLY MARBLES,1377,1299.2099999999998,Fast Moving,YES
21706,FOLDING UMBRELLA RED/WHITE POLKADOT,228,1129.63,Medium Moving,NO
21707,FOLDING UMBRELLA BLACKBLUE POLKADOT,120,601.22,Slow Moving,NO
21708,FOLDING UMBRELLA CREAM POLKADOT,138,677.5,Slow Moving,NO
21709,FOLDING UMBRELLA CHOCOLATE POLKADOT,87,430.06,Slow Moving,NO
21710,FOLDING UMBRELLA PINKWHITE POLKADOT,84,412.41,Slow Moving,NO
21711,FOLDING UMBRELLA WHITE/RED POLKADOT,86,420.1,Slow Moving,NO
21713,CITRONELLA CANDLE FLOWERPOT,692,1429.2,Medium Moving,YES
21714,CITRONELLA CANDLE GARDEN POT,1079,1348.75,Fast Moving,YES
21715,GIRLS VINTAGE TIN SEASIDE BUCKET,1141,2736.75,Fast Moving,YES
21716,BOYS VINTAGE TIN SEASIDE BUCKET,1190,2880.92,Fast Moving,YES
21717,EASTER TIN BUCKET,405,931.95,Medium Moving,NO
21718,RED METAL BEACH SPADE ,1288,1612.42,Fast Moving,YES
21719,LOVELY BONBON STICKER SHEET,301,255.85,Medium Moving,NO
21720,CAKE SHOP  STICKER SHEET,57,48.449999999999996,Slow Moving,NO
21721,CANDY SHOP  STICKER SHEET,175,148.75,Slow Moving,NO
21722,SWEET PUDDING STICKER SHEET,65,55.24999999999999,Slow Moving,NO
21723,ALPHABET HEARTS STICKER SHEET,367,311.95,Medium Moving,NO
21724,PANDA AND BUNNIES STICKER SHEET,372,316.2,Medium Moving,NO
21725,SWEETIES  STICKERS,274,232.89999999999998,Medium Moving,NO
21726,MULTI HEARTS  STICKERS,231,196.35,Medium Moving,NO
21730,GLASS STAR FROSTED T-LIGHT HOLDER,497,2319.19,Medium Moving,NO
21731,RED TOADSTOOL LED NIGHT LIGHT,12863,19831.71,Fast Moving,YES
21733,RED HANGING HEART T-LIGHT HOLDER,7749,22595.190000000002,Fast Moving,YES
21735,TWO DOOR CURIO CABINET,210,2551.95,Medium Moving,NO
21736,GOLD SCROLL GLASS T-LIGHT HOLDER,80,137.22000000000003,Slow Moving,NO
21738,COSY SLIPPER SHOES SMALL  RED ,43,126.85000000000001,Slow Moving,NO
21739,COSY SLIPPER SHOES SMALL GREEN,141,411.54,Slow Moving,NO
21741,COSY SLIPPER SHOES LARGE GREEN,131,386.45000000000005,Slow Moving,NO
21742,LARGE ROUND WICKER PLATTER ,192,1142.4,Slow Moving,NO
21743,STAR PORTABLE TABLE LIGHT ,274,750.7,Medium Moving,NO
21744,SNOWFLAKE PORTABLE TABLE LIGHT ,365,1122.19,Medium Moving,NO
21745,GAOLERS KEYS DECORATIVE GARDEN ,926,3400.94,Medium Moving,YES
21746,SMALL RED RETROSPOT WINDMILL,2974,3521.7000000000003,Fast Moving,YES
21747,SMALL SKULL WINDMILL,437,527.53,Medium Moving,NO
21749,LARGE RED RETROSPOT WINDMILL,1900,3645.0000000000005,Fast Moving,YES
21750,LARGE SKULL WINDMILL,77,161.70000000000002,Slow Moving,NO
21754,HOME BUILDING BLOCK WORD,2633,15504.51,Fast Moving,YES
21755,LOVE BUILDING BLOCK WORD,1923,11398.710000000001,Fast Moving,YES
21756,BATH BUILDING BLOCK WORD,778,4644.530000000001,Medium Moving,YES
21757,LIGHTHOUSE PRINTED METAL SIGN,6,29.700000000000003,Slow Moving,NO
21758,VINTAGE SHELLS PRINT,32,202.4,Slow Moving,NO
21761,WOOD AND GLASS MEDICINE CABINET,10,299.5,Slow Moving,NO
21763,VINTAGE WOODEN BAR STOOL,6,169.75,Slow Moving,NO
21769,VINTAGE POST OFFICE CABINET,11,607.6500000000001,Slow Moving,NO
21770,OPEN CLOSED METAL SIGN,1574,7296.51,Fast Moving,YES
21773,DECORATIVE ROSE BATHROOM BOTTLE,920,693.52,Medium Moving,YES
21774,DECORATIVE CATS BATHROOM BOTTLE,835,647.03,Medium Moving,YES
21775,DECORATIVE FLORE BATHROOM BOTTLE,283,313.91,Medium Moving,NO
21777,RECIPE BOX WITH METAL HEART,7,55.65,Slow Moving,NO
21781,MA CAMPAGNE CUTLERY BOX,137,1997.55,Slow Moving,NO
21784,SHOE SHINE BOX ,51,507.44999999999993,Slow Moving,NO
21785,RAIN PONCHO ,410,267.1,Medium Moving,NO
21786,POLKADOT RAIN HAT ,1586,629.89,Fast Moving,YES
21787,RAIN PONCHO RETROSPOT,8752,6962.08,Fast Moving,YES
21788,KIDS RAIN MAC BLUE,1199,933.53,Fast Moving,YES
21789,KIDS RAIN MAC PINK,796,672.5799999999999,Medium Moving,YES
21790,VINTAGE SNAP CARDS,13329,10441.47,Fast Moving,YES
21791,VINTAGE HEADS AND TAILS CARD GAME ,7118,8500.16,Fast Moving,YES
21792,CLASSIC FRENCH STYLE BASKET GREEN ,331,1388.65,Medium Moving,NO
21793,CLASSIC FRENCH STYLE BASKET BROWN,296,1240.44,Medium Moving,NO
21794,CLASSIC FRENCH STYLE BASKET NATURAL,501,2064.4700000000003,Medium Moving,YES
21801,CHRISTMAS TREE DECORATION WITH BELL,457,191.94,Medium Moving,NO
21802,CHRISTMAS TREE HEART DECORATION,997,418.74,Medium Moving,YES
21803,CHRISTMAS TREE STAR DECORATION,1101,462.41999999999996,Fast Moving,YES
21804,WHITE CHRISTMAS GARLAND STARS TREES,178,656.7,Slow Moving,NO
21807,WHITE CHRISTMAS STAR DECORATION,414,173.88,Medium Moving,NO
21808,"CHRISTMAS GARLAND STARS,TREES",99,366.25,Slow Moving,NO
21809,CHRISTMAS HANGING TREE WITH BELL,1857,993.66,Fast Moving,YES
21810,CHRISTMAS HANGING STAR WITH BELL,5200,2402.12,Fast Moving,YES
21811,CHRISTMAS HANGING HEART WITH BELL,216,270.0,Medium Moving,NO
21811,HANGING HEART WITH BELL,4112,1906.58,Fast Moving,YES
21812,GARLAND WITH HEARTS AND BELLS,217,1032.15,Medium Moving,NO
21813,GARLAND WITH STARS AND BELLS,250,1187.1000000000001,Medium Moving,NO
21814,HEART T-LIGHT HOLDER ,71,102.95,Slow Moving,NO
21815,STAR  T-LIGHT HOLDER ,131,189.95,Slow Moving,NO
21816,CHRISTMAS TREE T-LIGHT HOLDER,33,47.849999999999994,Slow Moving,NO
21817,GLITTER CHRISTMAS TREE,902,405.14000000000004,Medium Moving,YES
21818,GLITTER CHRISTMAS HEART ,262,222.7,Medium Moving,NO
21818,GLITTER HEART DECORATION,2434,1056.3400000000001,Fast Moving,YES
21819,GLITTER CHRISTMAS STAR ,2462,1053.46,Fast Moving,YES
21820,GLITTER HEART GARLAND WITH BELLS ,288,1068.59,Medium Moving,NO
21821,GLITTER STAR GARLAND WITH BELLS ,223,825.45,Medium Moving,NO
21822,GLITTER CHRISTMAS TREE WITH BELLS,573,527.65,Medium Moving,YES
21823,PAINTED METAL HEART WITH HOLLY BELL,1195,687.5899999999999,Fast Moving,YES
21824,PAINTED METAL STAR WITH HOLLY BELLS,1449,697.61,Fast Moving,YES
21826,EIGHT PIECE DINOSAUR SET,92,115.0,Slow Moving,NO
21827,EIGHT PIECE CREEPY CRAWLIE SET,6,7.5,Slow Moving,NO
21828,EIGHT PIECE SNAKE  SET,311,388.75,Medium Moving,NO
21829,DINOSAUR KEYRINGS ASSORTED,6354,1310.25,Fast Moving,YES
21830,ASSORTED CREEPY CRAWLIES,2551,1073.47,Fast Moving,YES
21832,CHOCOLATE CALCULATOR,779,1296.83,Medium Moving,YES
21833,CAMOUFLAGE LED TORCH,2628,4278.12,Fast Moving,YES
21836,GINGHAM OVEN GLOVE RED HEART ,3,11.25,Slow Moving,NO
21839,MUMMY MOUSE RED GINGHAM RIBBON,1,5.45,Slow Moving,NO
21841,BABY MOUSE RED GINGHAM DRESS,72,306.0,Slow Moving,NO
21843,RED RETROSPOT CAKE STAND,1808,17918.8,Fast Moving,YES
21844,RED RETROSPOT MUG,1813,4969.150000000001,Fast Moving,YES
21845,DAIRY MAID STRIPE MUG,1906,1720.3000000000002,Fast Moving,YES
21846,PINK DIAMANTE PEN IN GIFT BOX,72,365.62,Slow Moving,NO
21847,GREEN  DIAMANTE PEN IN GIFT BOX,9,44.550000000000004,Slow Moving,NO
21849,SILVER DIAMANTE PEN IN GIFT BOX,50,250.84000000000003,Slow Moving,NO
21850,BLUE  DIAMANTE PEN IN GIFT BOX,60,271.8,Slow Moving,NO
21851,LILAC DIAMANTE PEN IN GIFT BOX,26,138.72,Slow Moving,NO
21864,UNION JACK FLAG PASSPORT COVER ,609,1190.3400000000001,Medium Moving,YES
21865,PINK UNION JACK  PASSPORT COVER ,220,457.08000000000004,Medium Moving,NO
21866,UNION JACK FLAG LUGGAGE TAG,534,666.71,Medium Moving,YES
21867,PINK UNION JACK  LUGGAGE TAG,261,330.02,Medium Moving,NO
21868,POTTING SHED TEA MUG,2344,2924.48,Fast Moving,YES
21870,I CAN ONLY PLEASE ONE PERSON MUG,1349,1658.89,Fast Moving,YES
21871,SAVE THE PLANET MUG,5264,6150.13,Fast Moving,YES
21872,GLAMOROUS  MUG,1265,1365.73,Fast Moving,YES
21873,IF YOU CAN'T STAND THE HEAT MUG,1583,1748.59,Fast Moving,YES
21874,GIN AND TONIC MUG,2845,3715.6099999999997,Fast Moving,YES
21875,KINGS CHOICE MUG,2000,2249.56,Fast Moving,YES
21876,POTTERING MUG,3541,4049.61,Fast Moving,YES
21877,HOME SWEET HOME MUG,5340,6698.56,Fast Moving,YES
21878,PACK OF 6 SANDCASTLE FLAGS ASSORTED,2396,1972.8999999999999,Fast Moving,YES
21879,HEARTS GIFT TAPE,1025,301.93,Fast Moving,YES
21880,RED RETROSPOT TAPE,1458,668.94,Fast Moving,YES
21881,CUTE CATS TAPE,975,315.55,Medium Moving,YES
21882,SKULLS TAPE,598,189.98000000000002,Medium Moving,YES
21883,STARS GIFT TAPE ,1368,581.0600000000001,Fast Moving,YES
21884,CAKES AND BOWS GIFT  TAPE,1017,318.81,Fast Moving,YES
21888,BINGO SET,1551,5718.21,Fast Moving,YES
21889,WOODEN BOX OF DOMINOES,5766,7200.95,Fast Moving,YES
21890,S/6 WOODEN SKITTLES IN COTTON BAG,1070,3247.16,Fast Moving,YES
21891,TRADITIONAL WOODEN SKIPPING ROPE,7904,9998.32,Fast Moving,YES
21892,TRADITIONAL WOODEN CATCH CUP GAME ,2910,3651.75,Fast Moving,YES
21894,POTTING SHED SEED ENVELOPES,471,604.48,Medium Moving,NO
21895,POTTING SHED SOW 'N' GROW SET,1,4.25,Slow Moving,NO
21896,POTTING SHED TWINE,946,2152.2000000000003,Medium Moving,YES
21897,POTTING SHED CANDLE CITRONELLA,402,1250.82,Medium Moving,NO
21898,POTTING SHED ROSE CANDLE,445,1423.03,Medium Moving,NO
21899,GARAGE KEY FOB,730,489.20000000000005,Medium Moving,YES
21899,"KEY FOB , GARAGE DESIGN",1870,1140.6200000000001,Fast Moving,YES
21900,"KEY FOB , SHED",3081,1959.13,Fast Moving,YES
21901,"KEY FOB , BACK DOOR ",1742,1140.26,Fast Moving,YES
21902,"KEY FOB , FRONT  DOOR ",1902,1168.2800000000002,Fast Moving,YES
21903,MAN FLU METAL SIGN,1127,2356.38,Fast Moving,YES
21904,HOUSE WRECKING METAL SIGN ,50,105.0,Slow Moving,NO
21905,MORE BUTTER METAL SIGN ,684,705.3100000000001,Medium Moving,YES
21906,PHARMACIE FIRST AID TIN,483,3220.81,Medium Moving,NO
21907,I'M ON HOLIDAY METAL SIGN,2292,4757.35,Fast Moving,YES
21908,CHOCOLATE THIS WAY METAL SIGN,3633,7204.320000000001,Fast Moving,YES
21910,WAY OUT METAL SIGN ,36,59.39999999999999,Slow Moving,NO
21911,GARDEN METAL SIGN ,105,173.24999999999997,Slow Moving,NO
21912,VINTAGE SNAKES & LADDERS,1571,5508.53,Fast Moving,YES
21913,VINTAGE SEASIDE JIGSAW PUZZLES,305,1142.53,Medium Moving,NO
21914,BLUE HARMONICA IN BOX ,7431,9218.88,Fast Moving,YES
21915,RED  HARMONICA IN BOX ,20945,23756.43,Fast Moving,YES
21916,SET 12 RETRO WHITE CHALK STICKS,4362,1771.12,Fast Moving,YES
21917,SET 12 KIDS  WHITE CHALK STICKS,4090,1651.14,Fast Moving,YES
21918,SET 12 KIDS COLOUR  CHALK STICKS,7012,2814.2799999999997,Fast Moving,YES
21922,UNION STRIPE WITH FRINGE  HAMMOCK,758,5674.14,Medium Moving,YES
21925,UNION STRIPE CUSHION COVER ,403,503.75,Medium Moving,NO
21926,RED/CREAM STRIPE CUSHION COVER ,414,509.9,Medium Moving,NO
21927,BLUE/CREAM STRIPE CUSHION COVER ,622,769.9,Medium Moving,YES
21928,JUMBO BAG SCANDINAVIAN BLUE PAISLEY,7754,14626.73,Fast Moving,YES
21928,JUMBO BAG SCANDINAVIAN PAISLEY,1945,3426.75,Fast Moving,YES
21929,JUMBO BAG PINK VINTAGE PAISLEY,9888,18427.9,Fast Moving,YES
21930,JUMBO STORAGE BAG SKULLS,5694,10865.83,Fast Moving,YES
21931,JUMBO STORAGE BAG SUKI,11513,21784.84,Fast Moving,YES
21932,SCANDINAVIAN PAISLEY PICNIC BAG,2463,4357.06,Fast Moving,YES
21933,PINK VINTAGE PAISLEY PICNIC BAG,2406,4289.26,Fast Moving,YES
21934,SKULL SHOULDER BAG,1288,2081.2,Fast Moving,YES
21935,SUKI  SHOULDER BAG,1763,2824.37,Fast Moving,YES
21936,RED RETROSPOT PICNIC BAG,3756,10365.76,Fast Moving,YES
21937,STRAWBERRY   PICNIC BAG,1590,4430.5,Fast Moving,YES
21942,SKULLS DESIGN FLANNEL,161,134.54999999999998,Slow Moving,NO
21943,CAKES AND RABBITS DESIGN FLANNEL ,57,48.449999999999996,Slow Moving,NO
21944,KITTENS DESIGN FLANNEL,232,177.88,Medium Moving,NO
21945,STRAWBERRIES  DESIGN FLANNEL ,225,190.79,Medium Moving,NO
21946,PARTY TIME DESIGN FLANNEL,72,58.9,Slow Moving,NO
21947,SET OF 6 HEART CHOPSTICKS,594,741.48,Medium Moving,YES
21948,SET OF 6 CAKE CHOPSTICKS,417,541.82,Medium Moving,NO
21949,SET OF 6 STRAWBERRY CHOPSTICKS,613,725.49,Medium Moving,YES
21955,DOORMAT UNION JACK GUNS AND ROSES,1157,6619.41,Fast Moving,YES
21967,PACK OF 12 SKULL TISSUES,5162,1504.9799999999998,Fast Moving,YES
21972,SET OF 36 DINOSAUR PAPER DOILIES,292,423.4,Medium Moving,NO
21973,SET OF 36 MUSHROOM PAPER DOILIES,159,230.54999999999998,Slow Moving,NO
21974,SET OF 36 PAISLEY FLOWER DOILIES,2036,2942.5099999999998,Fast Moving,YES
21975,PACK OF 60 DINOSAUR CAKE CASES,12106,5919.280000000001,Fast Moving,YES
21976,PACK OF 60 MUSHROOM CAKE CASES,4936,2496.08,Fast Moving,YES
21977,PACK OF 60 PINK PAISLEY CAKE CASES,24230,11611.0,Fast Moving,YES
21980,PACK OF 12 RED RETROSPOT TISSUES ,6521,2002.7299999999998,Fast Moving,YES
21981,PACK OF 12 WOODLAND TISSUES ,5281,1508.87,Fast Moving,YES
21982,PACK OF 12 SUKI TISSUES ,6907,1995.05,Fast Moving,YES
21983,PACK OF 12 BLUE PAISLEY TISSUES ,2223,712.7299999999999,Fast Moving,YES
21984,PACK OF 12 PINK PAISLEY TISSUES ,3294,999.5999999999999,Fast Moving,YES
21985,PACK OF 12 HEARTS DESIGN TISSUES ,8541,2542.17,Fast Moving,YES
21986,PACK OF 12 PINK POLKADOT TISSUES,3985,1129.79,Fast Moving,YES
21987,PACK OF 6 SKULL PAPER CUPS,2050,1254.74,Fast Moving,YES
21988,PACK OF 6 SKULL PAPER PLATES,2194,1663.3,Fast Moving,YES
21989,PACK OF 20 SKULL PAPER NAPKINS,2065,1672.6899999999998,Fast Moving,YES
21990,MODERN FLORAL STATIONERY SET,1212,1734.6,Fast Moving,YES
21991,BOHEMIAN COLLAGE STATIONERY SET,471,675.53,Medium Moving,NO
21992,VINTAGE PAISLEY STATIONERY SET,1151,1640.29,Fast Moving,YES
21993,FLORAL FOLK STATIONERY SET,1360,1927.3500000000001,Fast Moving,YES
22021,BLUE FELT EASTER EGG BASKET,350,577.4999999999999,Medium Moving,NO
22023,EMPIRE BIRTHDAY CARD,1131,476.25,Fast Moving,YES
22024,RAINY LADIES BIRTHDAY CARD,2280,918.91,Fast Moving,YES
22025,RING OF ROSES BIRTHDAY CARD,1764,702.0,Fast Moving,YES
22026,BANQUET BIRTHDAY  CARD  ,1560,642.24,Fast Moving,YES
22027,TEA PARTY BIRTHDAY CARD,4141,1692.71,Fast Moving,YES
22028,PENNY FARTHING BIRTHDAY CARD,2903,1198.45,Fast Moving,YES
22029,SPACEBOY BIRTHDAY CARD,7834,3120.14,Fast Moving,YES
22030,SWALLOWS GREETING CARD,5337,2120.55,Fast Moving,YES
22031,BOTANICAL LAVENDER BIRTHDAY CARD,363,158.61,Medium Moving,NO
22032,BOTANICAL LILY GREETING CARD,361,151.62,Medium Moving,NO
22033,BOTANICAL ROSE GREETING CARD,336,141.12,Medium Moving,NO
22034,ROBIN CHRISTMAS CARD,3,1.26,Slow Moving,NO
22035,VINTAGE CARAVAN GREETING CARD ,1394,569.02,Fast Moving,YES
22037,ROBOT BIRTHDAY CARD,3747,1552.96,Fast Moving,YES
22038,BOTANICAL LAVENDER GIFT WRAP ,475,199.5,Medium Moving,NO
22039,BOTANICAL LILY GIFT WRAP,250,105.0,Medium Moving,NO
22040,BOTANICAL ROSE GIFT WRAP,725,304.5,Medium Moving,YES
22041,"RECORD FRAME 7"" SINGLE SIZE ",3812,8450.82,Fast Moving,YES
22042,CHRISTMAS CARD SINGING ANGEL,360,151.2,Medium Moving,NO
22043,CHRISTMAS CARD SCREEN PRINT ,1188,283.32,Fast Moving,YES
22044,CHRISTMAS CARD STACK OF PRESENTS,816,196.44,Medium Moving,YES
22045,SPACEBOY GIFT WRAP,6477,2652.34,Fast Moving,YES
22046,TEA PARTY  WRAPPING PAPER ,2250,929.0,Fast Moving,YES
22047,EMPIRE GIFT WRAP,3350,1363.0,Fast Moving,YES
22048,BIRTHDAY BANQUET GIFT WRAP,975,393.5,Medium Moving,YES
22049,WRAP CHRISTMAS SCREEN PRINT,1000,270.5,Fast Moving,YES
22050,PINK PAISLEY ROSE GIFT WRAP,1225,498.5,Fast Moving,YES
22051,BLUE SCANDINAVIAN PAISLEY WRAP,975,409.5,Medium Moving,YES
22052,VINTAGE CARAVAN GIFT WRAP,571,239.82,Medium Moving,YES
22053,EMPIRE DESIGN ROSETTE,4236,3596.4199999999996,Fast Moving,YES
22055,MINI CAKE STAND  HANGING STRAWBERY,1246,1661.78,Fast Moving,YES
22057,CERAMIC PLATE STRAWBERRY DESIGN,578,648.18,Medium Moving,YES
22059,CERAMIC STRAWBERRY DESIGN MUG,1739,1960.47,Fast Moving,YES
22060,LARGE CAKE STAND HANGING HEARTS,231,1111.05,Medium Moving,NO
22061,LARGE CAKE STAND  HANGING STRAWBERY,564,3854.68,Medium Moving,YES
22062,CERAMIC BOWL WITH LOVE HEART DESIGN,554,599.74,Medium Moving,YES
22063,CERAMIC BOWL WITH STRAWBERRY DESIGN,537,1106.5500000000002,Medium Moving,YES
22064,PINK DOUGHNUT TRINKET POT ,1602,2132.7,Fast Moving,YES
22065,CHRISTMAS PUDDING TRINKET POT ,6418,2883.44,Fast Moving,YES
22066,LOVE HEART TRINKET POT,2232,1029.1399999999999,Fast Moving,YES
22067,CHOC TRUFFLE GOLD TRINKET POT ,385,562.53,Medium Moving,NO
22068,BLACK PIRATE TREASURE CHEST,432,502.37999999999994,Medium Moving,NO
22069,BROWN  PIRATE TREASURE CHEST ,218,237.47999999999996,Medium Moving,NO
22070,SMALL RED RETROSPOT MUG IN BOX ,873,2030.68,Medium Moving,YES
22071,SMALL WHITE RETROSPOT MUG IN BOX ,710,1295.04,Medium Moving,YES
22072,RED RETROSPOT TEA CUP AND SAUCER ,807,2519.19,Medium Moving,YES
22073,RED RETROSPOT STORAGE JAR,298,1067.1,Medium Moving,NO
22074,6 RIBBONS SHIMMERING PINKS ,1000,772.9399999999999,Fast Moving,YES
22075,6 RIBBONS ELEGANT CHRISTMAS ,1538,2004.9199999999998,Fast Moving,YES
22076,6 RIBBONS EMPIRE  ,1034,1302.7199999999998,Fast Moving,YES
22077,6 RIBBONS RUSTIC CHARM,8594,14969.839999999998,Fast Moving,YES
22078,RIBBON REEL LACE DESIGN ,1288,2584.8,Fast Moving,YES
22079,RIBBON REEL HEARTS DESIGN ,1701,2808.89,Fast Moving,YES
22080,RIBBON REEL POLKADOTS ,1167,1877.55,Fast Moving,YES
22081,RIBBON REEL FLORA + FAUNA ,585,978.37,Medium Moving,YES
22082,RIBBON REEL STRIPES DESIGN ,2525,4154.33,Fast Moving,YES
22083,PAPER CHAIN KIT RETROSPOT,4265,11935.310000000001,Fast Moving,YES
22084,PAPER CHAIN KIT EMPIRE,4885,13411.550000000001,Fast Moving,YES
22085,PAPER CHAIN KIT SKULLS ,507,1415.65,Medium Moving,YES
22086,PAPER CHAIN KIT 50'S CHRISTMAS ,15591,42584.130000000005,Fast Moving,YES
22087,PAPER BUNTING WHITE LACE,3772,10243.400000000001,Fast Moving,YES
22088,PAPER BUNTING COLOURED LACE,1698,4683.1,Fast Moving,YES
22089,PAPER BUNTING VINTAGE PAISLEY,1189,3395.55,Fast Moving,YES
22090,PAPER BUNTING RETROSPOT,6877,18785.99,Fast Moving,YES
22091,EMPIRE TISSUE BOX,1937,919.6700000000001,Fast Moving,YES
22092,BLUE PAISLEY TISSUE BOX,666,311.56,Medium Moving,YES
22093,MOTORING TISSUE BOX,1823,804.8100000000001,Fast Moving,YES
22094,RED RETROSPOT TISSUE BOX,2081,930.0400000000001,Fast Moving,YES
22095,LADS ONLY TISSUE BOX,1571,1427.59,Fast Moving,YES
22096,PINK PAISLEY SQUARE TISSUE BOX ,1357,561.75,Fast Moving,YES
22097,SWALLOW SQUARE TISSUE BOX,1577,685.5500000000001,Fast Moving,YES
22098,BOUDOIR SQUARE TISSUE BOX,1955,910.08,Fast Moving,YES
22099,CARAVAN SQUARE TISSUE BOX,1399,703.57,Fast Moving,YES
22100,SKULLS SQUARE TISSUE BOX,727,304.17,Medium Moving,YES
22101,MIRROR MOSAIC VOTIVE HOLDER,837,631.62,Medium Moving,YES
22102,MIRROR MOSAIC T-LIGHT HOLDER ,1533,715.05,Fast Moving,YES
22103,MIRROR MOSAIC T-LIGHT HOLDER ROUND,1153,694.29,Fast Moving,YES
22104,MIRROR MOSAIC CANDLE PLATE,151,120.07,Slow Moving,NO
22105,MIRROR MOSAIC GOBLET CANDLE HOLDER,506,566.5,Medium Moving,YES
22106,MIRROR MOSAIC HURRICANE LAMP ,286,584.9,Medium Moving,NO
22107,PIZZA PLATE IN BOX,291,962.48,Medium Moving,NO
22108,PING! MICROWAVE PLATE,101,246.53,Slow Moving,NO
22109,FULL ENGLISH BREAKFAST PLATE,1381,4985.55,Fast Moving,YES
22110,BIRD HOUSE HOT WATER BOTTLE,617,1562.06,Medium Moving,YES
22111,SCOTTIE DOG HOT WATER BOTTLE,4248,20049.9,Fast Moving,YES
22112,CHOCOLATE HOT WATER BOTTLE,5152,23584.64,Fast Moving,YES
22113,GREY HEART HOT WATER BOTTLE,3145,12148.9,Fast Moving,YES
22114,HOT WATER BOTTLE TEA AND SYMPATHY,3729,15386.07,Fast Moving,YES
22115,METAL SIGN EMPIRE TEA,1495,1706.8100000000002,Fast Moving,YES
22116,METAL SIGN HIS DINNER IS SERVED,505,493.39000000000004,Medium Moving,YES
22117,METAL SIGN HER DINNER IS SERVED ,1290,3802.5,Fast Moving,YES
22118,JOY WOODEN BLOCK LETTERS,217,742.63,Medium Moving,NO
22119,PEACE WOODEN BLOCK LETTERS,342,1699.66,Medium Moving,NO
22120,WELCOME  WOODEN BLOCK LETTERS,502,4826.67,Medium Moving,YES
22121,NOEL WOODEN BLOCK LETTERS ,332,1924.94,Medium Moving,NO
22123,PING MICROWAVE APRON,442,793.5999999999999,Medium Moving,NO
22124,SET OF 2 TEA TOWELS PING MICROWAVE,78,127.42,Slow Moving,NO
22125,UNION JACK HOT WATER BOTTLE ,4,23.8,Slow Moving,NO
22127,PARTY CONES CARNIVAL ASSORTED,402,479.7,Medium Moving,NO
22128,PARTY CONES CANDY ASSORTED,1729,2042.69,Fast Moving,YES
22129,PARTY CONES CANDY DECORATION,296,233.27999999999997,Medium Moving,NO
22129,PARTY CONES CANDY TREE DECORATION,690,552.18,Medium Moving,YES
22130,PARTY CONE CHRISTMAS DECORATION ,1505,1260.53,Fast Moving,YES
22131,FOOD CONTAINER SET 3 LOVE HEART ,1884,3358.72,Fast Moving,YES
22132,RED LOVE HEART SHAPE CUP,935,772.91,Medium Moving,YES
22133,PINK LOVE HEART SHAPE CUP,702,585.78,Medium Moving,YES
22134,LADLE LOVE HEART RED ,6,2.52,Slow Moving,NO
22134,MINI LADLE LOVE HEART RED ,630,252.24,Medium Moving,YES
22135,LADLE LOVE HEART PINK,19,7.98,Slow Moving,NO
22135,MINI LADLE LOVE HEART PINK,242,106.56,Medium Moving,NO
22136,LOVE HEART SOCK HANGER,333,530.25,Medium Moving,NO
22137,BATHROOM SET LOVE HEART DESIGN,68,191.0,Slow Moving,NO
22138,BAKING SET 9 PIECE RETROSPOT ,4786,22953.100000000002,Fast Moving,YES
22139,RETROSPOT TEA SET CERAMIC 11 PC ,4239,20426.23,Fast Moving,YES
22141,CHRISTMAS CRAFT TREE TOP ANGEL,2443,5015.080000000001,Fast Moving,YES
22142,CHRISTMAS CRAFT WHITE FAIRY ,3070,4334.94,Fast Moving,YES
22144,CHRISTMAS CRAFT LITTLE FRIENDS,3459,7109.200000000001,Fast Moving,YES
22145,CHRISTMAS CRAFT HEART STOCKING ,30,63.0,Slow Moving,NO
22146,EASTER CRAFT IVY WREATH WITH CHICK,1,1.95,Slow Moving,NO
22147,FELTCRAFT BUTTERFLY HEARTS,6123,8308.75,Fast Moving,YES
22148,EASTER CRAFT 4 CHICKS ,1813,3355.35,Fast Moving,YES
22149,FELTCRAFT 6 FLOWER FRIENDS,5882,11549.59,Fast Moving,YES
22150,3 STRIPEY MICE FELTCRAFT,2914,5460.5,Fast Moving,YES
22151,PLACE SETTING WHITE HEART,14853,5912.19,Fast Moving,YES
22152,PLACE SETTING WHITE STAR,2350,967.13,Fast Moving,YES
22153,ANGEL DECORATION STARS ON DRESS,2399,987.42,Fast Moving,YES
22154,ANGEL DECORATION 3 BUTTONS ,3528,1455.84,Fast Moving,YES
22155,STAR DECORATION RUSTIC,2201,924.42,Fast Moving,YES
22156,HEART DECORATION WITH PEARLS ,1873,1586.4599999999998,Fast Moving,YES
22157,ANGEL DECORATION WITH LACE PADDED,212,180.2,Medium Moving,NO
22158,3 HEARTS HANGING DECORATION RUSTIC,2845,8013.71,Fast Moving,YES
22161,HEART DECORATION RUSTIC HANGING ,4138,855.9200000000001,Fast Moving,YES
22162,HEART GARLAND RUSTIC PADDED,106,312.7,Slow Moving,NO
22163,HEART STRING MEMO HOLDER HANGING,626,580.94,Medium Moving,YES
22164,STRING OF STARS CARD HOLDER,71,209.45000000000005,Slow Moving,NO
22165,"DIAMANTE HEART SHAPED WALL MIRROR, ",267,1490.65,Medium Moving,NO
22166,WALL MIRROR RECTANGLE DIAMANTE PINK,122,489.9000000000001,Slow Moving,NO
22167, OVAL WALL MIRROR DIAMANTE ,120,1050.0,Slow Moving,NO
22168,ORGANISER WOOD ANTIQUE WHITE ,139,1171.3,Slow Moving,NO
22169,FAMILY ALBUM WHITE PICTURE FRAME,1074,8408.14,Fast Moving,YES
22170,PICTURE FRAME WOOD TRIPLE PORTRAIT,1023,6378.150000000001,Fast Moving,YES
22171,3 HOOK PHOTO SHELF ANTIQUE WHITE,1706,12160.08,Fast Moving,YES
22173,METAL 4 HOOK HANGER FRENCH CHATEAU,2149,6267.39,Fast Moving,YES
22174,PHOTO CUBE,2667,3997.91,Fast Moving,YES
22175,PINK OWL SOFT TOY,839,2379.05,Medium Moving,YES
22176,BLUE OWL SOFT TOY,488,1420.4,Medium Moving,NO
22178,VICTORIAN GLASS HANGING T-LIGHT,22404,28735.36,Fast Moving,YES
22179,SET 10 LIGHTS NIGHT OWL,407,2593.65,Medium Moving,NO
22179,SET 10 NIGHT OWL LIGHTS,388,2510.34,Medium Moving,NO
22180,RETROSPOT LAMP,299,2922.85,Medium Moving,NO
22181,SNOWSTORM PHOTO FRAME FRIDGE MAGNET,577,477.96999999999997,Medium Moving,YES
22182,CAKE STAND VICTORIAN FILIGREE SMALL,204,713.8000000000001,Medium Moving,NO
22183,CAKE STAND VICTORIAN FILIGREE MED,74,466.95000000000005,Slow Moving,NO
22184,CAKE STAND VICTORIAN FILIGREE LARGE,8,68.0,Slow Moving,NO
22185,SLATE TILE NATURAL HANGING,1390,1974.1999999999998,Fast Moving,YES
22186,RED STAR CARD HOLDER,801,1723.79,Medium Moving,YES
22187,GREEN CHRISTMAS TREE CARD HOLDER,1183,2562.27,Fast Moving,YES
22188,BLACK HEART CARD HOLDER,4843,12257.95,Fast Moving,YES
22189,CREAM HEART CARD HOLDER,8188,22687.920000000002,Fast Moving,YES
22190,LOCAL CAFE MUG,566,785.13,Medium Moving,YES
22191,IVORY DINER WALL CLOCK,1419,11527.7,Fast Moving,YES
22192,BLUE DINER WALL CLOCK,907,7528.93,Medium Moving,YES
22193,RED DINER WALL CLOCK,1349,11048.890000000001,Fast Moving,YES
22194,BLACK DINER WALL CLOCK,53,450.5,Slow Moving,NO
22195,LARGE HEART MEASURING SPOONS,1696,2836.9199999999996,Fast Moving,YES
22196,SMALL HEART MEASURING SPOONS,2379,2008.6299999999999,Fast Moving,YES
22197,POPCORN HOLDER,30919,23417.51,Fast Moving,YES
22197,SMALL POPCORN HOLDER,18241,13789.369999999999,Fast Moving,YES
22198,LARGE POPCORN HOLDER ,873,1370.4499999999998,Medium Moving,YES
22199,FRYING PAN RED POLKADOT ,1,4.25,Slow Moving,NO
22199,FRYING PAN RED RETROSPOT,382,1323.0,Medium Moving,NO
22200,FRYING PAN PINK POLKADOT,326,1209.54,Medium Moving,NO
22201,FRYING PAN BLUE POLKADOT,108,366.0,Slow Moving,NO
22202,MILK PAN PINK POLKADOT,39,146.25,Slow Moving,NO
22203,MILK PAN RED RETROSPOT,310,996.13,Medium Moving,NO
22204,MILK PAN BLUE POLKADOT,96,302.5,Slow Moving,NO
22207,FRYING PAN UNION FLAG,1199,4727.11,Fast Moving,YES
22208,WOOD STAMP SET THANK YOU,1283,1229.12,Fast Moving,YES
22209,WOOD STAMP SET HAPPY BIRTHDAY,820,798.67,Medium Moving,YES
22210,WOOD STAMP SET BEST WISHES,912,820.91,Medium Moving,YES
22211,WOOD STAMP SET FLOWERS,782,806.7299999999999,Medium Moving,YES
22212,FOUR HOOK  WHITE LOVEBIRDS,1416,2904.8700000000003,Fast Moving,YES
22214,CANDLE PLATE LACE WHITE,114,246.7,Slow Moving,NO
22215,CAKE STAND WHITE TWO TIER LACE,330,2254.5,Medium Moving,NO
22216,T-LIGHT HOLDER WHITE LACE,327,182.31,Medium Moving,NO
22217,T-LIGHT HOLDER HANGING LACE,764,646.26,Medium Moving,YES
22218,CAKE STAND LACE WHITE,1,4.25,Slow Moving,NO
22219,LOVEBIRD HANGING DECORATION WHITE ,3367,2814.37,Fast Moving,YES
22220,CAKE STAND LOVEBIRD 2 TIER WHITE,213,1489.55,Medium Moving,NO
22221,CAKE STAND LOVEBIRD 2 TIER PINK,124,964.4,Slow Moving,NO
22222,CAKE PLATE LOVEBIRD WHITE,824,2599.2,Medium Moving,YES
22223,CAKE PLATE LOVEBIRD PINK,315,902.85,Medium Moving,NO
22224,WHITE LOVEBIRD LANTERN,687,1970.65,Medium Moving,YES
22227,HANGING HEART MIRROR DECORATION ,1969,1276.8500000000001,Fast Moving,YES
22228,BUNNY WOODEN PAINTED WITH BIRD ,851,597.31,Medium Moving,YES
22229,BUNNY WOODEN PAINTED WITH FLOWER ,495,334.27,Medium Moving,NO
22230,JIGSAW TREE WITH WATERING CAN,925,356.16999999999996,Medium Moving,YES
22231,JIGSAW TREE WITH BIRDHOUSE,867,821.13,Medium Moving,YES
22232,JIGSAW TOADSTOOLS 3 PIECE,623,506.42999999999995,Medium Moving,YES
22233,JIGSAW RABBIT AND BIRDHOUSE,540,514.6999999999999,Medium Moving,YES
22236,CAKE STAND 3 TIER MAGIC GARDEN,308,3624.5999999999995,Medium Moving,NO
22241,GARLAND WOODEN HAPPY EASTER,1762,2147.78,Fast Moving,YES
22242,5 HOOK HANGER MAGIC TOADSTOOL,631,964.3499999999999,Medium Moving,YES
22243,5 HOOK HANGER RED MAGIC TOADSTOOL,3054,4595.099999999999,Fast Moving,YES
22244,3 HOOK HANGER MAGIC GARDEN,1615,2911.6499999999996,Fast Moving,YES
22245,"HOOK, 1 HANGER ,MAGIC GARDEN",1198,965.26,Fast Moving,YES
22246,"GARLAND, MAGIC GARDEN 1.8M",12,23.4,Slow Moving,NO
22246,MAGIC GARDEN FELT GARLAND ,266,531.78,Medium Moving,NO
22247,BUNNY DECORATION MAGIC GARDEN,483,406.39,Medium Moving,NO
22248,DECORATION  PINK CHICK MAGIC GARDEN,382,320.53999999999996,Medium Moving,NO
22249,DECORATION WHITE CHICK MAGIC GARDEN,629,530.49,Medium Moving,YES
22250,DECORATION  BUTTERFLY  MAGIC GARDEN,447,375.78999999999996,Medium Moving,NO
22251,BIRDHOUSE DECORATION MAGIC GARDEN,518,642.94,Medium Moving,YES
22252,BIRDCAGE DECORATION TEALIGHT HOLDER,643,761.57,Medium Moving,YES
22254,FELT TOADSTOOL LARGE,594,706.02,Medium Moving,YES
22255,FELT TOADSTOOL  SMALL,542,460.7,Medium Moving,YES
22256,FELT FARM ANIMAL CHICKEN,257,321.25,Medium Moving,NO
22257,FELT FARM ANIMAL SHEEP,283,194.39,Medium Moving,NO
22258,FELT FARM ANIMAL RABBIT,722,543.9399999999999,Medium Moving,YES
22259,FELT FARM ANIMAL HEN,384,240.96,Medium Moving,NO
22260,FELT EGG COSY BLUE RABBIT ,410,351.62,Medium Moving,NO
22261,FELT EGG COSY WHITE RABBIT ,514,442.35999999999996,Medium Moving,YES
22262,FELT EGG COSY CHICKEN,920,785.12,Medium Moving,YES
22263,FELT EGG COSY LADYBIRD ,255,124.83,Medium Moving,NO
22264,FELT FARM ANIMAL WHITE BUNNY ,1391,517.07,Fast Moving,YES
22265,EASTER DECORATION NATURAL CHICK,510,331.50000000000006,Medium Moving,YES
22266,EASTER DECORATION HANGING BUNNY,1860,562.7,Fast Moving,YES
22267,EASTER DECORATION EGG BUNNY ,828,654.7,Medium Moving,YES
22268,DECORATION SITTING BUNNY,1335,257.61,Fast Moving,YES
22268,EASTER DECORATION SITTING BUNNY,501,407.13,Medium Moving,YES
22269,EGG CUP NATURAL CHICKEN,840,520.48,Medium Moving,YES
22270,HAPPY EASTER HANGING DECORATION,210,770.22,Medium Moving,NO
22271,FELTCRAFT DOLL ROSIE,1648,4702.120000000001,Fast Moving,YES
22272,FELTCRAFT DOLL MARIA,194,553.1,Slow Moving,NO
22273,FELTCRAFT DOLL MOLLY,4464,11748.24,Fast Moving,YES
22274,FELTCRAFT DOLL EMILY,1294,3711.5000000000005,Fast Moving,YES
22275,WEEKEND BAG VINTAGE ROSE PAISLEY,69,527.85,Slow Moving,NO
22276,WASH BAG VINTAGE ROSE PAISLEY,253,645.15,Medium Moving,NO
22277,COSMETIC BAG VINTAGE ROSE PAISLEY,355,728.62,Medium Moving,NO
22278,OVERNIGHT BAG VINTAGE ROSE PAISLEY,243,1202.8500000000001,Medium Moving,NO
22279,POCKET BAG BLUE PAISLEY RED SPOT,477,574.66,Medium Moving,NO
22280,POCKET BAG PINK PAISELY BROWN SPOT,176,223.63,Slow Moving,NO
22281,EASTER TREE YELLOW BIRDS,108,642.6,Slow Moving,NO
22282,12 EGG HOUSE PAINTED WOOD,111,1425.27,Slow Moving,NO
22283,6 EGG HOUSE PAINTED WOOD,256,2043.04,Medium Moving,NO
22284,HEN HOUSE DECORATION,874,1442.1,Medium Moving,YES
22285,"DECORATION HEN ON NEST, HANGING",39,64.35,Slow Moving,NO
22285,HANGING HEN ON NEST DECORATION,794,1310.1,Medium Moving,YES
22286,"DECORATION , WOBBLY RABBIT , METAL ",272,448.79999999999995,Medium Moving,NO
22286,DECORATION WOBBLY RABBIT METAL ,753,375.57,Medium Moving,YES
22287,"DECORATION , WOBBLY CHICKEN, METAL ",227,374.54999999999995,Medium Moving,NO
22287,DECORATION WOBBLY CHICKEN,521,256.11,Medium Moving,YES
22288,HANGING METAL RABBIT DECORATION,452,565.0,Medium Moving,NO
22289,HANGING METAL CHICKEN DECORATION,122,152.5,Slow Moving,NO
22291,HANGING CHICK CREAM DECORATION,1215,1761.7499999999998,Fast Moving,YES
22292,HANGING CHICK  YELLOW DECORATION,1085,1515.6499999999999,Fast Moving,YES
22293,HANGING CHICK GREEN DECORATION,817,1184.6499999999999,Medium Moving,YES
22294,HEART FILIGREE DOVE  SMALL,5362,6574.82,Fast Moving,YES
22295,HEART FILIGREE DOVE LARGE,2719,4390.469999999999,Fast Moving,YES
22296,HEART IVORY TRELLIS LARGE,3039,4962.429999999999,Fast Moving,YES
22297,HEART IVORY TRELLIS SMALL,3856,4706.28,Fast Moving,YES
22299,PIG KEYRING WITH LIGHT & SOUND ,1316,1231.34,Fast Moving,YES
22300,COFFEE MUG DOG + BALL DESIGN,1436,3011.64,Fast Moving,YES
22301,COFFEE MUG CAT + BIRD DESIGN,2098,4478.34,Fast Moving,YES
22302,COFFEE MUG PEARS  DESIGN,2287,4957.3,Fast Moving,YES
22303,COFFEE MUG APPLES DESIGN,2764,6108.85,Fast Moving,YES
22304,COFFEE MUG BLUE PAISLEY DESIGN,738,1252.76,Medium Moving,YES
22305,COFFEE MUG PINK PAISLEY DESIGN,684,1559.44,Medium Moving,YES
22306,SILVER MUG BONE CHINA TREE OF LIFE,1126,1290.5700000000002,Fast Moving,YES
22307,GOLD MUG BONE CHINA TREE OF LIFE,729,835.61,Medium Moving,YES
22308,TEA COSY BLUE STRIPE,145,356.89,Slow Moving,NO
22309,TEA COSY RED  STRIPE,292,706.8299999999999,Medium Moving,NO
22310,IVORY KNITTED MUG COSY ,531,841.79,Medium Moving,YES
22311,OFFICE MUG WARMER BLACK+SILVER ,1049,2910.75,Fast Moving,YES
22312,OFFICE MUG WARMER POLKADOT,499,1443.1900000000003,Medium Moving,NO
22313,OFFICE MUG WARMER PINK,553,1482.89,Medium Moving,YES
22314,OFFICE MUG WARMER CHOC+BLUE,516,1431.14,Medium Moving,YES
22315,200 RED + WHITE BENDY STRAWS,759,912.27,Medium Moving,YES
22316,200 BENDY SKULL STRAWS,637,705.0500000000001,Medium Moving,YES
22317,FIVE CATS HANGING DECORATION,171,503.37000000000006,Slow Moving,NO
22318,FIVE HEART HANGING DECORATION,396,1161.0000000000002,Medium Moving,NO
22319,HAIRCLIPS FORTIES FABRIC ASSORTED,1322,572.26,Fast Moving,YES
22320,BIRDS MOBILE VINTAGE DESIGN,183,1100.21,Slow Moving,NO
22321,BIRD DECORATION RED RETROSPOT,736,625.5999999999999,Medium Moving,YES
22322,BIRD DECORATION GREEN POLKADOT,390,331.5,Medium Moving,NO
22323,PINK POLKADOT KIDS BAG,1,1.95,Slow Moving,NO
22324,BLUE POLKADOT KIDS BAG,228,456.35999999999996,Medium Moving,NO
22325,MOBILE VINTAGE HEARTS ,152,750.3000000000001,Slow Moving,NO
22326,ROUND SNACK BOXES SET OF4 WOODLAND ,8075,22101.77,Fast Moving,YES
22327,ROUND SNACK BOXES SET OF 4 SKULLS,821,2325.9500000000003,Medium Moving,YES
22328,ROUND SNACK BOXES SET OF 4 FRUITS ,6469,17569.59,Fast Moving,YES
22329,ROUND CONTAINER SET OF 5 RETROSPOT,1386,2181.2999999999997,Fast Moving,YES
22331,WOODLAND PARTY BAG + STICKER SET,1768,2750.96,Fast Moving,YES
22332,SKULLS PARTY BAG + STICKER SET,981,1561.05,Medium Moving,YES
22333,RETROSPOT PARTY BAG + STICKER SET,4389,6745.929999999999,Fast Moving,YES
22334,DINOSAUR PARTY BAG + STICKER SET,684,1101.44,Medium Moving,YES
22335,HEART DECORATION PAINTED ZINC ,2018,1246.3000000000002,Fast Moving,YES
22336,DOVE DECORATION PAINTED ZINC ,2281,667.71,Fast Moving,YES
22337,ANGEL DECORATION PAINTED ZINC ,635,383.95000000000005,Medium Moving,YES
22338,STAR DECORATION PAINTED ZINC ,4175,924.95,Fast Moving,YES
22339,CHRISTMAS TREE PAINTED ZINC ,2283,569.2900000000001,Fast Moving,YES
22340,NOEL GARLAND PAINTED ZINC ,980,425.15999999999997,Medium Moving,YES
22341,LOVE GARLAND PAINTED ZINC ,405,672.6499999999999,Medium Moving,NO
22342,HOME GARLAND PAINTED ZINC ,833,769.65,Medium Moving,YES
22343,PARTY PIZZA DISH RED RETROSPOT,1702,744.3399999999999,Fast Moving,YES
22344,PARTY PIZZA DISH PINK POLKADOT,1046,372.74,Fast Moving,YES
22345,PARTY PIZZA DISH BLUE POLKADOT,969,317.90999999999997,Medium Moving,YES
22346,PARTY PIZZA DISH GREEN POLKADOT,882,309.12,Medium Moving,YES
22348,TEA BAG PLATE RED RETROSPOT,3861,3221.79,Fast Moving,YES
22349,DOG BOWL CHASING BALL DESIGN,1339,5220.429999999999,Fast Moving,YES
22350,ILLUSTRATED CAT BOWL ,1356,3586.3199999999997,Fast Moving,YES
22351,DOTCOMGIFTSHOP TEA TOWEL,12,19.799999999999997,Slow Moving,NO
22352,LUNCH BOX WITH CUTLERY RETROSPOT ,2848,6705.04,Fast Moving,YES
22353,LUNCH BOX WITH CUTLERY FAIRY CAKES ,60,153.0,Slow Moving,NO
22354,RETROSPOT PADDED SEAT CUSHION,700,2502.82,Medium Moving,YES
22355,CHARLOTTE BAG SUKI DESIGN,8947,7114.85,Fast Moving,YES
22356,CHARLOTTE BAG PINK POLKADOT,7303,5838.09,Fast Moving,YES
22357,KINGS CHOICE BISCUIT TIN,324,1332.6,Medium Moving,NO
22358,KINGS CHOICE TEA CADDY ,454,1335.38,Medium Moving,NO
22359,GLASS JAR KINGS CHOICE,161,477.7900000000001,Slow Moving,NO
22360,GLASS JAR ENGLISH CONFECTIONERY,880,2438.2000000000003,Medium Moving,YES
22361,GLASS JAR DAISY FRESH COTTON WOOL,537,1507.3500000000001,Medium Moving,YES
22362,GLASS JAR PEACOCK BATH SALTS,349,987.23,Medium Moving,NO
22363,GLASS JAR MARMALADE ,453,1223.99,Medium Moving,NO
22364,GLASS JAR DIGESTIVE BISCUITS,516,1421.1200000000001,Medium Moving,YES
22365,DOORMAT RESPECTABLE HOUSE,729,4865.19,Medium Moving,YES
22366,DOORMAT AIRMAIL ,722,4887.82,Medium Moving,YES
22367,CHILDRENS APRON SPACEBOY DESIGN,3537,6560.79,Fast Moving,YES
22371,AIRLINE BAG VINTAGE TOKYO 78,825,3468.63,Medium Moving,YES
22372,AIRLINE BAG VINTAGE WORLD CHAMPION ,221,935.33,Medium Moving,NO
22374,AIRLINE BAG VINTAGE JET SET RED,445,1870.0900000000001,Medium Moving,NO
22375,AIRLINE BAG VINTAGE JET SET BROWN,250,1043.3,Medium Moving,NO
22376,AIRLINE BAG VINTAGE JET SET WHITE,191,812.19,Slow Moving,NO
22377,BOTTLE BAG RETROSPOT ,1038,1510.89,Fast Moving,YES
22378,WALL TIDY RETROSPOT ,1680,2082.06,Fast Moving,YES
22379,RECYCLING BAG RETROSPOT ,6074,11913.03,Fast Moving,YES
22380,TOY TIDY SPACEBOY  ,1152,2266.35,Fast Moving,YES
22381,TOY TIDY PINK POLKADOT,3167,6225.38,Fast Moving,YES
22382,LUNCH BAG SPACEBOY DESIGN ,9875,15820.15,Fast Moving,YES
22383,LUNCH BAG SUKI  DESIGN ,2118,3334.7,Fast Moving,YES
22383,LUNCH BAG SUKI DESIGN ,9570,15332.9,Fast Moving,YES
22384,LUNCH BAG PINK POLKADOT,10226,16303.3,Fast Moving,YES
22385,JUMBO BAG SPACEBOY DESIGN,8231,15320.75,Fast Moving,YES
22386,JUMBO BAG PINK POLKADOT,20148,37254.36,Fast Moving,YES
22389,PAPERWEIGHT SAVE THE PLANET,329,596.91,Medium Moving,NO
22390,PAPERWEIGHT CHILDHOOD MEMORIES,259,405.62,Medium Moving,NO
22391,PAPERWEIGHT HOME SWEET HOME,146,186.05999999999997,Slow Moving,NO
22393,PAPERWEIGHT VINTAGE COLLAGE,485,612.28,Medium Moving,NO
22394,PAPERWEIGHT KINGS CHOICE ,160,190.79999999999998,Slow Moving,NO
22395,PAPERWEIGHT VINTAGE PAISLEY,134,130.26,Slow Moving,NO
22396,MAGNETS PACK OF 4 RETRO PHOTO,1176,568.76,Fast Moving,YES
22398,MAGNETS PACK OF 4 SWALLOWS,2544,1528.29,Fast Moving,YES
22399,MAGNETS PACK OF 4 CHILDHOOD MEMORY,1130,1309.9,Fast Moving,YES
22400,MAGNETS PACK OF 4 HOME SWEET HOME,1386,711.87,Fast Moving,YES
22402,MAGNETS PACK OF 4 VINTAGE COLLAGE,1701,1005.72,Fast Moving,YES
22403,MAGNETS PACK OF 4 VINTAGE LABELS ,1222,569.36,Fast Moving,YES
22405,MONEY BOX POCKET MONEY DESIGN,345,348.69,Medium Moving,NO
22406,MONEY BOX KINGS CHOICE DESIGN,319,336.89,Medium Moving,NO
22407,MONEY BOX FIRST ADE DESIGN,50,62.5,Slow Moving,NO
22407,MONEY BOX FIRST AID DESIGN,43,34.32,Slow Moving,NO
22408,MONEY BOX CONFECTIONERY DESIGN,136,140.25,Slow Moving,NO
22409,MONEY BOX BISCUITS DESIGN,216,270.0,Medium Moving,NO
22410,MONEY BOX HOUSEKEEPING DESIGN,223,212.88,Medium Moving,NO
22411,JUMBO SHOPPER VINTAGE RED PAISLEY,10490,20116.38,Fast Moving,YES
22412,METAL SIGN NEIGHBOURHOOD WITCH ,874,1778.4,Medium Moving,YES
22413,METAL SIGN TAKE IT OR LEAVE IT ,3687,10638.45,Fast Moving,YES
22414,DOORMAT NEIGHBOURHOOD WITCH ,253,1645.67,Medium Moving,NO
22415,WHITE TISSUE REAM,19,151.05,Slow Moving,NO
22416,SET OF 36 DOILIES SPACEBOY DESIGN ,800,1102.3999999999999,Medium Moving,YES
22416,SET OF 36 SPACEBOY PAPER DOILIES,50,72.5,Slow Moving,NO
22417,PACK OF 60 SPACEBOY CAKE CASES,8097,4128.39,Fast Moving,YES
22418,10 COLOUR SPACEBOY PEN,6267,5209.17,Fast Moving,YES
22419,LIPSTICK PEN RED,2803,1232.34,Fast Moving,YES
22420,LIPSTICK PEN BABY PINK,1198,499.90999999999997,Fast Moving,YES
22421,LIPSTICK PEN FUSCHIA,1924,794.78,Fast Moving,YES
22422,TOOTHPASTE TUBE PEN,970,396.6,Medium Moving,YES
22423,REGENCY CAKESTAND 3 TIER,12374,142264.75,Fast Moving,YES
22424,ENAMEL BREAD BIN CREAM,711,8493.5,Medium Moving,YES
22425,ENAMEL COLANDER CREAM,434,2086.11,Medium Moving,NO
22426,ENAMEL WASH BOWL CREAM,659,2228.05,Medium Moving,YES
22427,ENAMEL FLOWER JUG CREAM,1991,11421.130000000001,Fast Moving,YES
22428,ENAMEL FIRE BUCKET CREAM,221,1528.73,Medium Moving,NO
22429,ENAMEL MEASURING JUG CREAM,1184,4916.04,Fast Moving,YES
22430,ENAMEL WATERING CAN CREAM,539,2621.85,Medium Moving,YES
22431,WATERING CAN BLUE ELEPHANT,1979,3682.7499999999995,Fast Moving,YES
22432,WATERING CAN PINK BUNNY,1644,3092.7799999999997,Fast Moving,YES
22433,WATERING CAN GREEN DINOSAUR,1341,2487.5299999999997,Fast Moving,YES
22434,BALLOON PUMP WITH 10 BALLOONS,774,1511.48,Medium Moving,YES
22435,SET OF 9 HEART SHAPED BALLOONS,2671,3245.79,Fast Moving,YES
22436,12 COLOURED PARTY BALLOONS,2089,1359.65,Fast Moving,YES
22437,SET OF 9 BLACK SKULL BALLOONS,2725,2261.65,Fast Moving,YES
22438,BALLOON ART MAKE YOUR OWN FLOWERS,887,801.45,Medium Moving,YES
22439,6 ROCKET BALLOONS ,1762,1172.9,Fast Moving,YES
22440,BALLOON WATER BOMB PACK OF 35,5873,2244.06,Fast Moving,YES
22441,GROW YOUR OWN BASIL IN ENAMEL MUG,990,2061.0,Medium Moving,YES
22442,GROW YOUR OWN FLOWERS SET OF 3,292,1177.8,Medium Moving,NO
22443,GROW YOUR OWN HERBS SET OF 3,152,1208.4,Slow Moving,NO
22444,GROW YOUR OWN PLANT IN A CAN ,762,934.26,Medium Moving,YES
22445,PENCIL CASE LIFE IS BEAUTIFUL,469,1359.3500000000001,Medium Moving,NO
22446,PIN CUSHION BABUSHKA PINK,161,432.99,Slow Moving,NO
22447,PIN CUSHION BABUSHKA BLUE,75,223.95000000000002,Slow Moving,NO
22448,PIN CUSHION BABUSHKA RED,187,576.3100000000001,Slow Moving,NO
22449,SILK PURSE BABUSHKA PINK,364,1214.3300000000002,Medium Moving,NO
22450,SILK PURSE BABUSHKA BLUE,183,610.6500000000001,Slow Moving,NO
22451,SILK PURSE BABUSHKA RED,201,654.1500000000001,Medium Moving,NO
22452,MEASURING TAPE BABUSHKA PINK,388,1094.8000000000002,Medium Moving,NO
22453,MEASURING TAPE BABUSHKA BLUE,333,948.7500000000001,Medium Moving,NO
22454,MEASURING TAPE BABUSHKA RED,228,639.0,Medium Moving,NO
22456,NATURAL SLATE CHALKBOARD LARGE ,1448,6813.400000000001,Fast Moving,YES
22457,NATURAL SLATE HEART CHALKBOARD ,8427,24089.170000000002,Fast Moving,YES
22458,CAST IRON HOOK GARDEN FORK,513,1371.4299999999998,Medium Moving,YES
22459,CAST IRON HOOK GARDEN TROWEL,375,962.73,Medium Moving,NO
22460,EMBOSSED GLASS TEALIGHT HOLDER,2368,2855.59,Fast Moving,YES
22461,SAVOY ART DECO CLOCK,231,1251.25,Medium Moving,NO
22464,HANGING METAL HEART LANTERN,3179,4789.709999999999,Fast Moving,YES
22465,HANGING METAL STAR LANTERN,1958,2828.0799999999995,Fast Moving,YES
22466,FAIRY TALE COTTAGE NIGHT LIGHT,912,1717.1999999999998,Medium Moving,YES
22466,FAIRY TALE COTTAGE NIGHTLIGHT,2016,3352.7999999999997,Fast Moving,YES
22467,GUMBALL COAT RACK,7652,17488.55,Fast Moving,YES
22468,BABUSHKA LIGHTS STRING OF 10,467,3032.39,Medium Moving,NO
22469,HEART OF WICKER SMALL,16768,28217.089999999997,Fast Moving,YES
22470,HEART OF WICKER LARGE,9577,28479.65,Fast Moving,YES
22471,TV DINNER TRAY AIR HOSTESS ,359,1092.73,Medium Moving,NO
22472,TV DINNER TRAY DOLLY GIRL,291,1224.17,Medium Moving,NO
22473,TV DINNER TRAY VINTAGE PAISLEY,437,1239.39,Medium Moving,NO
22474,SPACEBOY TV DINNER TRAY,244,1009.0400000000001,Medium Moving,NO
22475,SKULL DESIGN TV DINNER TRAY,278,1211.1000000000001,Medium Moving,NO
22476,EMPIRE UNION JACK TV DINNER TRAY,810,2145.8199999999997,Medium Moving,YES
22477,WATERING CAN GARDEN MARKER,1280,1765.6,Fast Moving,YES
22478,BIRDHOUSE GARDEN MARKER ,1411,1929.35,Fast Moving,YES
22479,DAISY GARDEN MARKER,1078,1513.1,Fast Moving,YES
22480,RED TEA TOWEL CLASSIC DESIGN,612,728.52,Medium Moving,YES
22481,BLACK TEA TOWEL CLASSIC DESIGN,692,607.74,Medium Moving,YES
22482,BLUE TEA TOWEL CLASSIC DESIGN,448,523.52,Medium Moving,NO
22483,RED GINGHAM TEDDY BEAR ,722,2029.9800000000002,Medium Moving,YES
22485,SET OF 2 WOODEN MARKET CRATES,462,5652.9,Medium Moving,NO
22486,PLASMATRONIC LAMP,52,288.94,Slow Moving,NO
22487,WHITE WOOD GARDEN PLANT LADDER,723,6768.86,Medium Moving,YES
22488,NATURAL SLATE RECTANGLE CHALKBOARD,2910,4635.259999999999,Fast Moving,YES
22489,PACK OF 12 TRADITIONAL CRAYONS,9313,3754.47,Fast Moving,YES
22491,PACK OF 12 COLOURED PENCILS,3898,3120.64,Fast Moving,YES
22492,MINI PAINT SET VINTAGE ,26076,16039.240000000002,Fast Moving,YES
22493,PAINT YOUR OWN CANVAS SET,2352,3737.2799999999997,Fast Moving,YES
22494,EMERGENCY FIRST AID TIN ,890,1102.64,Medium Moving,YES
22495,SET OF 2 ROUND TINS CAMEMBERT ,241,512.23,Medium Moving,NO
22496,SET OF 2 ROUND TINS DUTCH CHEESE,242,474.14000000000004,Medium Moving,NO
22497,SET OF 2 TINS VINTAGE BATHROOM ,177,752.25,Slow Moving,NO
22498,WOODEN REGATTA BUNTING,228,1356.6000000000001,Medium Moving,NO
22499,WOODEN UNION JACK BUNTING,1734,9928.83,Fast Moving,YES
22500,SET OF 2 TINS JARDIN DE PROVENCE,235,826.5500000000001,Medium Moving,NO
22501,PICNIC BASKET WICKER LARGE,1192,10799.0,Fast Moving,YES
22502,PICNIC BASKET WICKER 60 PIECES,61,39619.5,Slow Moving,NO
22502,PICNIC BASKET WICKER SMALL,1424,7728.85,Fast Moving,YES
22503,CABIN BAG VINTAGE PAISLEY,64,1279.2,Slow Moving,NO
22504,CABIN BAG VINTAGE RETROSPOT,160,3012.4,Slow Moving,NO
22505,MEMO BOARD COTTAGE DESIGN,1361,6286.39,Fast Moving,YES
22507,MEMO BOARD RETROSPOT  DESIGN,2786,12411.02,Fast Moving,YES
22508,DOORSTOP RETROSPOT HEART,1511,5919.46,Fast Moving,YES
22509,SEWING BOX RETROSPOT DESIGN ,203,1923.85,Medium Moving,NO
22510,GINGHAM BABUSHKA DOORSTOP,209,400.87,Medium Moving,NO
22511,RETROSPOT BABUSHKA DOORSTOP,245,455.87,Medium Moving,NO
22512,DOORSTOP RACING CAR DESIGN,117,232.25,Slow Moving,NO
22513,DOORSTOP FOOTBALL DESIGN,134,404.98,Slow Moving,NO
22514,CHILDS GARDEN SPADE BLUE,260,537.0,Medium Moving,NO
22515,CHILDS GARDEN SPADE PINK,237,488.70000000000005,Medium Moving,NO
22516,CHILDS GARDEN RAKE BLUE,170,348.00000000000006,Slow Moving,NO
22517,CHILDS GARDEN RAKE PINK,179,366.90000000000003,Slow Moving,NO
22518,CHILDS GARDEN BRUSH BLUE,333,663.3000000000001,Medium Moving,NO
22519,CHILDS GARDEN BRUSH PINK,370,741.0000000000001,Medium Moving,NO
22520,CHILDS GARDEN TROWEL BLUE ,705,599.25,Medium Moving,YES
22521,CHILDS GARDEN TROWEL PINK,598,508.29999999999995,Medium Moving,YES
22522,CHILDS GARDEN FORK BLUE ,921,757.89,Medium Moving,YES
22523,CHILDS GARDEN FORK PINK,843,716.55,Medium Moving,YES
22524,CHILDRENS GARDEN GLOVES BLUE,592,721.0,Medium Moving,YES
22525,CHILDRENS GARDEN GLOVES PINK,458,553.5,Medium Moving,NO
22526,WHEELBARROW FOR CHILDREN ,112,1406.4,Slow Moving,NO
22529,MAGIC DRAWING SLATE GO TO THE FAIR ,814,328.92,Medium Moving,YES
22530,MAGIC DRAWING SLATE DOLLY GIRL ,3511,1430.7,Fast Moving,YES
22531,MAGIC DRAWING SLATE CIRCUS PARADE  ,3291,1347.66,Fast Moving,YES
22532,MAGIC DRAWING SLATE LEAP FROG ,1063,360.06,Fast Moving,YES
22533,MAGIC DRAWING SLATE BAKE A CAKE ,1740,605.52,Fast Moving,YES
22534,MAGIC DRAWING SLATE SPACEBOY ,4331,1735.5,Fast Moving,YES
22535,MAGIC DRAWING SLATE BUNNIES ,1713,630.1800000000001,Fast Moving,YES
22536,MAGIC DRAWING SLATE PURDEY,4718,1780.92,Fast Moving,YES
22537,MAGIC DRAWING SLATE DINOSAUR,1816,762.72,Fast Moving,YES
22538,MINI JIGSAW GO TO THE FAIR,386,151.07999999999998,Medium Moving,NO
22539,MINI JIGSAW DOLLY GIRL,2821,1049.1499999999999,Fast Moving,YES
22540,MINI JIGSAW CIRCUS PARADE ,2451,915.78,Fast Moving,YES
22541,MINI JIGSAW LEAP FROG,465,180.62,Medium Moving,NO
22543,MINI JIGSAW BAKE A CAKE ,1434,515.77,Fast Moving,YES
22544,MINI JIGSAW SPACEBOY,4411,1627.04,Fast Moving,YES
22545,MINI JIGSAW BUNNIES,1088,390.69,Fast Moving,YES
22546,MINI JIGSAW PURDEY,2064,767.41,Fast Moving,YES
22547,MINI JIGSAW DINOSAUR ,738,279.51,Medium Moving,YES
22548,HEADS AND TAILS SPORTING FUN,1871,2095.46,Fast Moving,YES
22549,PICTURE DOMINOES,2991,4235.59,Fast Moving,YES
22550,HOLIDAY FUN LUDO,1102,3810.71,Fast Moving,YES
22551,PLASTERS IN TIN SPACEBOY,7656,12138.599999999999,Fast Moving,YES
22553,PLASTERS IN TIN SKULLS,4009,6461.249999999999,Fast Moving,YES
22554,PLASTERS IN TIN WOODLAND ANIMALS,7297,11620.929999999998,Fast Moving,YES
22555,PLASTERS IN TIN STRONGMAN,5874,9444.14,Fast Moving,YES
22556,PLASTERS IN TIN CIRCUS PARADE ,5947,9588.71,Fast Moving,YES
22557,PLASTERS IN TIN VINTAGE PAISLEY ,4564,7331.839999999999,Fast Moving,YES
22558,CLOTHES PEGS RETROSPOT PACK 24 ,8405,12525.21,Fast Moving,YES
22559,SEASIDE FLYING DISC,387,472.77,Medium Moving,NO
22560,TRADITIONAL MODELLING CLAY,7990,9281.47,Fast Moving,YES
22561,WOODEN SCHOOL COLOURING SET,5690,9064.619999999999,Fast Moving,YES
22562,MONSTERS STENCIL CRAFT,1390,1710.42,Fast Moving,YES
22563,HAPPY STENCIL CRAFT,2777,3244.6000000000004,Fast Moving,YES
22564,ALPHABET STENCIL CRAFT,2668,2999.19,Fast Moving,YES
22565,FELTCRAFT HAIRBANDS PINK AND WHITE ,817,711.6099999999999,Medium Moving,YES
22566,FELTCRAFT HAIRBAND PINK AND PURPLE,828,716.28,Medium Moving,YES
22567,20 DOLLY PEGS RETROSPOT,2346,3017.5,Fast Moving,YES
22568,FELTCRAFT CUSHION OWL,3277,11756.8,Fast Moving,YES
22569,FELTCRAFT CUSHION BUTTERFLY,2692,9632.98,Fast Moving,YES
22570,FELTCRAFT CUSHION RABBIT,3012,10672.31,Fast Moving,YES
22571,ROCKING HORSE RED CHRISTMAS ,2200,1807.6,Fast Moving,YES
22572,ROCKING HORSE GREEN CHRISTMAS ,1252,1039.24,Fast Moving,YES
22573,STAR WOODEN CHRISTMAS DECORATION,2440,2036.56,Fast Moving,YES
22574,HEART WOODEN CHRISTMAS DECORATION,2121,1851.99,Fast Moving,YES
22575,METAL MERRY CHRISTMAS WREATH,619,1154.25,Medium Moving,YES
22576,SWALLOW WOODEN CHRISTMAS DECORATION,1418,1217.78,Fast Moving,YES
22577,WOODEN HEART CHRISTMAS SCANDINAVIAN,9782,3415.8999999999996,Fast Moving,YES
22578,WOODEN STAR CHRISTMAS SCANDINAVIAN,9628,3164.0799999999995,Fast Moving,YES
22579,WOODEN TREE CHRISTMAS SCANDINAVIAN,4805,1664.2899999999997,Fast Moving,YES
22580,ADVENT CALENDAR GINGHAM SACK,834,4775.780000000001,Medium Moving,YES
22581,WOOD STOCKING CHRISTMAS SCANDISPOT,1088,704.02,Fast Moving,YES
22582,PACK OF 6 SWEETIE GIFT BOXES,1029,2496.7599999999998,Fast Moving,YES
22583,PACK OF 6 HANDBAG GIFT BOXES,528,1346.3999999999999,Medium Moving,YES
22584,PACK OF 6 PANETTONE GIFT BOXES,226,513.91,Medium Moving,NO
22584,PACK OF 6 PANNETONE GIFT BOXES,2012,4975.03,Fast Moving,YES
22585,PACK OF 6 BIRDY GIFT TAGS,6051,7135.95,Fast Moving,YES
22586,FELTCRAFT HAIRBAND PINK AND BLUE,796,676.5999999999999,Medium Moving,YES
22587,FELTCRAFT HAIRBAND RED AND BLUE,842,715.6999999999999,Medium Moving,YES
22588,CARD HOLDER GINGHAM HEART,602,1724.42,Medium Moving,YES
22589,CARDHOLDER GINGHAM STAR,323,940.49,Medium Moving,NO
22591,CARDHOLDER GINGHAM CHRISTMAS TREE,374,1250.84,Medium Moving,NO
22592,CARDHOLDER HOLLY WREATH METAL,506,1886.08,Medium Moving,YES
22593,CHRISTMAS GINGHAM STAR,2047,1735.27,Fast Moving,YES
22594,CHRISTMAS GINGHAM TREE,1744,1480.06,Fast Moving,YES
22595,CHRISTMAS GINGHAM HEART,552,450.47999999999996,Medium Moving,YES
22595,GINGHAM HEART DECORATION,5951,4817.33,Fast Moving,YES
22596,CHRISTMAS STAR WISH LIST CHALKBOARD,3264,3535.2,Fast Moving,YES
22597,CHRISTMAS MUSICAL ZINC HEART ,35,29.75,Slow Moving,NO
22597,MUSICAL ZINC HEART DECORATION ,2498,943.64,Fast Moving,YES
22598,CHRISTMAS MUSICAL ZINC TREE,811,290.16999999999996,Medium Moving,YES
22599,CHRISTMAS MUSICAL ZINC STAR,1489,528.2099999999999,Fast Moving,YES
22600,CHRISTMAS RETROSPOT STAR WOOD,1538,1301.84,Fast Moving,YES
22601,CHRISTMAS RETROSPOT ANGEL WOOD,2235,1824.87,Fast Moving,YES
22602,CHRISTMAS RETROSPOT HEART WOOD,110,93.5,Slow Moving,NO
22602,RETROSPOT WOODEN HEART DECORATION,1850,1552.2199999999998,Fast Moving,YES
22603,CHRISTMAS RETROSPOT TREE WOOD,1293,1088.1299999999999,Fast Moving,YES
22604,SET OF 4 NAPKIN CHARMS CUTLERY,1171,2642.86,Fast Moving,YES
22605,WOODEN CROQUET GARDEN SET,709,9555.98,Medium Moving,YES
22606,WOODEN SKITTLES GARDEN SET,303,4304.849999999999,Medium Moving,NO
22607,WOODEN ROUNDERS GARDEN SET ,1265,11561.34,Fast Moving,YES
22608,PENS ASSORTED FUNKY JEWELED ,4897,977.89,Fast Moving,YES
22609,PENS ASSORTED SPACEBALL,5564,1206.2,Fast Moving,YES
22610,PENS ASSORTED FUNNY FACE,9110,2313.74,Fast Moving,YES
22611,VINTAGE UNION JACK SHOPPING BAG,219,1016.85,Medium Moving,NO
22613,PACK OF 20 SPACEBOY NAPKINS,1488,1150.3799999999999,Fast Moving,YES
22614,PACK OF 12 SPACEBOY TISSUES,2955,960.6099999999999,Fast Moving,YES
22615,PACK OF 12 CIRCUS PARADE TISSUES ,2022,617.8399999999999,Fast Moving,YES
22616,PACK OF 12 LONDON TISSUES ,25329,7261.7699999999995,Fast Moving,YES
22617,BAKING SET SPACEBOY DESIGN,2153,10210.890000000001,Fast Moving,YES
22618,COOKING SET RETROSPOT,66,621.66,Slow Moving,NO
22619,SET OF 6 SOLDIER SKITTLES,2290,8571.25,Fast Moving,YES
22620,4 TRADITIONAL SPINNING TOPS,4486,5952.83,Fast Moving,YES
22621,TRADITIONAL KNITTING NANCY,5893,9294.57,Fast Moving,YES
22622,BOX OF VINTAGE ALPHABET BLOCKS,1295,13035.66,Fast Moving,YES
22623,BOX OF VINTAGE JIGSAW BLOCKS ,918,5019.67,Medium Moving,YES
22624,IVORY KITCHEN SCALES,1765,14638.73,Fast Moving,YES
22625,RED KITCHEN SCALES,1469,11836.23,Fast Moving,YES
22626,BLACK KITCHEN SCALES,501,4134.03,Medium Moving,YES
22627,MINT KITCHEN SCALES,789,6574.29,Medium Moving,YES
22628,PICNIC BOXES SET OF 3 RETROSPOT ,774,3607.3,Medium Moving,YES
22629,SPACEBOY LUNCH BOX ,13908,24673.14,Fast Moving,YES
22630,DOLLY GIRL LUNCH BOX,11323,20104.09,Fast Moving,YES
22631,CIRCUS PARADE LUNCH BOX ,3371,6114.83,Fast Moving,YES
22632,HAND WARMER RED POLKA DOT,120,225.00000000000003,Slow Moving,NO
22632,HAND WARMER RED RETROSPOT,4268,8513.52,Fast Moving,YES
22633,HAND WARMER UNION JACK,4730,9516.960000000001,Fast Moving,YES
22634,CHILDS BREAKFAST SET SPACEBOY ,728,6652.0,Medium Moving,YES
22635,CHILDS BREAKFAST SET DOLLY GIRL ,656,6053.049999999999,Medium Moving,YES
22636,CHILDS BREAKFAST SET CIRCUS PARADE,565,4656.3,Medium Moving,YES
22637,PIGGY BANK RETROSPOT ,2615,6298.37,Fast Moving,YES
22638,SET OF 4 NAPKIN CHARMS CROWNS ,255,394.41999999999996,Medium Moving,NO
22639,SET OF 4 NAPKIN CHARMS HEARTS,762,1730.82,Medium Moving,YES
22640,SET OF 4 NAPKIN CHARMS 3 KEYS ,185,341.66999999999996,Slow Moving,NO
22641,SET OF 4 NAPKIN CHARMS INSTRUMENT,112,225.92,Slow Moving,NO
22642,SET OF 4 NAPKIN CHARMS STARS   ,253,516.8,Medium Moving,NO
22643,SET OF 4 NAPKIN CHARMS LEAVES   ,183,331.28999999999996,Slow Moving,NO
22644,CERAMIC CHERRY CAKE MONEY BANK,2043,2315.73,Fast Moving,YES
22645,CERAMIC HEART FAIRY CAKE MONEY BANK,1748,2243.94,Fast Moving,YES
22646,CERAMIC STRAWBERRY CAKE MONEY BANK,3919,4745.3099999999995,Fast Moving,YES
22647,CERAMIC LOVE HEART MONEY BANK,721,429.84999999999997,Medium Moving,YES
22649,STRAWBERRY FAIRY CAKE TEAPOT,748,3638.9,Medium Moving,YES
22650,CERAMIC PIRATE CHEST MONEY BANK,791,1122.95,Medium Moving,YES
22651,GENTLEMAN SHIRT REPAIR KIT ,1992,1602.7199999999998,Fast Moving,YES
22652,TRAVEL SEWING KIT,4859,7779.11,Fast Moving,YES
22653,BUTTON BOX ,1071,2020.71,Fast Moving,YES
22654,DELUXE SEWING KIT ,1057,5968.67,Fast Moving,YES
22655,VINTAGE RED KITCHEN CABINET,60,8125.0,Slow Moving,NO
22656,VINTAGE BLUE KITCHEN CABINET,26,3685.0,Slow Moving,NO
22659,LUNCH BOX I LOVE LONDON,11075,19316.17,Fast Moving,YES
22660,DOORMAT I LOVE LONDON,327,2157.33,Medium Moving,NO
22661,CHARLOTTE BAG DOLLY GIRL DESIGN,5065,4011.19,Fast Moving,YES
22662,LUNCH BAG DOLLY GIRL DESIGN,6527,10330.99,Fast Moving,YES
22663,JUMBO BAG DOLLY GIRL DESIGN,3096,6006.33,Fast Moving,YES
22664,TOY TIDY DOLLY GIRL DESIGN,642,1178.18,Medium Moving,YES
22665,RECIPE BOX BLUE SKETCHBOOK DESIGN,1218,3422.0600000000004,Fast Moving,YES
22666,RECIPE BOX PANTRY YELLOW DESIGN,7366,20838.620000000003,Fast Moving,YES
22667,RECIPE BOX RETROSPOT ,2851,7896.85,Fast Moving,YES
22668,PINK BABY BUNTING,1954,5415.66,Fast Moving,YES
22669,RED BABY BUNTING ,1027,2969.65,Fast Moving,YES
22670,FRENCH WC SIGN BLUE METAL,1753,2192.74,Fast Moving,YES
22671,FRENCH LAUNDRY SIGN BLUE METAL,918,1463.6599999999999,Medium Moving,YES
22672,FRENCH BATHROOM SIGN BLUE METAL,1382,2227.62,Fast Moving,YES
22673,FRENCH GARDEN SIGN BLUE METAL,769,956.83,Medium Moving,YES
22674,FRENCH TOILET SIGN BLUE METAL,1270,1531.71,Fast Moving,YES
22675,FRENCH KITCHEN SIGN BLUE METAL,1173,1420.14,Fast Moving,YES
22676,FRENCH BLUE METAL DOOR SIGN 1,1038,1301.14,Fast Moving,YES
22677,FRENCH BLUE METAL DOOR SIGN 2,874,1092.51,Medium Moving,YES
22678,FRENCH BLUE METAL DOOR SIGN 3,750,939.93,Medium Moving,YES
22679,FRENCH BLUE METAL DOOR SIGN 4,646,809.32,Medium Moving,YES
22680,FRENCH BLUE METAL DOOR SIGN 5,743,929.97,Medium Moving,YES
22681,FRENCH BLUE METAL DOOR SIGN 6,627,785.57,Medium Moving,YES
22682,FRENCH BLUE METAL DOOR SIGN 7,618,773.11,Medium Moving,YES
22683,FRENCH BLUE METAL DOOR SIGN 8,575,720.57,Medium Moving,YES
22684,FRENCH BLUE METAL DOOR SIGN 9,462,576.9,Medium Moving,NO
22685,FRENCH BLUE METAL DOOR SIGN 0,543,678.15,Medium Moving,YES
22686,FRENCH BLUE METAL DOOR SIGN No,859,997.2,Medium Moving,YES
22687,DOORMAT CHRISTMAS VILLAGE,568,2991.7,Medium Moving,YES
22688,DOORMAT PEACE ON EARTH BLUE,700,3442.04,Medium Moving,YES
22689,DOORMAT MERRY CHRISTMAS RED ,614,4340.44,Medium Moving,YES
22690,DOORMAT HOME SWEET HOME BLUE ,1595,9619.99,Fast Moving,YES
22691,DOORMAT WELCOME SUNRISE,343,2260.69,Medium Moving,NO
22692,DOORMAT WELCOME TO OUR HOME,1376,9451.58,Fast Moving,YES
22693,GROW A FLYTRAP OR SUNFLOWER IN TIN,15940,17226.2,Fast Moving,YES
22694,WICKER STAR ,1608,3328.8,Fast Moving,YES
22695,WICKER WREATH SMALL,695,850.87,Medium Moving,YES
22696,WICKER WREATH LARGE,692,1303.4599999999998,Medium Moving,YES
22697,GREEN REGENCY TEACUP AND SAUCER,6406,17735.54,Fast Moving,YES
22698,PINK REGENCY TEACUP AND SAUCER,5307,14663.29,Fast Moving,YES
22699,ROSES REGENCY TEACUP AND SAUCER ,9119,24827.25,Fast Moving,YES
22700,BLACK AND WHITE DOG BOWL,1192,2578.78,Fast Moving,YES
22701,PINK DOG BOWL,436,613.24,Medium Moving,NO
22702,BLACK AND WHITE CAT BOWL,1357,2661.8999999999996,Fast Moving,YES
22703,PINK CAT BOWL,168,249.42000000000002,Slow Moving,NO
22704,WRAP RED APPLES ,5250,2157.0,Fast Moving,YES
22705,WRAP GREEN PEARS ,1875,787.5,Fast Moving,YES
22706,WRAP COWBOYS  ,2050,845.0,Fast Moving,YES
22707,WRAP MONSTER FUN ,1250,525.0,Fast Moving,YES
22708,WRAP DOLLY GIRL,2775,1149.5,Fast Moving,YES
22709,WRAP WEDDING DAY,1325,528.5,Fast Moving,YES
22710,WRAP I LOVE LONDON ,4425,1742.5,Fast Moving,YES
22711,WRAP CIRCUS PARADE,2827,1171.34,Fast Moving,YES
22712,CARD DOLLY GIRL ,4271,1701.21,Fast Moving,YES
22713,CARD I LOVE LONDON ,3249,1286.92,Fast Moving,YES
22714,CARD BIRTHDAY COWBOY,3367,1324.8899999999999,Fast Moving,YES
22715,CARD WEDDING DAY,1506,615.24,Fast Moving,YES
22716,CARD CIRCUS PARADE,3076,1267.23,Fast Moving,YES
22717,CARD DOG AND BALL ,1170,487.08,Fast Moving,YES
22718,CARD CAT AND TREE ,1536,636.48,Fast Moving,YES
22719,GUMBALL MONOCHROME COAT RACK,463,508.07000000000005,Medium Moving,NO
22720,SET OF 3 CAKE TINS PANTRY DESIGN ,7010,33298.3,Fast Moving,YES
22721,SET OF 3 CAKE TINS SKETCHBOOK,908,3942.82,Medium Moving,YES
22722,SET OF 6 SPICE TINS PANTRY DESIGN,5360,20482.600000000002,Fast Moving,YES
22723,SET OF 6 HERB TINS SKETCHBOOK,1054,3686.1400000000003,Fast Moving,YES
22725,ALARM CLOCK BAKELIKE CHOCOLATE,1772,6559.26,Fast Moving,YES
22726,ALARM CLOCK BAKELIKE GREEN,5630,20839.15,Fast Moving,YES
22727,ALARM CLOCK BAKELIKE RED ,7206,25868.95,Fast Moving,YES
22728,ALARM CLOCK BAKELIKE PINK,5066,18539.09,Fast Moving,YES
22729,ALARM CLOCK BAKELIKE ORANGE,2179,7984.38,Fast Moving,YES
22730,ALARM CLOCK BAKELIKE IVORY,2721,10259.36,Fast Moving,YES
22731,3D CHRISTMAS STAMPS STICKERS ,1075,1361.95,Fast Moving,YES
22732,3D VINTAGE CHRISTMAS STICKERS ,1522,1930.38,Fast Moving,YES
22733,3D TRADITIONAL CHRISTMAS STICKERS,1471,1882.31,Fast Moving,YES
22734,SET OF 6 RIBBONS VINTAGE CHRISTMAS,2839,8040.27,Fast Moving,YES
22735,RIBBON REEL SOCKS AND MITTENS,668,1097.88,Medium Moving,YES
22736,RIBBON REEL MAKING SNOWMEN ,1091,1807.31,Fast Moving,YES
22737,RIBBON REEL CHRISTMAS PRESENT ,1226,2073.74,Fast Moving,YES
22738,RIBBON REEL SNOWY VILLAGE,1991,3193.03,Fast Moving,YES
22739,RIBBON REEL CHRISTMAS SOCK BAUBLE,1571,2676.39,Fast Moving,YES
22740,POLKADOT PEN,6625,5475.25,Fast Moving,YES
22741,FUNKY DIVA PEN,8328,7010.94,Fast Moving,YES
22742,MAKE YOUR OWN PLAYTIME CARD KIT,624,1236.24,Medium Moving,YES
22743,MAKE YOUR OWN FLOWERPOWER CARD KIT,863,2018.8100000000002,Medium Moving,YES
22744,MAKE YOUR OWN MONSOON CARD KIT,830,1892.14,Medium Moving,YES
22745,POPPY'S PLAYHOUSE BEDROOM ,1780,3673.15,Fast Moving,YES
22746,POPPY'S PLAYHOUSE LIVINGROOM ,1315,2724.6200000000003,Fast Moving,YES
22747,POPPY'S PLAYHOUSE BATHROOM,876,1794.6000000000001,Medium Moving,YES
22748,POPPY'S PLAYHOUSE KITCHEN,1887,3916.9100000000003,Fast Moving,YES
22749,FELTCRAFT PRINCESS CHARLOTTE DOLL,2210,8022.76,Fast Moving,YES
22750,FELTCRAFT PRINCESS LOLA DOLL,1945,7095.69,Fast Moving,YES
22751,FELTCRAFT PRINCESS OLIVIA DOLL,1511,5434.85,Fast Moving,YES
22752,SET 7 BABUSHKA NESTING BOXES,1651,12639.79,Fast Moving,YES
22753,SMALL YELLOW BABUSHKA NOTEBOOK ,917,613.78,Medium Moving,YES
22754,SMALL RED BABUSHKA NOTEBOOK ,1800,1104.74,Fast Moving,YES
22755,SMALL PURPLE BABUSHKA NOTEBOOK ,1574,1010.2299999999999,Fast Moving,YES
22756,LARGE YELLOW BABUSHKA NOTEBOOK ,554,546.88,Medium Moving,YES
22757,LARGE RED BABUSHKA NOTEBOOK ,1008,949.21,Fast Moving,YES
22758,LARGE PURPLE BABUSHKA NOTEBOOK  ,1120,939.52,Fast Moving,YES
22759,SET OF 3 NOTEBOOKS IN PARCEL,5197,8267.25,Fast Moving,YES
22760,"TRAY, BREAKFAST IN BED",259,3089.85,Medium Moving,NO
22761,CHEST 7 DRAWER MA CAMPAGNE,34,821.3,Slow Moving,NO
22762,CUPBOARD 3 DRAWER MA CAMPAGNE,145,2070.95,Slow Moving,NO
22763,KEY CABINET MA CAMPAGNE,190,1855.6999999999998,Slow Moving,NO
22764,"RUSTIC WOODEN CABINET, GLASS DOORS",3,74.85,Slow Moving,NO
22765,NEWSPAPER STAND,25,257.37,Slow Moving,NO
22766,PHOTO FRAME CORNICE,3176,9277.28,Fast Moving,YES
22767,TRIPLE PHOTO FRAME CORNICE ,761,6932.83,Medium Moving,YES
22768,FAMILY PHOTO FRAME CORNICE,836,7636.889999999999,Medium Moving,YES
22769,CHALKBOARD KITCHEN ORGANISER,6,137.7,Slow Moving,NO
22770,MIRROR CORNICE,83,1223.25,Slow Moving,NO
22771,CLEAR DRAWER KNOB ACRYLIC EDWARDIAN,5657,6803.17,Fast Moving,YES
22772,PINK DRAWER KNOB ACRYLIC EDWARDIAN,3269,3831.72,Fast Moving,YES
22773,GREEN DRAWER KNOB ACRYLIC EDWARDIAN,1840,2227.52,Fast Moving,YES
22774,RED DRAWER KNOB ACRYLIC EDWARDIAN,1983,2292.27,Fast Moving,YES
22775,PURPLE DRAWERKNOB ACRYLIC EDWARDIAN,2492,3017.37,Fast Moving,YES
22776,"CAKESTAND, 3 TIER, LOVEHEART",2,19.9,Slow Moving,NO
22776,SWEETHEART 3 TIER CAKE STAND ,222,2174.1,Medium Moving,NO
22776,SWEETHEART CAKESTAND 3 TIER,891,8366.65,Medium Moving,YES
22777,GLASS BELL JAR LARGE,2,17.0,Slow Moving,NO
22777,GLASS CLOCHE LARGE,329,2581.4500000000003,Medium Moving,NO
22778,GLASS BELL JAR SMALL,4,15.8,Slow Moving,NO
22778,GLASS CLOCHE SMALL,753,2727.95,Medium Moving,YES
22779,WOODEN OWLS LIGHT GARLAND ,1532,5768.6,Fast Moving,YES
22780,LIGHT GARLAND BUTTERFILES PINK,1340,5018.84,Fast Moving,YES
22781,GUMBALL MAGAZINE RACK,532,3909.1400000000003,Medium Moving,YES
22782,SET 3 WICKER STORAGE BASKETS ,241,3399.95,Medium Moving,NO
22783,SET 3 WICKER OVAL BASKETS W LIDS,462,5922.12,Medium Moving,NO
22784,LANTERN CREAM GAZEBO ,1205,5676.87,Fast Moving,YES
22785,SQUARECUSHION COVER PINK UNION FLAG,62,415.3,Slow Moving,NO
22785,SQUARECUSHION COVER PINK UNION JACK,150,382.14,Slow Moving,NO
22786,CUSHION COVER PINK UNION JACK,108,576.64,Slow Moving,NO
22788,BROCANTE COAT RACK,205,1734.05,Medium Moving,NO
22789,T-LIGHT HOLDER SWEETHEART HANGING,822,1574.6399999999999,Medium Moving,YES
22791,T-LIGHT GLASS FLUTED ANTIQUE,7264,8288.890000000001,Fast Moving,YES
22792,FLUTED ANTIQUE CANDLE HOLDER,2289,1867.9099999999999,Fast Moving,YES
22794,SWEETHEART WIRE MAGAZINE RACK,300,2373.0,Medium Moving,NO
22795,SWEETHEART RECIPE BOOK STAND,1098,7077.900000000001,Fast Moving,YES
22796,PHOTO FRAME 3 CLASSIC HANGING,552,5357.549999999999,Medium Moving,YES
22797,CHEST OF DRAWERS GINGHAM HEART ,146,2459.04,Slow Moving,NO
22798,ANTIQUE GLASS DRESSING TABLE POT,1642,4684.06,Fast Moving,YES
22799,SWEETHEART WIRE FRUIT BOWL,197,1489.3,Slow Moving,NO
22800,ANTIQUE TALL SWIRLGLASS TRINKET POT,764,2813.38,Medium Moving,YES
22801,ANTIQUE GLASS PEDESTAL BOWL,887,3212.1,Medium Moving,YES
22802,FAUX FUR CHOCOLATE THROW,65,1035.75,Slow Moving,NO
22803,IVORY EMBROIDERED QUILT ,46,1715.9,Slow Moving,NO
22804,CANDLEHOLDER PINK HANGING HEART,2035,5739.33,Fast Moving,YES
22804,PINK HANGING HEART T-LIGHT HOLDER,823,1476.13,Medium Moving,YES
22805,BLUE DRAWER KNOB ACRYLIC EDWARDIAN,1560,1906.68,Fast Moving,YES
22806,SET OF 6 T-LIGHTS WEDDING CAKE ,243,595.6500000000001,Medium Moving,NO
22807,SET OF 6 T-LIGHTS TOADSTOOLS,669,1786.1900000000003,Medium Moving,YES
22808,SET OF 6 T-LIGHTS EASTER CHICKS,320,899.8000000000002,Medium Moving,NO
22809,SET OF 6 T-LIGHTS SANTA,1184,3476.36,Fast Moving,YES
22810,SET OF 6 T-LIGHTS SNOWMEN,900,2768.48,Medium Moving,YES
22811,SET OF 6 T-LIGHTS CACTI ,775,1987.9299999999998,Medium Moving,YES
22812,PACK 3 BOXES CHRISTMAS PANETTONE,39,95.67,Slow Moving,NO
22812,PACK 3 BOXES CHRISTMAS PANNETONE,1531,2867.1499999999996,Fast Moving,YES
22813,PACK 3 BOXES BIRD PANETTONE ,177,340.33,Slow Moving,NO
22813,PACK 3 BOXES BIRD PANNETONE ,2088,3862.9999999999995,Fast Moving,YES
22814,CARD PARTY GAMES ,1569,628.74,Fast Moving,YES
22815,CARD PSYCHEDELIC APPLES,1798,742.2,Fast Moving,YES
22816,CARD MOTORBIKE SANTA,3402,1405.08,Fast Moving,YES
22817,CARD SUKI BIRTHDAY,1858,763.08,Fast Moving,YES
22818,CARD CHRISTMAS VILLAGE,3138,1309.32,Fast Moving,YES
22819,"BIRTHDAY CARD, RETRO SPOT",1848,758.88,Fast Moving,YES
22820,GIFT BAG BIRTHDAY,761,494.83000000000004,Medium Moving,YES
22821,GIFT BAG PSYCHEDELIC APPLES,822,534.6600000000001,Medium Moving,YES
22822,CREAM WALL PLANTER HEART SHAPED,416,2396.71,Medium Moving,NO
22823,CHEST NATURAL WOOD 20 DRAWERS,24,2745.0,Slow Moving,NO
22824,3 TIER SWEETHEART GARDEN SHELF,55,1938.2500000000002,Slow Moving,NO
22825,DECORATIVE PLANT POT WITH FRIEZE,70,544.5,Slow Moving,NO
22826,LOVE SEAT ANTIQUE WHITE METAL,58,6210.0,Slow Moving,NO
22827,RUSTIC  SEVENTEEN DRAWER SIDEBOARD,35,5415.0,Slow Moving,NO
22828,REGENCY MIRROR WITH SHUTTERS,10,1530.0,Slow Moving,NO
22829,SWEETHEART WIRE WALL TIDY,213,2046.85,Medium Moving,NO
22830,UTILTY CABINET WITH HOOKS,131,2610.29,Slow Moving,NO
22831,WHITE BROCANTE SOAP DISH,684,1960.2000000000003,Medium Moving,YES
22832,BROCANTE SHELF WITH HOOKS,155,1645.45,Slow Moving,NO
22833,HALL CABINET WITH 3 DRAWERS,75,2503.5299999999997,Slow Moving,NO
22834,HAND WARMER BABUSHKA DESIGN,4604,6118.43,Fast Moving,YES
22835,HOT WATER BOTTLE I AM SO POORLY,2939,13685.130000000001,Fast Moving,YES
22837,HOT WATER BOTTLE BABUSHKA ,983,4437.35,Medium Moving,YES
22837,HOT WATER BOTTLE BABUSHKA LARGE,8,37.2,Slow Moving,NO
22838,3 TIER CAKE TIN RED AND CREAM,652,8737.78,Medium Moving,YES
22839,3 TIER CAKE TIN GREEN AND CREAM,362,4924.66,Medium Moving,NO
22840,ROUND CAKE TIN VINTAGE RED,888,6576.88,Medium Moving,YES
22841,ROUND CAKE TIN VINTAGE GREEN,515,3887.53,Medium Moving,YES
22842,BISCUIT TIN VINTAGE RED,572,3609.8,Medium Moving,YES
22843,BISCUIT TIN VINTAGE GREEN,433,2685.13,Medium Moving,NO
22844,VINTAGE CREAM DOG FOOD CONTAINER,823,6753.85,Medium Moving,YES
22845,VINTAGE CREAM CAT FOOD CONTAINER,703,4201.74,Medium Moving,YES
22846,BREAD BIN DINER STYLE RED ,626,9597.31,Medium Moving,YES
22847,BREAD BIN DINER STYLE IVORY,847,13131.89,Medium Moving,YES
22847,"BREAD BIN, DINER STYLE, IVORY",4,59.8,Slow Moving,NO
22848,BREAD BIN DINER STYLE PINK,301,4581.4,Medium Moving,NO
22849,BREAD BIN DINER STYLE MINT,302,4612.66,Medium Moving,NO
22849,"BREAD BIN, DINER STYLE, MINT",4,59.8,Slow Moving,NO
22851,SET 20 NAPKINS FAIRY CAKES DESIGN ,2601,2141.43,Fast Moving,YES
22852,DOG BOWL VINTAGE CREAM,354,1507.92,Medium Moving,NO
22853,CAT BOWL VINTAGE CREAM,431,1396.95,Medium Moving,NO
22854,CREAM SWEETHEART EGG HOLDER,750,3547.3,Medium Moving,YES
22855,FINE WICKER HEART ,2506,2982.02,Fast Moving,YES
22856,ASSORTED EASTER DECORATIONS  BELLS,564,650.28,Medium Moving,YES
22857,ASSORTED EASTER GIFT TAGS,1142,933.26,Fast Moving,YES
22858,EASTER TIN KEEPSAKE,1078,1713.8999999999999,Fast Moving,YES
22859,EASTER TIN BUNNY BOUQUET,1144,1822.7999999999997,Fast Moving,YES
22860,EASTER TIN CHICKS PINK DAISY,560,923.9999999999999,Medium Moving,YES
22861,EASTER TIN CHICKS IN GARDEN,292,481.79999999999995,Medium Moving,NO
22862,LOVE HEART NAPKIN BOX ,139,590.75,Slow Moving,NO
22863,SOAP DISH BROCANTE,691,1942.45,Medium Moving,YES
22865,HAND WARMER OWL DESIGN,8056,16113.730000000001,Fast Moving,YES
22866,HAND WARMER SCOTTY DOG DESIGN,6097,12204.660000000002,Fast Moving,YES
22867,HAND WARMER BIRD DESIGN,5993,12064.630000000001,Fast Moving,YES
22868,NUMBER TILE COTTAGE GARDEN 0 ,53,103.35,Slow Moving,NO
22869,NUMBER TILE COTTAGE GARDEN 1,69,134.54999999999998,Slow Moving,NO
22870,NUMBER TILE COTTAGE GARDEN 2,66,128.7,Slow Moving,NO
22871,NUMBER TILE COTTAGE GARDEN 3 ,52,101.39999999999999,Slow Moving,NO
22872,NUMBER TILE COTTAGE GARDEN 4,55,107.25,Slow Moving,NO
22873,NUMBER TILE COTTAGE GARDEN 5,47,91.64999999999999,Slow Moving,NO
22874,NUMBER TILE COTTAGE GARDEN 6,54,105.3,Slow Moving,NO
22875,NUMBER TILE COTTAGE GARDEN 7,51,99.45,Slow Moving,NO
22876,NUMBER TILE COTTAGE GARDEN 8,52,101.39999999999999,Slow Moving,NO
22877,NUMBER TILE COTTAGE GARDEN 9,56,109.2,Slow Moving,NO
22878,NUMBER TILE COTTAGE GARDEN No,52,109.2,Slow Moving,NO
22879,NUMBER TILE VINTAGE FONT 0,62,69.34,Slow Moving,NO
22880,NUMBER TILE VINTAGE FONT 1,70,84.94,Slow Moving,NO
22881,NUMBER TILE VINTAGE FONT 2,79,102.49,Slow Moving,NO
22882,NUMBER TILE VINTAGE FONT 3,83,110.28999999999999,Slow Moving,NO
22883,NUMBER TILE VINTAGE FONT 4,78,100.53999999999999,Slow Moving,NO
22884,NUMBER TILE VINTAGE FONT 5,75,94.69,Slow Moving,NO
22885,NUMBER TILE VINTAGE FONT 6 ,79,102.49,Slow Moving,NO
22886,NUMBER TILE VINTAGE FONT 7,74,92.74,Slow Moving,NO
22887,NUMBER TILE VINTAGE FONT 8,66,77.14,Slow Moving,NO
22888,NUMBER TILE VINTAGE FONT 9 ,63,71.28999999999999,Slow Moving,NO
22889,NUMBER TILE VINTAGE FONT No ,143,156.18,Slow Moving,NO
22890,NOVELTY BISCUITS CAKE STAND 3 TIER,360,3445.4199999999996,Medium Moving,NO
22891,TEA FOR ONE POLKADOT,341,1502.01,Medium Moving,NO
22892,SET OF SALT AND PEPPER TOADSTOOLS,2455,3000.35,Fast Moving,YES
22893,MINI CAKE STAND T-LIGHT HOLDER,1464,591.84,Fast Moving,YES
22894,TABLECLOTH RED APPLES DESIGN ,291,2821.95,Medium Moving,NO
22895,SET OF 2 TEA TOWELS APPLE AND PEARS,1975,5839.59,Fast Moving,YES
22896,PEG BAG APPLE DESIGN,100,210.0,Slow Moving,NO
22896,PEG BAG APPLES DESIGN,1390,3336.37,Fast Moving,YES
22897,OVEN MITT APPLES DESIGN,1296,1847.76,Fast Moving,YES
22898,CHILDRENS APRON APPLES DESIGN,2189,4097.45,Fast Moving,YES
22899,CHILDREN'S APRON DOLLY GIRL ,1981,3984.78,Fast Moving,YES
22900, SET 2 TEA TOWELS I LOVE LONDON ,2621,7190.95,Fast Moving,YES
22900,SET 2 TEA TOWELS I LOVE LONDON ,1947,5839.75,Fast Moving,YES
22902,TOTE BAG I LOVE LONDON,1204,2289.78,Fast Moving,YES
22903,CALENDAR FAMILY FAVOURITES,153,427.43,Slow Moving,NO
22904,CALENDAR PAPER CUT DESIGN,1764,5060.84,Fast Moving,YES
22905,CALENDAR IN SEASON DESIGN,477,1222.54,Medium Moving,NO
22906,12 MESSAGE CARDS WITH ENVELOPES,1621,2578.6499999999996,Fast Moving,YES
22907,PACK OF 20 NAPKINS PANTRY DESIGN,6088,4954.42,Fast Moving,YES
22908,PACK OF 20 NAPKINS RED APPLES,4229,3326.39,Fast Moving,YES
22909,SET OF 20 VINTAGE CHRISTMAS NAPKINS,8111,6520.91,Fast Moving,YES
22910,PAPER CHAIN KIT VINTAGE CHRISTMAS,9423,25639.77,Fast Moving,YES
22911,PAPER CHAIN KIT LONDON,437,1243.99,Medium Moving,NO
22912,YELLOW COAT RACK PARIS FASHION,270,1222.74,Medium Moving,NO
22913,RED COAT RACK PARIS FASHION,327,1479.69,Medium Moving,NO
22914,BLUE COAT RACK PARIS FASHION,427,1974.69,Medium Moving,NO
22915,ASSORTED BOTTLE TOP  MAGNETS ,2928,1104.36,Fast Moving,YES
22916,HERB MARKER THYME,1816,1168.4,Fast Moving,YES
22917,HERB MARKER ROSEMARY,1851,1191.15,Fast Moving,YES
22918,HERB MARKER PARSLEY,1771,1119.15,Fast Moving,YES
22919,HERB MARKER MINT,1665,1070.25,Fast Moving,YES
22920,HERB MARKER BASIL,3325,1997.7500000000002,Fast Moving,YES
22921,HERB MARKER CHIVES ,1643,1055.95,Fast Moving,YES
22922,FRIDGE MAGNETS US DINER ASSORTED,1482,1226.3999999999999,Fast Moving,YES
22923,FRIDGE MAGNETS LES ENFANTS ASSORTED,1269,1031.85,Fast Moving,YES
22924,FRIDGE MAGNETS LA VIE EN ROSE,1170,963.3,Fast Moving,YES
22925,BLUE GIANT GARDEN THERMOMETER,426,2511.7200000000003,Medium Moving,NO
22926,IVORY GIANT GARDEN THERMOMETER,566,3295.7000000000003,Medium Moving,YES
22927,GREEN GIANT GARDEN THERMOMETER,395,2278.25,Medium Moving,NO
22928,YELLOW GIANT GARDEN THERMOMETER,251,1535.5700000000002,Medium Moving,NO
22929,SCHOOL DESK AND CHAIR ,19,1199.75,Slow Moving,NO
22930,BAKING MOULD HEART MILK CHOCOLATE,1040,2513.12,Fast Moving,YES
22931,BAKING MOULD HEART WHITE CHOCOLATE,792,1873.51,Medium Moving,YES
22932,BAKING MOULD TOFFEE CUP  CHOCOLATE,6,15.299999999999999,Slow Moving,NO
22932,BAKING MOULD TOFFEE CUP CHOCOLATE,866,1935.6000000000001,Medium Moving,YES
22933,BAKING MOULD EASTER EGG MILK CHOC,876,2272.2000000000003,Medium Moving,YES
22934,BAKING MOULD EASTER EGG WHITE CHOC,560,1527.2,Medium Moving,YES
22935,BAKING MOULD ROSE MILK CHOCOLATE,673,1964.25,Medium Moving,YES
22936,BAKING MOULD ROSE WHITE CHOCOLATE,258,766.88,Medium Moving,NO
22937,BAKING MOULD CHOCOLATE CUP CAKES,12,30.599999999999998,Slow Moving,NO
22937,BAKING MOULD CHOCOLATE CUPCAKES,915,2358.89,Medium Moving,YES
22937,BAKING MOULD CUPCAKE CHOCOLATE,12,30.599999999999998,Slow Moving,NO
22938,CUPCAKE LACE PAPER SET 6,2321,4355.33,Fast Moving,YES
22939,ADULT APRON APPLE DELIGHT,179,891.9300000000001,Slow Moving,NO
22939,APRON APPLE DELIGHT,267,1286.65,Medium Moving,NO
22940,FELTCRAFT CHRISTMAS FAIRY,1881,7658.93,Fast Moving,YES
22941,CHRISTMAS LIGHTS 10 REINDEER,1570,12133.0,Fast Moving,YES
22942,CHRISTMAS LIGHTS 10 SANTAS ,580,4100.25,Medium Moving,YES
22943,CHRISTMAS LIGHTS 10 VINTAGE BAUBLES,1274,5939.280000000001,Fast Moving,YES
22944,CHRISTMAS METAL POSTCARD WITH BELLS,2704,1125.94,Fast Moving,YES
22945,CHRISTMAS METAL TAGS ASSORTED ,2857,2395.93,Fast Moving,YES
22946,WOODEN ADVENT CALENDAR CREAM,369,5323.05,Medium Moving,NO
22947,WOODEN ADVENT CALENDAR RED,536,5047.6,Medium Moving,YES
22948,METAL DECORATION NAUGHTY CHILDREN ,1454,1284.86,Fast Moving,YES
22949,36 DOILIES DOLLY GIRL,893,1294.85,Medium Moving,YES
22949,SET OF 36 DOLLY GIRL PAPER DOILIES,42,60.9,Slow Moving,NO
22950,36 DOILIES VINTAGE CHRISTMAS,5152,7004.799999999999,Fast Moving,YES
22950,SET OF 36 VINTAGE CHRISTMAS DOILIES,27,39.15,Slow Moving,NO
22951,60 CAKE CASES DOLLY GIRL DESIGN,7211,3735.61,Fast Moving,YES
22952,60 CAKE CASES VINTAGE CHRISTMAS,14712,7405.200000000001,Fast Moving,YES
22952,72 CAKE CASES VINTAGE CHRISTMAS,24,13.200000000000001,Slow Moving,NO
22953,BIRTHDAY BANNER TAPE,24,30.0,Slow Moving,NO
22953,BIRTHDAY PARTY CORDON BARRIER TAPE,436,548.63,Medium Moving,NO
22954,HEN PARTY CORDON BARRIER TAPE,160,200.0,Slow Moving,NO
22955,36 FOIL STAR CAKE CASES ,997,1912.3400000000001,Medium Moving,YES
22956,36 FOIL HEART CAKE CASES,1998,3814.3700000000003,Fast Moving,YES
22957,SET 3 PAPER VINTAGE CHICK PAPER EGG,1746,4872.3,Fast Moving,YES
22959,WRAP CHRISTMAS VILLAGE,4876,2003.92,Fast Moving,YES
22960,JAM MAKING SET WITH JARS,8140,32616.22,Fast Moving,YES
22961,JAM MAKING SET PRINTED,15039,21147.55,Fast Moving,YES
22962,JAM JAR WITH PINK LID,3675,2947.47,Fast Moving,YES
22963,JAM JAR WITH BLUE LID,24,17.28,Slow Moving,NO
22963,JAM JAR WITH GREEN LID,3046,2433.88,Fast Moving,YES
22964,3 PIECE SPACEBOY COOKIE CUTTER SET,2510,5026.240000000001,Fast Moving,YES
22965,3 TRADITIONAL COOKIE CUTTERS  SET,162,304.20000000000005,Slow Moving,NO
22965,3 TRADITIONAl BISCUIT CUTTERS  SET,1154,2418.0200000000004,Fast Moving,YES
22966,GINGERBREAD MAN COOKIE CUTTER,7196,8615.130000000001,Fast Moving,YES
22967,SET 3 SONG BIRD PAPER EGGS ASSORTED,1159,3224.65,Fast Moving,YES
22968,ROSE COTTAGE KEEPSAKE BOX ,728,6565.0,Medium Moving,YES
22969,HOMEMADE JAM SCENTED CANDLES,12080,17504.2,Fast Moving,YES
22970,LONDON BUS COFFEE MUG,4213,9582.15,Fast Moving,YES
22971,QUEENS GUARD COFFEE MUG,2365,5603.57,Fast Moving,YES
22972,CHILDREN'S SPACEBOY MUG,1688,2746.1599999999994,Fast Moving,YES
22972,CHILDRENS SPACEBOY MUG,24,39.599999999999994,Slow Moving,NO
22973,CHILDREN'S CIRCUS PARADE MUG,1186,1914.5799999999997,Fast Moving,YES
22974,CHILDRENS DOLLY GIRL MUG,1514,2443.14,Fast Moving,YES
22975,SPACEBOY CHILDRENS EGG CUP,1118,1405.97,Fast Moving,YES
22976,CIRCUS PARADE CHILDRENS EGG CUP ,1022,1282.34,Fast Moving,YES
22977,DOLLY GIRL CHILDRENS EGG CUP,904,1131.21,Medium Moving,YES
22978,PANTRY ROLLING PIN,2406,9180.529999999999,Fast Moving,YES
22979,PANTRY WASHING UP BRUSH,3913,5785.71,Fast Moving,YES
22980,PANTRY SCRUBBING BRUSH,2286,3656.9399999999996,Fast Moving,YES
22981,PANTRY APPLE CORER,435,601.9499999999999,Medium Moving,NO
22982,PANTRY PASTRY BRUSH,1044,1307.05,Fast Moving,YES
22983,CARD BILLBOARD FONT,5026,2067.75,Fast Moving,YES
22984,CARD GINGHAM ROSE ,2654,1063.66,Fast Moving,YES
22985,WRAP BILLBOARD FONTS DESIGN,1800,756.0,Fast Moving,YES
22985,"WRAP, BILLBOARD FONTS DESIGN",1950,731.0,Fast Moving,YES
22986,GINGHAM ROSE WRAP,1825,766.5,Fast Moving,YES
22986,WRAP GINGHAM ROSE ,2276,943.92,Fast Moving,YES
22987,WRAP SUMMER ROSE DESIGN,100,42.0,Slow Moving,NO
22988,SOLDIERS EGG CUP ,8757,10070.220000000001,Fast Moving,YES
22989,SET 2 PANTRY DESIGN TEA TOWELS,2693,8310.17,Fast Moving,YES
22990,COTTON APRON PANTRY DESIGN,602,2670.54,Medium Moving,YES
22991,GIRAFFE WOODEN RULER,3708,6816.84,Fast Moving,YES
22992,REVOLVER WOODEN RULER ,4914,8944.439999999999,Fast Moving,YES
22993,SET OF 4 PANTRY JELLY MOULDS,11769,14151.42,Fast Moving,YES
22994,TRAVEL CARD WALLET RETROSPOT,2104,882.24,Fast Moving,YES
22995,TRAVEL CARD WALLET SUKI,2228,932.88,Fast Moving,YES
22996,TRAVEL CARD WALLET VINTAGE TICKET,4540,1875.12,Fast Moving,YES
22997,TRAVEL CARD WALLET UNION JACK,2477,1038.9,Fast Moving,YES
22998,TRAVEL CARD WALLET KEEP CALM,11645,4641.32,Fast Moving,YES
22999,TRAVEL CARD WALLET RETRO PETALS,1489,623.94,Fast Moving,YES
22999,TRAVEL CARD WALLET VINTAGE LEAF,1320,554.4,Fast Moving,YES
23000,TRAVEL CARD WALLET TRANSPORT,3042,1274.76,Fast Moving,YES
23002,TRAVEL CARD WALLET SKULLS,2052,860.4,Fast Moving,YES
23003,TRAVEL CARD WALLET VINTAGE ROSE ,541,225.78,Medium Moving,YES
23004,TRAVEL CARD WALLET PANTRY,1853,779.9,Fast Moving,YES
23005,TRAVEL CARD WALLET I LOVE LONDON,4346,1767.72,Fast Moving,YES
23006,TRAVEL CARD WALLET FLOWER MEADOW,1693,709.62,Fast Moving,YES
23007, SPACEBOY BABY GIFT SET,449,7048.549999999999,Medium Moving,NO
23008,DOLLY GIRL BABY GIFT SET,419,6534.049999999999,Medium Moving,NO
23009,I LOVE LONDON BABY GIFT SET,209,3262.5499999999997,Medium Moving,NO
23010,CIRCUS PARADE BABY GIFT SET,285,4444.75,Medium Moving,NO
23012,GLASS APOTHECARY BOTTLE PERFUME,1014,3763.6400000000003,Fast Moving,YES
23013,GLASS APOTHECARY BOTTLE TONIC,865,3211.09,Medium Moving,YES
23014,GLASS APOTHECARY BOTTLE ELIXIR,798,2951.78,Medium Moving,YES
23015,CORDIAL GLASS JUG,30,247.5,Slow Moving,NO
23015,CORDIAL JUG,6,49.5,Slow Moving,NO
23016,GLASS TWIST BON BON JAR,69,512.85,Slow Moving,NO
23017,APOTHECARY MEASURING JAR,64,751.4000000000001,Slow Moving,NO
23018,LARGE APOTHECARY MEASURING JAR ,50,587.2,Slow Moving,NO
23019,SMALL APOTHECARY MEASURING JAR ,81,629.0500000000001,Slow Moving,NO
23020,GLASS  SONGBIRD STORAGE JAR,165,1965.3,Slow Moving,NO
23020,GLASS SONGBIRD STORAGE JAR,11,126.7,Slow Moving,NO
23021,GLASS BONNE JAM JAR,117,475.95000000000005,Slow Moving,NO
23022,SMALL BONNE JAM JAR  T-LIGHT HOLDER,416,795.6800000000001,Medium Moving,NO
23023,RIDGED BONNE JAM JAR T-LIGHT HOLDER,260,411.43999999999994,Medium Moving,NO
23024,LARGE BONNE JAM JAR  T-LIGHT HOLDER,254,662.0600000000001,Medium Moving,NO
23025,DRAWER KNOB VINTAGE GLASS BALL,317,669.61,Medium Moving,NO
23026,DRAWER KNOB VINTAGE GLASS STAR,503,1016.97,Medium Moving,YES
23027,DRAWER KNOB VINTAGE GLASS HEXAGON,287,596.96,Medium Moving,NO
23028,DOORKNOB CRACKED GLAZE BLUE,162,238.49999999999997,Slow Moving,NO
23028,DRAWER KNOB CRACKLE GLAZE BLUE,1079,1751.7899999999997,Fast Moving,YES
23029,DOORKNOB CRACKED GLAZE GREEN,12,19.799999999999997,Slow Moving,NO
23029,DRAWER KNOB CRACKLE GLAZE GREEN,1272,2060.3999999999996,Fast Moving,YES
23031,DOORKNOB CRACKED GLAZE PINK,12,19.799999999999997,Slow Moving,NO
23031,DRAWER KNOB CRACKLE GLAZE PINK,1216,1967.9999999999998,Fast Moving,YES
23032,DOORKNOB CRACKED GLAZE IVORY,174,258.29999999999995,Slow Moving,NO
23032,DRAWER KNOB CRACKLE GLAZE IVORY,2076,3348.5999999999995,Fast Moving,YES
23033,DRAWER KNOB CERAMIC RED,679,943.75,Medium Moving,YES
23034,DRAWER KNOB CERAMIC BLACK,935,1314.95,Medium Moving,YES
23035,DOORKNOB CERAMIC IVORY,36,52.199999999999996,Slow Moving,NO
23035,DRAWER KNOB CERAMIC IVORY,2035,2863.39,Fast Moving,YES
23036,T-LIGHT HOLDER SILVER PETIT FOUR ,182,227.5,Slow Moving,NO
23037,CANDLE HOLDER SILVER MADELINE,193,315.28999999999996,Slow Moving,NO
23038,T-LIGHT HOLDER SILVER SAUCER,41,38.029999999999994,Slow Moving,NO
23039,T-LIGHT HOLDER SILVER HEART HANDLE,192,370.79999999999995,Slow Moving,NO
23040,PAPER LANTERN 9 POINT SNOW STAR,12,69.0,Slow Moving,NO
23040,PAPER LANTERN 9 POINT SNOW STAR ,234,1249.5,Medium Moving,NO
23041,PAPER LANTERN 6 POINT SNOW STAR,26,107.9,Slow Moving,NO
23041,PAPER LANTERN 9 POINT SNOW STAR,234,971.1,Medium Moving,NO
23042,PAPER LANTERN 7 POINT SNOW STAR,99,658.35,Slow Moving,NO
23043,PAPER LANTERN 9 POINT HOLLY STAR 40,6,37.5,Slow Moving,NO
23043,PAPER LANTERN 9 POINT HOLLY STAR L,69,431.25,Slow Moving,NO
23044,PAPER LANTERN 9 POINT HOLLY STAR 23,18,74.7,Slow Moving,NO
23044,PAPER LANTERN 9 POINT HOLLY STAR S,82,340.3,Slow Moving,NO
23045,PAPER LANTERN 5 POINT STAR MOON ,106,439.90000000000003,Slow Moving,NO
23045,PAPER LANTERN 5 POINT STAR MOON 30,10,41.5,Slow Moving,NO
23046,PAPER LANTERN 9 POINT DELUXE STAR,347,2091.55,Medium Moving,NO
23047,PAPER LANTERN 5 POINT SEQUIN STAR,50,287.5,Slow Moving,NO
23047,PAPER LANTERN 5 POINT STUDDED STAR,8,46.0,Slow Moving,NO
23048,SET OF 10 LANTERNS FAIRY LIGHT STAR,560,2248.1400000000003,Medium Moving,YES
23049,RECYCLED ACAPULCO MAT RED,435,3572.75,Medium Moving,NO
23050,RECYCLED ACAPULCO MAT GREEN,459,3763.55,Medium Moving,NO
23051,RECYCLED ACAPULCO MAT BLUE,335,2741.35,Medium Moving,NO
23052,RECYCLED ACAPULCO MAT TURQUOISE,571,4694.75,Medium Moving,YES
23053,RECYCLED ACAPULCO MAT PINK,318,2589.9,Medium Moving,NO
23054,RECYCLED ACAPULCO MAT LAVENDER,266,2189.7,Medium Moving,NO
23055,IVORY CHANDELIER T-LIGHT HOLDER,560,1286.72,Medium Moving,YES
23056,CRYSTAL CHANDELIER T-LIGHT HOLDER,3,18.75,Slow Moving,NO
23056,FLOWERS CHANDELIER T-LIGHT HOLDER,863,2770.91,Medium Moving,YES
23057,BEADED CHANDELIER T-LIGHT HOLDER,596,1298.44,Medium Moving,YES
23057,GEMSTONE CHANDELIER T-LIGHT HOLDER,78,347.70000000000005,Slow Moving,NO
23058,CHRISTMAS HANGING SNOWFLAKE,486,421.02000000000004,Medium Moving,NO
23060,HEART BEADED TRELLIS DECORATION,244,507.52000000000004,Medium Moving,NO
23061,VINTAGE EMBOSSED HEART,886,1102.46,Medium Moving,YES
23061,VINTAGE ENGRAVED HEART,60,75.0,Slow Moving,NO
23064,CINDERELLA CHANDELIER ,220,3617.6000000000004,Medium Moving,NO
23065,LARGE DECO JEWELLERY STAND,246,2977.8,Medium Moving,NO
23065,LARGE JEWELLERY STAND,10,125.0,Slow Moving,NO
23066,SMALL DECO JEWELLERY STAND,229,1831.65,Medium Moving,NO
23066,SMALL JEWELLERY STAND,16,132.0,Slow Moving,NO
23067,HANGING ENGRAVED METAL HEART,274,1137.1000000000001,Medium Moving,NO
23068,ALUMINIUM HEART,30,74.7,Slow Moving,NO
23068,ALUMINIUM STAMPED HEART,771,1852.5500000000002,Medium Moving,YES
23069,EDWARDIAN PHOTO FRAME,87,543.75,Slow Moving,NO
23070,EDWARDIAN HEART PHOTO FRAME,147,610.0500000000001,Slow Moving,NO
23071,MARIE ANTOIENETT TRINKET BOX GOLD,1,12.5,Slow Moving,NO
23071,MARIE ANTOINETTE TRINKET BOX GOLD,312,1167.6,Medium Moving,NO
23072,MARIE ANTOINETTE TRINKET BOX SILVER,326,1099.0,Medium Moving,NO
23073,GEORGIAN TRINKET BOX,141,1681.5,Slow Moving,NO
23074,EMBOSSED HEART TRINKET BOX,221,444.02000000000004,Medium Moving,NO
23075,DOUBLE CERAMIC PARLOUR HOOK,22,91.30000000000001,Slow Moving,NO
23075,PARLOUR CERAMIC WALL HOOK,443,1819.2500000000002,Medium Moving,NO
23076,ICE CREAM SUNDAE LIP GLOSS,7896,9638.16,Fast Moving,YES
23077,DOUGHNUT LIP GLOSS ,9642,11615.7,Fast Moving,YES
23078,ICE CREAM PEN LIP GLOSS ,6607,8077.31,Fast Moving,YES
23079, TOADSTOOL BEDSIDE LIGHT ,2,17.9,Slow Moving,NO
23079,TOADSTOOL BEDSIDE LIGHT ,246,2180.7,Medium Moving,NO
23080,RED METAL BOX TOP SECRET,998,7920.78,Medium Moving,YES
23081,GREEN METAL BOX ARMY SUPPLIES,437,3474.39,Medium Moving,NO
23081,GREEN METAL BOX TOP SECRET,16,132.0,Slow Moving,NO
23082,SET 6 PAPER TABLE LANTERN HEARTS ,2260,8110.68,Fast Moving,YES
23083,SET 6 PAPER TABLE LANTERN STARS ,1859,6735.88,Fast Moving,YES
23084,RABBIT NIGHT LIGHT,27153,51251.24,Fast Moving,YES
23085,ANTIQUE SILVER BAUBLE LAMP  ,369,3437.7000000000003,Medium Moving,NO
23086,ZINC  STAR T-LIGHT HOLDER ,1183,1357.79,Fast Moving,YES
23086,ZINC STAR T-LIGHT HOLDER ,8,10.0,Slow Moving,NO
23087,ZINC  HEART T-LIGHT HOLDER,830,997.1800000000001,Medium Moving,YES
23088,ZINC HEART FLOWER T-LIGHT HOLDER,760,947.18,Medium Moving,YES
23089,GLASS BON BON JAR,2135,3495.2699999999995,Fast Moving,YES
23090,VINTAGE GLASS T-LIGHT HOLDER,2129,1722.79,Fast Moving,YES
23091,METAL HERB GERDEN CONTAINER,24,139.68,Slow Moving,NO
23091,ZINC HERB GARDEN CONTAINER,535,3279.82,Medium Moving,YES
23092,LARGE ANTIQUE WHITE PHOTO FRAME,507,3568.26,Medium Moving,YES
23093,SMALL PARISIENNE HEART PHOTO FRAME ,915,2122.67,Medium Moving,YES
23094,LE GRAND TRAY CHIC SET,147,1837.5,Slow Moving,NO
23096,PETIT TRAY CHIC,993,1606.7299999999998,Medium Moving,YES
23099,FRENCH CARRIAGE LANTERN,132,858.9000000000001,Slow Moving,NO
23100,SILVER BELLS TABLE DECORATION,2090,2562.1,Fast Moving,YES
23101,SILVER STARS TABLE DECORATION,1942,1569.62,Fast Moving,YES
23102,SILVER HEARTS TABLE DECORATION,1231,995.3299999999999,Fast Moving,YES
23103,BELL HEART DECORATION,252,387.0,Medium Moving,NO
23103,JINGLE BELL HEART DECORATION,3679,6055.949999999999,Fast Moving,YES
23104,IVORY CAFE HANGING LAMP ,114,1330.5,Slow Moving,NO
23104,IVORY PANTRY HANGING LAMP ,2,25.0,Slow Moving,NO
23106,ZINC HEARTS PLANT POT HOLDER,275,746.15,Medium Moving,NO
23106,ZINC PLANT POT HOLDER,8,23.12,Slow Moving,NO
23107,WHITE HEARTS WIRE PLANT POT HOLDER,324,873.5600000000001,Medium Moving,NO
23107,WHITE WIRE PLANT POT HOLDER,16,46.24,Slow Moving,NO
23108,SET OF 10 LED DOLLY LIGHTS,2192,12972.73,Fast Moving,YES
23109,LED TEA LIGHTS,595,1676.3500000000001,Medium Moving,YES
23109,PACK OF SIX LED TEA LIGHTS,1715,4808.55,Fast Moving,YES
23110,PARISIENNE KEY CABINET ,662,3673.7,Medium Moving,YES
23111,PARISIENNE SEWING BOX,296,3464.8,Medium Moving,NO
23112,PARISIENNE CURIO CABINET,471,3437.3,Medium Moving,NO
23113,PANTRY CHOPPING BOARD,1138,5695.86,Fast Moving,YES
23114,VINTAGE LEAF CHOPPING BOARD  ,144,684.0000000000001,Slow Moving,NO
23115,RED APPLES CHOPPING BOARD   ,144,684.0,Slow Moving,NO
23116,VEGETABLE GARDEN CHOPPING BOARD,70,317.70000000000005,Slow Moving,NO
23117,POPPY FIELDS CHOPPING BOARD,85,420.75,Slow Moving,NO
23118,PARISIENNE JEWELLERY DRAWER ,765,5399.02,Medium Moving,YES
23119,PACK OF 6 LARGE FRUIT STRAWS ,2155,1275.71,Fast Moving,YES
23120,PACK OF 6 SMALL FRUIT STRAWS,1617,644.58,Fast Moving,YES
23121,PACK OF 6 COCKTAIL PARASOL STRAWS,2460,958.3199999999999,Fast Moving,YES
23122,PARTY CHARMS 50 PIECES,2091,1552.6499999999999,Fast Moving,YES
23123,COCKTAIL SWORDS 50 PIECES,899,705.25,Medium Moving,YES
23124,18PC WOODEN CUTLERY SET DISPOSABLE,503,595.15,Medium Moving,YES
23125,6PC WOOD PLATE SET DISPOSABLE,405,443.25,Medium Moving,NO
23126,DOLLCRAFT GIRL AMELIE,36,178.2,Slow Moving,NO
23126,DOLLCRAFT GIRL AMELIE KIT,66,294.7,Slow Moving,NO
23126,FELTCRAFT GIRL AMELIE KIT,982,4799.38,Medium Moving,YES
23127,DOLLCRAFT GIRL NICOLE,68,336.6,Slow Moving,NO
23127,FELTCRAFT GIRL NICOLE KIT,645,3169.79,Medium Moving,YES
23128,DOLLCRAFT BOY JEAN-PAUL ,82,373.9,Slow Moving,NO
23128,FELTCRAFT BOY JEAN-PAUL KIT,349,1711.23,Medium Moving,NO
23129,HEART SHAPED HOLLY WREATH,942,3933.1800000000003,Medium Moving,YES
23130,MISELTOE HEART WREATH ,80,312.8,Slow Moving,NO
23130,MISTLETOE HEART WREATH GREEN,838,3435.6200000000003,Medium Moving,YES
23131,MISELTOE HEART WREATH CREAM,240,996.0000000000001,Medium Moving,NO
23131,MISELTOE HEART WREATH WHITE,78,304.5,Slow Moving,NO
23131,MISTLETOE HEART WREATH CREAM,575,2332.13,Medium Moving,YES
23132,SMALL IVORY HEART WALL ORGANISER,1008,4989.08,Fast Moving,YES
23133,LARGE IVORY HEART WALL ORGANISER,759,5142.91,Medium Moving,YES
23134,LARGE ZINC HEART WALL ORGANISER,1064,6414.48,Fast Moving,YES
23135,SMALL ZINC HEART WALL ORGANISER,1538,5378.8,Fast Moving,YES
23136,IVORY WIRE SWEETHEART LETTER TRAY,127,467.05,Slow Moving,NO
23137,ZINC WIRE SWEETHEART LETTER TRAY,80,253.24,Slow Moving,NO
23138,SINGLE WIRE HOOK IVORY HEART,870,1201.8999999999999,Medium Moving,YES
23139,SINGLE WIRE HOOK PINK HEART,406,502.38,Medium Moving,NO
23140,TRIPLE WIRE HOOK IVORY HEART,160,658.5400000000001,Slow Moving,NO
23141,TRIPLE WIRE HOOK PINK HEART,68,215.00000000000003,Slow Moving,NO
23142,IVORY WIRE KITCHEN ORGANISER,116,1137.65,Slow Moving,NO
23143,ZINC WIRE KITCHEN ORGANISER,25,156.8,Slow Moving,NO
23144,ZINC T-LIGHT HOLDER STARS SMALL,4894,3879.9799999999996,Fast Moving,YES
23145,ZINC T-LIGHT HOLDER STAR LARGE,2030,1896.5399999999997,Fast Moving,YES
23145,ZINC T-LIGHT HOLDER STARS LARGE,24,22.799999999999997,Slow Moving,NO
23146,TRIPLE HOOK ANTIQUE IVORY ROSE,778,2526.02,Medium Moving,YES
23147,SINGLE ANTIQUE ROSE HOOK IVORY,1843,2669.95,Fast Moving,YES
23148,MINIATURE ANTIQUE ROSE HOOK IVORY,2065,1711.55,Fast Moving,YES
23148,MINITURE ANTIQUE ROSE HOOK IVORY,48,40.8,Slow Moving,NO
23149,ANTIQUE IVORY WIRE BOWL SMALL,97,241.53000000000003,Slow Moving,NO
23150,IVORY SWEETHEART SOAP DISH,139,346.11,Slow Moving,NO
23151,ZINC SWEETHEART SOAP DISH,59,104.41000000000001,Slow Moving,NO
23152,IVORY SWEETHEART WIRE LETTER RACK ,541,1998.51,Medium Moving,YES
23153,ZINC SWEETHEART WIRE LETTER RACK,248,923.63,Medium Moving,NO
23154,SET OF 4 JAM JAR MAGNETS,2441,4922.01,Fast Moving,YES
23155,KNICKERBOCKERGLORY MAGNET ASSORTED ,2094,1669.3799999999999,Fast Moving,YES
23156,SET OF 5 MINI GROCERY MAGNETS,1631,3297.2200000000003,Fast Moving,YES
23157,SET OF 6 NATIVITY MAGNETS ,2530,5031.55,Fast Moving,YES
23158,SET OF 5 LUCKY CAT MAGNETS ,2536,5117.32,Fast Moving,YES
23159,SET OF 5 PANCAKE DAY MAGNETS,2255,4562.7300000000005,Fast Moving,YES
23160,REGENCY TEA SPOON,1392,1651.8,Fast Moving,YES
23161,REGENCY CAKE FORK,1608,1896.6000000000001,Fast Moving,YES
23162,REGENCY TEA STRAINER,1362,4789.24,Fast Moving,YES
23163,REGENCY SUGAR TONGS,1714,3949.7000000000003,Fast Moving,YES
23164,REGENCY CAKE SLICE,564,2579.21,Medium Moving,YES
23165,LARGE CERAMIC TOP STORAGE JAR,2950,4617.9,Fast Moving,YES
23166,MEDIUM CERAMIC TOP STORAGE JAR,77916,81416.73000000001,Fast Moving,YES
23167,SMALL CERAMIC TOP STORAGE JAR ,5666,4184.179999999999,Fast Moving,YES
23168,CLASSIC CAFE SUGAR DISPENSER,2633,3037.1,Fast Moving,YES
23168,CLASSIC SUGAR DISPENSER,216,247.32,Medium Moving,NO
23169,CLASSIC GLASS COOKIE JAR,1332,5350.200000000001,Fast Moving,YES
23169,CLASSIC GLASS SWEET JAR,119,479.45000000000005,Slow Moving,NO
23170,REGENCY TEA PLATE ROSES ,6563,10170.99,Fast Moving,YES
23171,REGENCY TEA PLATE GREEN ,5966,9184.9,Fast Moving,YES
23172,REGENCY TEA PLATE PINK,3688,5793.28,Fast Moving,YES
23173,REGENCY TEAPOT ROSES ,2662,23033.52,Fast Moving,YES
23174,REGENCY SUGAR BOWL GREEN,2954,11567.24,Fast Moving,YES
23175,REGENCY MILK JUG PINK ,3062,8995.0,Fast Moving,YES
23176,ABC TREASURE BOOK BOX ,2088,4373.26,Fast Moving,YES
23177,TREASURE ISLAND BOOK BOX,2428,5029.8,Fast Moving,YES
23178,JAM CLOCK MAGNET,309,838.47,Medium Moving,NO
23179,CLOCK MAGNET MUM'S KITCHEN,304,837.88,Medium Moving,NO
23180,MUM'S KITCHEN CLOCK,104,471.90000000000003,Slow Moving,NO
23181,BULL DOG BOTTLE TOP WALL CLOCK,185,1484.25,Slow Moving,NO
23182,TOILET SIGN OCCUPIED OR VACANT,3378,2807.6899999999996,Fast Moving,YES
23183,MOTHER'S KITCHEN SPOON REST ,178,690.71,Slow Moving,NO
23184,BULL DOG BOTTLE OPENER,778,3749.5,Medium Moving,YES
23185,FRENCH STYLE STORAGE JAR JAM,317,114.85,Medium Moving,NO
23186,FRENCH STYLE STORAGE JAR CAFE ,1982,819.4599999999999,Fast Moving,YES
23187,FRENCH STYLE STORAGE JAR BONBONS,2338,695.06,Fast Moving,YES
23188,VINTAGE  2 METER FOLDING RULER,1775,2902.47,Fast Moving,YES
23188,VINTAGE  2 METRE FOLDING RULER,1321,2197.6899999999996,Fast Moving,YES
23189,SET OF 12 FORK CANDLES,1215,3319.35,Fast Moving,YES
23190,BUNDLE OF 3 SCHOOL EXERCISE BOOKS  ,1678,2691.14,Fast Moving,YES
23191,BUNDLE OF 3 RETRO EXERCISE BOOKS,60,98.99999999999999,Slow Moving,NO
23191,BUNDLE OF 3 RETRO NOTE BOOKS,2099,3393.3499999999995,Fast Moving,YES
23192,BUNDLE OF 3 ALPHABET EXERCISE BOOKS,3269,5197.169999999999,Fast Moving,YES
23193,BUFFALO BILL TREASURE BOOK BOX,1847,3750.57,Fast Moving,YES
23194,GYMKHANA TREASURE BOOK BOX,1630,3417.83,Fast Moving,YES
23194,GYMKHANNA TREASURE BOOK BOX,120,261.84000000000003,Slow Moving,NO
23196,LEAVES MAGNETIC  SHOPPING LIST,24,34.8,Slow Moving,NO
23196,RETO LEAVES MAGNETIC SHOPPING LIST,36,52.199999999999996,Slow Moving,NO
23196,RETRO LEAVES MAGNETIC NOTEPAD,103,149.35,Slow Moving,NO
23196,VINTAGE LEAF MAGNETIC NOTEPAD,1593,2242.65,Fast Moving,YES
23197,SKETCHBOOK MAGNETIC SHOPPING LIST,1318,1900.9399999999998,Fast Moving,YES
23197,VEGETABLE MAGNETIC  SHOPPING LIST,36,49.8,Slow Moving,NO
23198,PANTRY MAGNETIC  SHOPPING LIST,3063,4341.19,Fast Moving,YES
23199,JUMBO BAG APPLES,13875,26426.3,Fast Moving,YES
23200,JUMBO BAG PEARS,6729,13034.92,Fast Moving,YES
23201,JUMBO BAG ALPHABET,12533,24160.44,Fast Moving,YES
23202,JUMBO BAG VINTAGE LEAF,10695,20921.55,Fast Moving,YES
23203,JUMBO BAG DOILEY PATTERNS,8735,16737.1,Fast Moving,YES
23203,JUMBO BAG VINTAGE DOILEY ,143,268.44,Slow Moving,NO
23203,JUMBO BAG VINTAGE DOILY ,10620,20641.4,Fast Moving,YES
23204,CHARLOTTE BAG APPLES DESIGN,7039,5632.15,Fast Moving,YES
23205,CHARLOTTE BAG ALPHABET  DESIGN,400,320.5,Medium Moving,NO
23205,CHARLOTTE BAG VINTAGE ALPHABET ,4750,3784.52,Fast Moving,YES
23206,LUNCH BAG APPLE DESIGN,11530,18220.5,Fast Moving,YES
23207,LUNCH BAG ALPHABET DESIGN,7533,11994.41,Fast Moving,YES
23208,LUNCH BAG VINTAGE LEAF DESIGN,6191,9950.35,Fast Moving,YES
23209,LUNCH BAG DOILEY PATTERN ,6477,10323.05,Fast Moving,YES
23209,LUNCH BAG VINTAGE DOILEY ,70,115.5,Slow Moving,NO
23209,LUNCH BAG VINTAGE DOILY ,6438,10347.66,Fast Moving,YES
23210,WHITE ROCKING HORSE HAND PAINTED,2750,3311.5,Fast Moving,YES
23211,RED ROCKING HORSE HAND PAINTED,2206,2631.5,Fast Moving,YES
23212,HEART WREATH DECORATION WITH BELL,2163,2562.63,Fast Moving,YES
23212,PAINTED HEART WREATH WITH BELL,12,15.0,Slow Moving,NO
23213,STAR WREATH DECORATION WITH BELL,1594,1921.94,Fast Moving,YES
23214,BELL HEART ANTIQUE GOLD,12,24.96,Slow Moving,NO
23214,JINGLE BELL HEART ANTIQUE GOLD,760,1599.8700000000001,Medium Moving,YES
23215,JINGLE BELL HEART ANTIQUE SILVER,3544,6955.8,Fast Moving,YES
23216,LAUREL HEART ANTIQUE GOLD,518,613.51,Medium Moving,YES
23217,LAUREL HEART ANTIQUE SILVER,1290,1567.0,Fast Moving,YES
23218,LAUREL STAR ANTIQUE GOLD,372,465.81,Medium Moving,NO
23219,LAUREL STAR ANTIQUE SILVER ,404,504.6,Medium Moving,NO
23220,REINDEER HEART DECORATION GOLD,929,774.43,Medium Moving,YES
23221,REINDEER HEART DECORATION SILVER,1461,1241.59,Fast Moving,YES
23222,CHRISTMAS TREE HANGING GOLD,776,690.64,Medium Moving,YES
23223,CHRISTMAS TREE HANGING SILVER ,745,670.1099999999999,Medium Moving,YES
23224,CHERUB HEART DECORATION GOLD,719,620.4499999999999,Medium Moving,YES
23225,CHERUB HEART DECORATION SILVER ,1296,1089.6,Fast Moving,YES
23226,FILIGREE HEART DAISY WHITE,1199,1478.59,Fast Moving,YES
23227,FILIGREE HEART BUTTERFLY WHITE ,1592,1947.06,Fast Moving,YES
23228,FILIGREE HEART BIRD WHITE ,1397,1726.3,Fast Moving,YES
23229,DONKEY TAIL GAME ,54,189.54000000000002,Slow Moving,NO
23229,VINTAGE DONKEY TAIL GAME ,1750,6146.89,Fast Moving,YES
23230,WRAP ALPHABET DESIGN,7925,3196.5,Fast Moving,YES
23231,WRAP  VINTAGE DOILEY ,100,42.0,Slow Moving,NO
23231,WRAP  VINTAGE DOILY ,2450,1029.0,Fast Moving,YES
23231,WRAP DOILEY DESIGN,4675,1915.5,Fast Moving,YES
23232,WRAP VINTAGE LEAF DESIGN,5251,2109.42,Fast Moving,YES
23232,WRAP VINTAGE PETALS  DESIGN,3275,1327.5,Fast Moving,YES
23233,WRAP POPPIES  DESIGN,5175,2105.5,Fast Moving,YES
23234,BISCUIT TIN VINTAGE CHRISTMAS,1632,4567.38,Fast Moving,YES
23235,BISCUIT TIN VINTAGE LEAF,24,64.56,Slow Moving,NO
23235,STORAGE TIN VINTAGE LEAF,702,1831.1000000000001,Medium Moving,YES
23236,DOILEY BISCUIT TIN,120,327.6,Slow Moving,NO
23236,DOILEY STORAGE TIN,1082,2934.98,Fast Moving,YES
23236,STORAGE TIN VINTAGE DOILEY ,6,17.34,Slow Moving,NO
23236,STORAGE TIN VINTAGE DOILY ,1235,3502.15,Fast Moving,YES
23237,SET OF 4 KNICK KNACK TINS LEAF,739,2970.8500000000004,Medium Moving,YES
23237,SET OF 4 KNICK KNACK TINS LEAVES ,304,1237.2,Medium Moving,NO
23238,SET OF 4 KNICK KNACK TINS LONDON ,1775,7116.650000000001,Fast Moving,YES
23239,SET OF 4 KNICK KNACK TINS POPPIES,812,3142.4,Medium Moving,YES
23240,SET OF 4 KNICK KNACK TINS  DOILEY ,6,24.900000000000002,Slow Moving,NO
23240,SET OF 4 KNICK KNACK TINS DOILEY ,1802,7132.700000000001,Fast Moving,YES
23240,SET OF 4 KNICK KNACK TINS DOILY ,2286,9237.300000000001,Fast Moving,YES
23241,TREASURE TIN GYMKHANA DESIGN,2005,4060.0,Fast Moving,YES
23242,TREASURE TIN BUFFALO BILL ,1430,2886.0800000000004,Fast Moving,YES
23243,SET OF TEA COFFEE SUGAR TINS PANTRY,4658,22109.08,Fast Moving,YES
23244,CANNISTER VINTAGE LEAF DESIGN,12,23.4,Slow Moving,NO
23244,ROUND STORAGE TIN VINTAGE LEAF,853,1552.5099999999998,Medium Moving,YES
23244,STORAGE TIN VINTAGE LEAF,60,117.0,Slow Moving,NO
23245,SET OF 3 REGENCY CAKE TINS,5844,26566.280000000002,Fast Moving,YES
23247,BISCUIT TIN 50'S CHRISTMAS,2048,5760.52,Fast Moving,YES
23249,ENAMEL DINNER PLATE PANTRY,12,19.799999999999997,Slow Moving,NO
23249,VINTAGE RED ENAMEL TRIM PLATE,778,1254.8999999999999,Medium Moving,YES
23250,ENAMEL BOWL PANTRY,24,30.0,Slow Moving,NO
23250,VINTAGE RED TRIM ENAMEL BOWL ,1079,1328.59,Fast Moving,YES
23251,ENAMEL MUG PANTRY,12,15.0,Slow Moving,NO
23251,VINTAGE RED ENAMEL TRIM MUG ,1633,1940.45,Fast Moving,YES
23252,ENAMEL JUG PANTRY,8,30.0,Slow Moving,NO
23252,VINTAGE RED ENAMEL TRIM JUG ,578,2123.34,Medium Moving,YES
23253,16 PC CUTLERY SET PANTRY DESIGN,4,63.8,Slow Moving,NO
23253,16 PIECE CUTLERY SET PANTRY DESIGN,210,3018.2999999999997,Medium Moving,NO
23254,CHILDRENS CUTLERY DOLLY GIRL ,1621,6525.55,Fast Moving,YES
23254,KIDS CUTLERY DOLLY GIRL ,36,149.4,Slow Moving,NO
23255,CHILDRENS CUTLERY CIRCUS PARADE,962,3852.44,Medium Moving,YES
23256,CHILDRENS CUTLERY SPACEBOY ,1980,7966.080000000001,Fast Moving,YES
23256,KIDS CUTLERY SPACEBOY ,36,149.4,Slow Moving,NO
23263,SET OF 3 WOODEN HEART DECORATIONS,3717,4791.58,Fast Moving,YES
23264,SET OF 3 WOODEN SLEIGH DECORATIONS,1842,2396.7,Fast Moving,YES
23265,SET OF 3 WOODEN TREE DECORATIONS,1665,2153.71,Fast Moving,YES
23266,SET OF 3 WOODEN STOCKING DECORATION,1964,2529.64,Fast Moving,YES
23267,SET OF 4 SANTA PLACE SETTINGS,1158,1427.34,Fast Moving,YES
23268,SET OF 2 CERAMIC CHRISTMAS REINDEER,1434,1980.1799999999998,Fast Moving,YES
23269,SET OF 2 CERAMIC CHRISTMAS TREES,748,1065.3999999999999,Medium Moving,YES
23270,SET OF 2 CERAMIC PAINTED HEARTS ,1157,1612.85,Fast Moving,YES
23271,CHRISTMAS TABLE CANDLE SILVER SPIKE,16,13.28,Slow Moving,NO
23271,CHRISTMAS TABLE SILVER CANDLE SPIKE,1603,1301.05,Fast Moving,YES
23272,TREE T-LIGHT HOLDER WILLIE WINKIE,352,522.7399999999999,Medium Moving,NO
23273,HEART T-LIGHT HOLDER WILLIE WINKIE,928,1533.84,Medium Moving,YES
23274,STAR T-LIGHT HOLDER WILLIE WINKIE,1139,1870.1099999999997,Fast Moving,YES
23275,SET OF 3 HANGING OWLS OLLIE BEAK,3613,4291.17,Fast Moving,YES
23280,FOLDING BUTTERFLY MIRROR HOT PINK ,1838,1427.16,Fast Moving,YES
23280,FOLDING MIRROR HOT PINK ,156,118.91999999999999,Slow Moving,NO
23281,FOLDING BUTTERFLY MIRROR RED  ,1252,961.28,Fast Moving,YES
23281,FOLDING MIRROR RED  ,18,14.939999999999998,Slow Moving,NO
23282,FOLDING BUTTERFLY MIRROR IVORY ,735,597.78,Medium Moving,YES
23282,FOLDING MIRROR IVORY ,18,14.939999999999998,Slow Moving,NO
23283,DOORMAT VINTAGE LEAF,541,3766.57,Medium Moving,YES
23283,DOORMAT VINTAGE LEAVES DESIGN ,426,2833.7000000000003,Medium Moving,NO
23284,DOORMAT KEEP CALM AND COME IN,5338,35880.85,Fast Moving,YES
23285,PINK VINTAGE SPOT BEAKER,4679,4384.83,Fast Moving,YES
23286,BLUE VINTAGE SPOT BEAKER,4901,4528.29,Fast Moving,YES
23287,RED VINTAGE SPOT BEAKER,1774,1445.5,Fast Moving,YES
23288,GREEN VINTAGE SPOT BEAKER,4505,4261.889999999999,Fast Moving,YES
23289,DOLLY GIRL CHILDRENS BOWL,1553,1854.8500000000001,Fast Moving,YES
23290,SPACEBOY CHILDRENS BOWL,2367,2757.15,Fast Moving,YES
23291,DOLLY GIRL CHILDRENS CUP,1548,1880.14,Fast Moving,YES
23292,SPACE BOY CHILDRENS CUP,130,143.3,Slow Moving,NO
23292,SPACEBOY CHILDRENS CUP,1951,2343.07,Fast Moving,YES
23293,SET OF 12 FAIRY CAKE BAKING CASES,8228,6457.0,Fast Moving,YES
23294,SET OF 6 SNACK LOAF BAKING CASES,4264,3336.94,Fast Moving,YES
23295,SET OF 12 MINI LOAF BAKING CASES,5957,4670.63,Fast Moving,YES
23296,SET OF 6 TEA TIME BAKING CASES,4877,5684.650000000001,Fast Moving,YES
23297,SET 40 HEART SHAPE PETIT FOUR CASES,4260,6677.0,Fast Moving,YES
23298,"BUNTING , SPOTTY ",146,634.7,Slow Moving,NO
23298,SPOTTY BUNTING,7633,35509.55,Fast Moving,YES
23299,"FOOD COVER WITH BEADS , SET 2 SIZES",3,11.25,Slow Moving,NO
23299,FOOD COVER WITH BEADS SET 2 ,977,3545.17,Medium Moving,YES
23300,GARDENERS KNEELING PAD CUP OF TEA ,6285,9933.689999999999,Fast Moving,YES
23301,GARDENERS KNEELING PAD KEEP CALM ,7722,12463.779999999999,Fast Moving,YES
23302,KNEELING MAT HOUSEWORK  DESIGN,1473,1980.7099999999998,Fast Moving,YES
23303,SET 4 PICNIC CUTLERY FONDANT,65,126.75,Slow Moving,NO
23304,SET 4 PICNIC CUTLERY CHERRY ,71,138.45,Slow Moving,NO
23305,SET 4 PICNIC CUTLERY BLUEBERRY,82,159.9,Slow Moving,NO
23306,SET OF 36 DOILIES PANTRY DESIGN,2653,3761.9199999999996,Fast Moving,YES
23306,SET OF 36 PANTRY PAPER DOILIES,39,58.019999999999996,Slow Moving,NO
23307,SET OF 60 PANTRY DESIGN CAKE CASES ,11661,5974.39,Fast Moving,YES
23308,SET OF 60 VINTAGE LEAF CAKE CASES ,5955,3091.61,Fast Moving,YES
23309,SET OF 60 I LOVE LONDON CAKE CASES ,7670,3697.7000000000003,Fast Moving,YES
23310,BUBBLEGUM RING ASSORTED,11891,4894.83,Fast Moving,YES
23311,VINTAGE CHRISTMAS STOCKING ,2199,5564.25,Fast Moving,YES
23312,VINTAGE CHRISTMAS GIFT SACK,1364,5523.0,Fast Moving,YES
23313,VINTAGE CHRISTMAS BUNTING,2748,12960.12,Fast Moving,YES
23314,VINTAGE CHRISTMAS TABLECLOTH,391,4638.52,Medium Moving,NO
23315,IVORY REFECTORY CLOCK,202,1894.7,Medium Moving,NO
23316,RED REFECTORY CLOCK ,235,2212.25,Medium Moving,NO
23317,BLUE REFECTORY CLOCK ,161,1547.95,Slow Moving,NO
23318,BOX OF 6 MINI VINTAGE CRACKERS,3645,8345.43,Fast Moving,YES
23319,BOX OF 6 MINI 50'S CRACKERS,3520,8169.4800000000005,Fast Moving,YES
23320,GIANT 50'S CHRISTMAS CRACKER,2628,6907.52,Fast Moving,YES
23321,SMALL WHITE HEART OF WICKER,4262,6798.099999999999,Fast Moving,YES
23322,LARGE WHITE HEART OF WICKER,2892,8137.500000000001,Fast Moving,YES
23323,WHITE WICKER STAR ,1422,2954.7000000000003,Fast Moving,YES
23324,RUSTIC STRAWBERRY JAM POT LARGE ,261,531.84,Medium Moving,NO
23324,RUSTIC STRAWBERRY JAMPOT LARGE ,120,238.56,Slow Moving,NO
23325,RUSTIC STRAWBERRY JAM POT SMALL,408,641.9999999999999,Medium Moving,NO
23325,RUSTIC STRAWBERRY JAMPOT SMALL,36,59.39999999999999,Slow Moving,NO
23326,HANGING MINI COLOURED BOTTLES,3369,1999.5900000000001,Fast Moving,YES
23327,HANGING CLEAR MINI BOTTLE,1710,1012.0200000000001,Fast Moving,YES
23328,SET 6 SCHOOL MILK BOTTLES IN CRATE,2063,7495.29,Fast Moving,YES
23329,DECORATIVE WICKER HEART LARGE,1701,2794.6499999999996,Fast Moving,YES
23330,DECORATIVE WICKER HEART MEDIUM,1751,2181.19,Fast Moving,YES
23331,DECORATIVE WICKER HEART SMALL,1492,932.2800000000001,Fast Moving,YES
23332,IVORY WICKER HEART LARGE,1979,3255.7499999999995,Fast Moving,YES
23333,IVORY WICKER HEART MEDIUM,2009,2498.65,Fast Moving,YES
23334,IVORY WICKER HEART SMALL,2154,1345.5,Fast Moving,YES
23335,EGG FRYING PAN IVORY ,358,722.5600000000001,Medium Moving,NO
23336,EGG FRYING PAN PINK ,199,415.97,Slow Moving,NO
23337,EGG FRYING PAN MINT ,169,351.52000000000004,Slow Moving,NO
23338,EGG FRYING PAN RED ,405,820.32,Medium Moving,NO
23339,EGG FRYING PAN BLUE ,150,312.0,Slow Moving,NO
23340,VINTAGE CHRISTMAS CAKE FRILL,2453,3879.45,Fast Moving,YES
23341,PINK DINER WALL CLOCK,281,2317.1,Medium Moving,NO
23342,MINT DINER CLOCK,2,17.0,Slow Moving,NO
23342,MINT DINER WALL CLOCK,363,3034.5,Medium Moving,NO
23343,JUMBO BAG VINTAGE CHRISTMAS ,4905,9742.1,Fast Moving,YES
23344,JUMBO BAG 50'S CHRISTMAS ,8933,17636.04,Fast Moving,YES
23345, DOLLY GIRL BEAKER,2394,2754.5,Fast Moving,YES
23346,SPACEBOY BEAKER,2567,2970.75,Fast Moving,YES
23347,I LOVE LONDON BEAKER,827,999.75,Medium Moving,YES
23348,CHILDRENS TOY COOKING UTENSIL SET,676,1363.16,Medium Moving,YES
23349,ROLL WRAP VINTAGE CHRISTMAS,2847,3450.39,Fast Moving,YES
23350,ROLL WRAP VINTAGE SPOT ,2584,3154.4,Fast Moving,YES
23351,ROLL WRAP 50'S CHRISTMAS,3054,3694.02,Fast Moving,YES
23352,ROLL WRAP 50'S RED CHRISTMAS ,1593,1961.01,Fast Moving,YES
23353,6 GIFT TAGS VINTAGE CHRISTMAS ,3726,3068.8199999999997,Fast Moving,YES
23354,6 GIFT TAGS 50'S CHRISTMAS ,3343,2750.93,Fast Moving,YES
23355,HOT WATER BOTTLE KEEP CALM,5313,24302.550000000003,Fast Moving,YES
23356,LOVE HOT WATER BOTTLE,2325,12954.75,Fast Moving,YES
23357,HOT WATER BOTTLE SEX BOMB,432,1832.0,Medium Moving,NO
23358,HOT STUFF HOT WATER BOTTLE,527,1686.15,Medium Moving,YES
23359,SET OF 12 T-LIGHTS VINTAGE DOILEY,61,118.94999999999999,Slow Moving,NO
23359,SET OF 12 T-LIGHTS VINTAGE DOILY,915,1715.85,Medium Moving,YES
23360,SET 8 CANDLES VINTAGE DOILEY,122,216.29999999999998,Slow Moving,NO
23360,SET 8 CANDLES VINTAGE DOILY,1024,1932.0,Fast Moving,YES
23365,SET 12 COLOUR PENCILS LOVE LONDON,1529,991.45,Fast Moving,YES
23366,SET 12 COLOUR PENCILS DOILEY,48,31.200000000000003,Slow Moving,NO
23366,SET 12 COLOURING PENCILS DOILEY,1,0.65,Slow Moving,NO
23366,SET 12 COLOURING PENCILS DOILY,1870,1177.1000000000001,Fast Moving,YES
23367,SET 12 COLOUR PENCILS SPACEBOY ,2778,1803.3000000000002,Fast Moving,YES
23368,SET 12 COLOUR PENCILS DOLLY GIRL ,2152,1396.4,Fast Moving,YES
23369,SET 36 COLOUR PENCILS LOVE LONDON,901,1053.29,Medium Moving,YES
23370,SET 36 COLOUR PENCILS DOILEY,64,80.0,Slow Moving,NO
23370,SET 36 COLOURING PENCILS DOILEY,1,1.25,Slow Moving,NO
23370,SET 36 COLOURING PENCILS DOILY,1289,1562.6100000000001,Fast Moving,YES
23371,SET 36 COLOUR PENCILS SPACEBOY ,1498,1775.22,Fast Moving,YES
23372,SET 36 COLOUR PENCILS DOLLY GIRL,1294,1520.22,Fast Moving,YES
23373,VINTAGE CHRISTMAS PAPER GIFT BAG,1563,1241.6599999999999,Fast Moving,YES
23374,RED SPOT PAPER GIFT BAG,2444,1944.08,Fast Moving,YES
23375,50'S CHRISTMAS PAPER GIFT BAG,1317,1059.9399999999998,Fast Moving,YES
23376,PACK OF 12 VINTAGE CHRISTMAS TISSUE,2630,995.4599999999999,Fast Moving,YES
23377,PACK OF 12 DOLLY GIRL TISSUES,1200,468.0,Fast Moving,YES
23378,PACK OF 12 50'S CHRISTMAS TISSUES,3413,1270.59,Fast Moving,YES
23379,PACK OF 12 RED APPLE TISSUES,1175,428.01,Fast Moving,YES
23380,PACK OF 12 DOILEY TISSUES,72,28.08,Slow Moving,NO
23380,PACK OF 12 VINTAGE DOILY TISSUES,2087,783.6899999999999,Fast Moving,YES
23381,PACK OF 12 VINTAGE LEAF TISSUES ,1474,544.62,Fast Moving,YES
23382,BOX OF 6 CHRISTMAS CAKE DECORATIONS,1712,6155.04,Fast Moving,YES
23388,WOODLAND MINI BACKPACK,784,3133.6000000000004,Medium Moving,YES
23388,WOODLAND MINI RUCKSACK ,5,20.75,Slow Moving,NO
23389,SPACEBOY MINI BACKPACK,1030,4134.5,Fast Moving,YES
23389,SPACEBOY MINI RUCKSACK,13,53.95,Slow Moving,NO
23390,DOLLY GIRL MINI BACKPACK,713,2838.9500000000003,Medium Moving,YES
23390,DOLLY GIRL MINI RUCKSACK,8,33.2,Slow Moving,NO
23391, I LOVE LONDON MINI BACKPACK,359,1449.8500000000001,Medium Moving,NO
23391, I LOVE LONDON MINI RUCKSACK,1,4.15,Slow Moving,NO
23392,SPACEBOY ROCKET LOLLY MAKERS,587,1165.28,Medium Moving,YES
23393,HOME SWEET HOME CUSHION COVER ,763,2861.25,Medium Moving,YES
23394,POSTE FRANCE CUSHION COVER,392,1470.0,Medium Moving,NO
23395,BELLE JARDINIERE CUSHION COVER,683,2555.73,Medium Moving,YES
23396,BUTTERFLY CUSHION COVER,8,30.0,Slow Moving,NO
23396,LA JARDIN BOTANIQUE CUSHION COVER,80,300.0,Slow Moving,NO
23396,LE JARDIN BOTANIQUE CUSHION COVER,521,1948.23,Medium Moving,YES
23397,FOOT STOOL HOME SWEET HOME ,434,4069.9,Medium Moving,NO
23398,HANGING HEART BONHEUR,587,495.83,Medium Moving,YES
23399,HOME SWEET HOME HANGING HEART,1815,1539.6299999999999,Fast Moving,YES
23400,SHELF WITH 4 HOOKS HOME SWEET HOME,448,2247.36,Medium Moving,NO
23401,RUSTIC MIRROR WITH LACE HEART,443,2155.51,Medium Moving,NO
23402,HOME SWEEET HOME 3 PEG HANGER ,25,93.75,Slow Moving,NO
23402,HOME SWEET HOME 3 PEG HANGER ,255,934.1700000000001,Medium Moving,NO
23403,LETTER HOLDER HOME SWEET HOME,595,1980.31,Medium Moving,YES
23404,HOME SWEET HOME BLACKBOARD,969,4108.58,Medium Moving,YES
23405,HOME SWEET HOME 2 DRAWER CABINET,235,1128.05,Medium Moving,NO
23406,HOME SWEET HOME KEY HOLDER,434,2148.54,Medium Moving,NO
23407,SET OF 2 TRAYS HOME SWEET HOME,248,2426.72,Medium Moving,NO
23408,PHOTO FRAME LINEN AND LACE SMALL,310,644.8000000000001,Medium Moving,NO
23409,PHOTO FRAME LINEN AND LACE LARGE,208,771.72,Medium Moving,NO
23410,CURIO CABINET LINEN AND LACE ,36,290.1,Slow Moving,NO
23411, TRELLIS COAT RACK,217,1016.5500000000001,Medium Moving,NO
23412,HEART MIRROR ANTIQUE WHITE,351,2269.14,Medium Moving,NO
23413,DECORATIVE VINTAGE COFFEE  BOX,44,208.20000000000002,Slow Moving,NO
23413,DECROTIVEVINTAGE COFFEE GRINDER BOX,10,49.5,Slow Moving,NO
23413,VINTAGE COFFEE GRINDER BOX,102,485.70000000000005,Slow Moving,NO
23414,ZINC BOX SIGN HOME,139,1348.01,Slow Moving,NO
23415,HOME SWEET HOME HOOK,326,405.59999999999997,Medium Moving,NO
23416,CHAMBRE HOOK,123,155.06999999999996,Slow Moving,NO
23417,BATHROOM HOOK,140,137.76,Slow Moving,NO
23418,LAVENDER TOILETTE BOTTLE,533,1066.88,Medium Moving,YES
23419,HOME SWEET HOME BOTTLE ,437,895.0400000000001,Medium Moving,NO
23420,PANTRY HOOK TEA STRAINER ,159,330.72,Slow Moving,NO
23421,PANTRY HOOK SPATULA,152,316.16,Slow Moving,NO
23422,PANTRY HOOK BALLOON WHISK ,196,407.68,Slow Moving,NO
23423,PANTRY 3 HOOK ROLLING PIN HANGER,202,757.5,Medium Moving,NO
23424,GINGHAM RECIPE BOOK BOX,409,1966.95,Medium Moving,NO
23425,STORAGE TIN HOME SWEET HOME,237,435.43,Medium Moving,NO
23426,METAL SIGN DROP YOUR PANTS,1230,3186.78,Fast Moving,YES
23427,STOOL HOME SWEET HOME ,227,2635.9,Medium Moving,NO
23428,IVORY RETRO KITCHEN WALL CLOCK,70,559.5,Slow Moving,NO
23429,RED RETRO KITCHEN WALL CLOCK,44,358.6,Slow Moving,NO
23430,BLUE RETRO KITCHEN WALL CLOCK,35,285.25,Slow Moving,NO
23431,NATURAL HANGING QUILTED HEARTS ,1427,1113.1299999999999,Fast Moving,YES
23432,PRETTY HANGING QUILTED HEARTS,1272,1045.1999999999998,Fast Moving,YES
23433,HANGING QUILTED PATCHWORK APPLES,1215,1003.17,Fast Moving,YES
23434,3 RAFFIA RIBBONS 50'S CHRISTMAS ,1782,1624.5,Fast Moving,YES
23435,3 RAFFIA RIBBONS VINTAGE CHRISTMAS,676,606.28,Medium Moving,YES
23436,GIFT BAG LARGE VINTAGE CHRISTMAS,148,185.0,Slow Moving,NO
23436,VINTAGE CHRISTMAS GIFT BAG LARGE ,1781,2066.65,Fast Moving,YES
23437, 50'S CHRISTMAS GIFT BAG LARGE,1885,2272.25,Fast Moving,YES
23437,GIFT BAG LARGE 50'S CHRISTMAS,24,30.0,Slow Moving,NO
23438, RED SPOT GIFT BAG LARGE,1686,2023.5,Fast Moving,YES
23438,GIFT BAG LARGE SPOT ,96,120.0,Slow Moving,NO
23439,HAND WARMER RED LOVE HEART,3721,7574.1,Fast Moving,YES
23440,PAINT YOUR OWN EGGS IN CRATE,164,299.36,Slow Moving,NO
23441,HAND PAINTED HANGING EASTER EGG,22,9.24,Slow Moving,NO
23442,12 HANGING EGGS HAND PAINTED,40,83.2,Slow Moving,NO
23444,Next Day Carriage,79,1200.0,Slow Moving,NO
23445,ICE CREAM BUBBLES,2647,2131.0099999999998,Fast Moving,YES
23446,BLUE BUNNY EASTER EGG BASKET,157,230.24999999999997,Slow Moving,NO
23447,PINK BUNNY EASTER EGG BASKET,158,231.89999999999998,Slow Moving,NO
23448,CREAM BUNNY EASTER EGG BASKET,25,41.24999999999999,Slow Moving,NO
23449,SET OF 6 EASTER RAINBOW CHICKS,12,15.0,Slow Moving,NO
23451,SQUARE MINI PORTRAIT FRAME,268,519.0,Medium Moving,NO
23452,HEART MINI PORTRAIT FRAME,510,990.9,Medium Moving,YES
23453,OVAL  MINI PORTRAIT FRAME,315,611.85,Medium Moving,NO
23454,SET OF 3 MINI HANGING PORTRAITS,32,123.2,Slow Moving,NO
23454,THREE MINI HANGING FRAMES,129,535.35,Slow Moving,NO
23455,SMALL PARLOUR FRAME,42,106.98000000000002,Slow Moving,NO
23455,SMALL PARLOUR PICTURE FRAME,164,459.56,Slow Moving,NO
23456,MEDIUM PARLOUR FRAME ,22,84.1,Slow Moving,NO
23456,MEDIUM PARLOUR PICTURE FRAME ,136,550.0,Slow Moving,NO
23457,LARGE PARLOUR FRAME,27,122.85,Slow Moving,NO
23457,LARGE PARLOUR PICTURE FRAME,77,375.75,Slow Moving,NO
23458,DOLLY CABINET 3 DRAWERS ,51,762.4499999999999,Slow Moving,NO
23459,DOLLY CABINET 2 DRAWERS ,33,412.5,Slow Moving,NO
23460,SWEETHEART WALL TIDY ,108,1007.0799999999999,Slow Moving,NO
23461,SWEETHEART BIRD HOUSE,829,2908.55,Medium Moving,YES
23462,ROCOCO WALL MIROR,2,39.9,Slow Moving,NO
23462,ROCOCO WALL MIRROR WHITE,75,1442.25,Slow Moving,NO
23463,VINTAGE ZINC WATERING CAN,12,119.39999999999999,Slow Moving,NO
23464,VINTAGE ZINC WATERING CAN SMALL,16,79.2,Slow Moving,NO
23465,TUSCAN VILLA BIRD FEEDER,16,132.0,Slow Moving,NO
23465,TUSCAN VILLA FEEDING STATION,12,99.0,Slow Moving,NO
23466,TUSCAN VILLA DOVECOTE,12,99.0,Slow Moving,NO
23466,TUSCAN VILLA DOVECOTE BIRD FEEDER,37,299.25,Slow Moving,NO
23467,VINTAGE ZINC PLANTER  ,23,75.67,Slow Moving,NO
23468,TUSCAN VILLA BIRD TABLE ,19,156.75,Slow Moving,NO
23469,CARD HOLDER LOVE BIRD SMALL,320,1255.7600000000002,Medium Moving,NO
23470,CARD HOLDER LOVE BIRD LARGE ,220,1323.4,Medium Moving,NO
23471,SIX DRAWER OFFICE TIDY,64,596.0,Slow Moving,NO
23472, NINE DRAWER OFFICE TIDY,54,777.9,Slow Moving,NO
23473,WOODLAND SMALL RED FELT HEART,665,530.8299999999999,Medium Moving,YES
23474,WOODLAND SMALL BLUE FELT HEART,297,246.51,Medium Moving,NO
23475,WOODLAND SMALL PINK FELT HEART,280,232.39999999999998,Medium Moving,NO
23476,WOODLAND LARGE RED FELT HEART,198,247.5,Slow Moving,NO
23477,WOODLAND LARGE BLUE FELT HEART,85,106.25,Slow Moving,NO
23478,WOODLAND LARGE PINK FELT HEART,278,307.18,Medium Moving,NO
23479,WIRE EGG BASKET ,109,819.65,Slow Moving,NO
23480,MINI LIGHTS WOODLAND MUSHROOMS,1717,6118.59,Fast Moving,YES
23481,PEARLISED IVORY HEART SMALL ,217,266.21,Medium Moving,NO
23482,PEARLISED IVORY HEART LARGE ,415,651.15,Medium Moving,NO
23483,HANGING  BUTTERFLY T-LIGHT HOLDER,1310,1526.62,Fast Moving,YES
23484,HEART TRELLIS TRIPLE T-LIGHT HOLDER,118,331.42,Slow Moving,NO
23484,HEART TRELLISTRIPLE T-LIGHT HOLDER,56,152.24,Slow Moving,NO
23485,BOTANICAL GARDENS WALL CLOCK ,259,5719.0,Medium Moving,NO
23486,ANTIQUE HEART SHELF UNIT,267,3879.15,Medium Moving,NO
23487,SWEET HEART CAKE CARRIER,78,753.9999999999999,Slow Moving,NO
23489,"GARLAND, VINTAGE BELLS",92,265.88,Slow Moving,NO
23489,VINTAGE BELLS GARLAND,784,2246.56,Medium Moving,YES
23490,T-LIGHT HOLDER HANGING LOVE BIRD,533,1965.63,Medium Moving,YES
23491,VINTAGE JINGLE BELLS HEART,226,1864.5,Medium Moving,NO
23492,VINTAGE JINGLE BELLS WREATH,74,610.5,Slow Moving,NO
23493,VINTAGE DOILY TRAVEL SEWING KIT,3516,6736.2,Fast Moving,YES
23494,VINTAGE DOILY DELUXE SEWING KIT ,722,4194.900000000001,Medium Moving,YES
23495,SET OF 3 PANTRY WOODEN SPOONS,192,240.0,Slow Moving,NO
23496,PANTRY KITCHEN THERMOMETER ,88,110.0,Slow Moving,NO
23497,CLASSIC CHROME BICYCLE BELL ,2451,3431.35,Fast Moving,YES
23497,CLASSIC CROME BICYCLE BELL ,60,77.4,Slow Moving,NO
23498,CLASSIC BICYCLE CLIPS ,1587,2200.15,Fast Moving,YES
23499,SET 12 VINTAGE DOILY CHALK ,1244,522.48,Fast Moving,YES
23500,KEY RING BASEBALL BOOT ASSORTED ,1580,1928.8,Fast Moving,YES
23501,KEY RING BASEBALL BOOT UNION JACK,1770,2103.3,Fast Moving,YES
23502,PLAYING CARDS VINTAGE DOILEY ,13,16.25,Slow Moving,NO
23502,PLAYING CARDS VINTAGE DOILY ,677,822.73,Medium Moving,YES
23503,PLAYING CARDS KEEP CALM & CARRY ON,3432,4242.96,Fast Moving,YES
23504,PLAYING CARDS JUBILEE UNION JACK,1661,2073.73,Fast Moving,YES
23505,PLAYING CARDS I LOVE LONDON ,1058,1238.5,Fast Moving,YES
23506,MINI PLAYING CARDS SPACEBOY ,2694,1106.28,Fast Moving,YES
23507,MINI PLAYING CARDS BUFFALO BILL ,2839,1128.18,Fast Moving,YES
23508,MINI PLAYING CARDS DOLLY GIRL ,2472,1013.0400000000001,Fast Moving,YES
23509,MINI PLAYING CARDS FUN FAIR ,1040,433.2,Fast Moving,YES
23510,MINI PLAYING CARDS GYMKHANA,2297,901.74,Fast Moving,YES
23511,EMBROIDERED RIBBON REEL EMILY ,524,1046.42,Medium Moving,YES
23512,EMBROIDERED RIBBON REEL ROSIE,484,921.46,Medium Moving,NO
23513,EMBROIDERED RIBBON REEL SUSIE ,556,1072.96,Medium Moving,YES
23514,EMBROIDERED RIBBON REEL SALLY ,458,909.14,Medium Moving,NO
23515,EMBROIDERED RIBBON REEL DAISY ,558,1075.3799999999999,Medium Moving,YES
23516,EMBROIDERED RIBBON REEL SOPHIE  ,291,1025.01,Medium Moving,NO
23517,EMBROIDERED RIBBON REEL REBECCA ,312,860.88,Medium Moving,NO
23518,EMBROIDERED RIBBON REEL RACHEL ,357,954.9300000000001,Medium Moving,NO
23519,EMBROIDERED RIBBON REEL CLAIRE,219,755.01,Medium Moving,NO
23520,EMBROIDERED RIBBON REEL RUBY ,165,585.63,Slow Moving,NO
23521,CAT AND BIRD WALL ART,270,323.64,Medium Moving,NO
23521,WALL ART CAT AND BIRD ,118,324.98,Slow Moving,NO
23522,DOG AND BALL WALL ART,252,425.87999999999994,Medium Moving,NO
23522,WALL ART DOG AND BALL ,89,226.29000000000002,Slow Moving,NO
23523,TREASURE AHOY WALL ART,270,833.46,Medium Moving,NO
23523,WALL ART TREASURE AHOY ,87,317.97,Slow Moving,NO
23524,HORSE & PONY WALL ART,256,797.3100000000001,Medium Moving,NO
23524,WALL ART HORSE & PONY ,209,644.6700000000001,Medium Moving,NO
23525,BUFFALO BILL WALL ART ,246,845.22,Medium Moving,NO
23525,WALL ART BUFFALO BILL ,321,932.6700000000001,Medium Moving,NO
23526,DOG LICENCE WALL ART,408,2081.64,Medium Moving,NO
23526,WALL ART DOG LICENCE ,474,2265.18,Medium Moving,NO
23527,ANIMALS AND NATURE WALL ART,267,923.97,Medium Moving,NO
23527,WALL ART ANIMALS AND NATURE ,148,471.0,Slow Moving,NO
23528,SPACEBOY WALL ART,306,885.9000000000001,Medium Moving,NO
23528,WALL ART SPACEBOY,156,495.48,Slow Moving,NO
23529,DOLLY GIRL WALL ART,318,1055.94,Medium Moving,NO
23529,WALL ART DOLLY GIRL ,311,896.3700000000001,Medium Moving,NO
23530,WALL ART ONLY ONE PERSON ,1031,4211.55,Fast Moving,YES
23530,"WALL ART,ONLY ONE PERSON ",6,29.700000000000003,Slow Moving,NO
23531,WALL ART BIG LOVE ,960,5319.36,Medium Moving,YES
23532,WALL ART WORK REST AND PLAY  ,205,853.47,Medium Moving,NO
23533,WALL ART GARDEN HAVEN ,210,936.34,Medium Moving,NO
23534,STOP FOR TEA WALL ART,518,2572.7,Medium Moving,YES
23534,WALL ART STOP FOR TEA ,688,3748.1800000000003,Medium Moving,YES
23535,BICYCLE SAFTEY WALL ART,458,2371.94,Medium Moving,NO
23535,WALL ART BICYCLE SAFETY,644,3412.52,Medium Moving,YES
23535,WALL ART BICYCLE SAFTEY ,21,114.15,Slow Moving,NO
23536,VILLAGE SHOW WALL ART,386,2072.42,Medium Moving,NO
23536,WALL ART VILLAGE SHOW ,227,1201.6100000000001,Medium Moving,NO
23537,I LOVE LONDON WALL ART,12,59.400000000000006,Slow Moving,NO
23537,WALL ART I LOVE LONDON ,86,387.3,Slow Moving,NO
23538,WALL ART VINTAGE HEART,326,1273.92,Medium Moving,NO
23539,"WALL ART , LOVES' SECRET ",8,47.6,Slow Moving,NO
23539,WALL ART LOVES' SECRET ,229,1082.1100000000001,Medium Moving,NO
23540,"WALL ART , THE MAGIC FOREST ",2,13.9,Slow Moving,NO
23540,WALL ART THE MAGIC FOREST ,144,876.64,Slow Moving,NO
23541,"WALL ART ,PUDDINGS ",8,61.2,Slow Moving,NO
23541,WALL ART CLASSIC PUDDINGS ,821,6093.49,Medium Moving,YES
23542,70'S ALPHABET WALL ART,150,1043.1,Slow Moving,NO
23542,WALL ART 70'S ALPHABET ,334,2399.58,Medium Moving,NO
23543,KEEP CALM WALL ART ,269,2015.97,Medium Moving,NO
23543,WALL ART KEEP CALM ,958,4853.5,Medium Moving,YES
23544,WALL ART MID CENTURY MODERN ,164,1015.78,Slow Moving,NO
23545,WRAP RED DOILEY,375,157.5,Medium Moving,NO
23545,WRAP RED VINTAGE DOILY,2100,866.0,Fast Moving,YES
23546,WRAP PAISLEY PARK ,3250,1365.0,Fast Moving,YES
23547,WRAP FLOWER SHOP  ,1575,661.5,Fast Moving,YES
23548,WRAP MAGIC FOREST ,1075,451.5,Fast Moving,YES
23549,WRAP BIRD GARDEN ,1300,546.0,Fast Moving,YES
23550,WRAP ALPHABET POSTER  ,1850,761.0,Fast Moving,YES
23551,PACK OF 12 PAISLEY PARK TISSUES ,1614,629.4599999999999,Fast Moving,YES
23552,BICYCLE PUNCTURE REPAIR KIT ,1730,3336.7200000000003,Fast Moving,YES
23553,LANDMARK FRAME CAMDEN TOWN ,557,6244.85,Medium Moving,YES
23554,LANDMARK FRAME OXFORD STREET,419,4730.65,Medium Moving,NO
23555,LANDMARK FRAME NOTTING HILL ,419,4730.65,Medium Moving,NO
23556,LANDMARK FRAME COVENT GARDEN ,435,4912.05,Medium Moving,NO
23557,LANDMARK FRAME BAKER STREET ,347,3867.85,Medium Moving,NO
23558,LANDMARK FRAME LONDON BRIDGE ,410,4604.2,Medium Moving,NO
23559,WOODLAND BUNNIES LOLLY MAKERS,563,1129.28,Medium Moving,YES
23560,SET OF 6 RIBBONS COUNTRY STYLE,163,447.07,Slow Moving,NO
23561,SET OF 6 RIBBONS PARTY,167,458.63,Slow Moving,NO
23562,SET OF 6 RIBBONS PERFECTLY PRETTY  ,243,678.27,Medium Moving,NO
23564,EGG CUP MILKMAID INGRID,587,703.51,Medium Moving,YES
23565,EGG CUP MILKMAID HELGA ,348,435.0,Medium Moving,NO
23566,EGG CUP MILKMAID HEIDI,784,919.52,Medium Moving,YES
23567,EGG CUP HENRIETTA HEN PINK,187,233.75,Slow Moving,NO
23568,EGG CUP HENRIETTA HEN CREAM ,580,664.52,Medium Moving,YES
23569,TRADTIONAL ALPHABET STAMP SET,926,4497.3,Medium Moving,YES
23570,TRADITIONAL PICK UP STICKS GAME ,1836,2295.0,Fast Moving,YES
23571,TRADITIONAL NAUGHTS & CROSSES,2018,3300.8999999999996,Fast Moving,YES
23574,PACKING CHARGE,14,105.0,Slow Moving,NO
23575,SNACK TRAY PAISLEY PARK,164,305.4,Slow Moving,NO
23576,SNACK TRAY RED VINTAGE DOILY,185,346.34999999999997,Slow Moving,NO
23578,SNACK TRAY RED GINGHAM,56,109.2,Slow Moving,NO
23579,SNACK TRAY I LOVE LONDON,149,276.15,Slow Moving,NO
23580,SNACK TRAY HAPPY FOREST  ,110,214.5,Slow Moving,NO
23581,JUMBO BAG PAISLEY PARK,4358,8498.04,Fast Moving,YES
23582,VINTAGE DOILY JUMBO BAG RED ,4434,8508.220000000001,Fast Moving,YES
23583,LUNCH BAG PAISLEY PARK  ,3305,5251.25,Fast Moving,YES
23597,PAPER BUNTING PAISLEY PARK,246,661.7,Medium Moving,NO
23598,PAPER BUNTING VINTAGE PARTY,420,1175.0,Medium Moving,NO
23630,SET 10 CARDS HANGING BAUBLES 17080,1,2.99,Slow Moving,NO
23660,HENRIETTA HEN MUG ,293,483.44999999999993,Medium Moving,NO
23661,MILK MAIDS MUG ,204,336.59999999999997,Medium Moving,NO
23664,FLOWER SHOP DESIGN MUG,1,1.65,Slow Moving,NO
23681,LUNCH BAG RED VINTAGE DOILY,1547,2432.55,Fast Moving,YES
23691,KEEP CALM BIRTHDAY WRAP,50,21.0,Slow Moving,NO
23691,WRAP KEEP CALM BIRTHDAY,1125,460.5,Fast Moving,YES
23692,WRAP A PRETTY THANK YOU,50,21.0,Slow Moving,NO
23694,PAISLEY PARK CARD,348,141.84,Medium Moving,NO
23695,DOILY THANK YOU CARD,703,286.62,Medium Moving,YES
23697,A PRETTY THANK YOU CARD,438,179.64,Medium Moving,NO
23702,High Resolution Image,4,27.0,Slow Moving,NO
23843,"PAPER CRAFT , LITTLE BIRDIE",80995,168469.6,Fast Moving,YES
35001G,HAND OPEN SHAPE GOLD,156,506.58,Slow Moving,NO
35001W,HAND OPEN SHAPE DECO.WHITE,92,270.02000000000004,Slow Moving,NO
35004B,SET OF 3 BLACK FLYING DUCKS,475,2251.15,Medium Moving,NO
35004C,SET OF 3 COLOURED  FLYING DUCKS,393,1882.65,Medium Moving,NO
35004G,SET OF 3 GOLD FLYING DUCKS,126,448.3,Slow Moving,NO
35004P,SET OF 3 PINK FLYING DUCKS,1,5.45,Slow Moving,NO
35095A,BLUE VICTORIAN FABRIC OVAL BOX,811,293.82,Medium Moving,YES
35095B,RED VICTORIAN FABRIC OVAL BOX,772,277.44,Medium Moving,YES
35241,ENAMEL BLUE RIM BISCUIT BIN,89,413.95000000000005,Slow Moving,NO
35265,COLOURFUL FLOWER FRUIT BOWL,16,50.25,Slow Moving,NO
35271S,GOLD PRINT PAPER BAG,19,3.6100000000000003,Slow Moving,NO
35400,WOODEN BOX ADVENT CALENDAR ,10,89.5,Slow Moving,NO
35443,RASTA IN BATH W SPLIFF ASHTRAY,7,5.949999999999999,Slow Moving,NO
35471D,SET OF 3 BIRD LIGHT PINK FEATHER ,1654,690.0,Fast Moving,YES
35591T,TURQUOISE CHRISTMAS TREE ,5,6.25,Slow Moving,NO
35597A,DUSTY PINK CHRISTMAS TREE 30CM,1,1.25,Slow Moving,NO
35597B,BLACKCHRISTMAS TREE 30CM,1,1.25,Slow Moving,NO
35597D,PINK/WHITE CHRISTMAS TREE 30CM,46,17.48,Slow Moving,NO
35598A,DUSTY PINK CHRISTMAS TREE 60CM,9,26.550000000000004,Slow Moving,NO
35598B,BLACK CHRISTMAS TREE 60CM,554,433.70000000000005,Medium Moving,YES
35598C,WHITE CHRISTMAS TREE 60CM,2,5.9,Slow Moving,NO
35598D,PINK/WHITE CHRISTMAS TREE 60CM,660,433.22,Medium Moving,YES
35599B,BLACK CHRISTMAS TREE 120CM,209,503.85,Medium Moving,NO
35599D,PINK AND WHITE CHRISTMAS TREE 120CM,186,465.38,Slow Moving,NO
35607A,PINK FLUFFY CHRISTMAS DECORATION,24,4.5600000000000005,Slow Moving,NO
35607B,BLACK FEATHER CHRISTMAS DECORATION,96,18.240000000000002,Slow Moving,NO
35610A,PINK CHRISTMAS FLOCK DROPLET ,8,10.0,Slow Moving,NO
35610B,BLACK CHRISTMAS FLOCK DROPLET ,24,30.0,Slow Moving,NO
35610C,WHITE CHRISTMAS FLOCK DROPLET ,24,30.0,Slow Moving,NO
35637A,IVORY STRING CURTAIN WITH POLE ,166,363.7,Slow Moving,NO
35637C,PINK STRING CURTAIN WITH POLE,28,62.6,Slow Moving,NO
35638A,PINK AND BLACK STRING CURTAIN,38,82.1,Slow Moving,NO
35638B,PINK/BLUE STRING CURTAIN ,56,109.2,Slow Moving,NO
35645,VINTAGE BEAD PINK JEWEL BOX,4,17.0,Slow Moving,NO
35646,VINTAGE BEAD PINK EVENING BAG,513,668.88,Medium Moving,YES
35647,VINTAGE BEAD PINK SHADE ,13,16.25,Slow Moving,NO
35648,VINTAGE BEAD PINK PURSE ,812,774.76,Medium Moving,YES
35649,VINTAGE BEAD COSMETIC BAG ,16,51.82,Slow Moving,NO
35650,VINTAGE BEAD PINK JEWEL STAND,1,4.95,Slow Moving,NO
35651,VINTAGE BEAD PINK SCARF ,330,557.0999999999999,Medium Moving,NO
35653,VINTAGE BEAD NOTEBOOK,47,138.65,Slow Moving,NO
35809A,ENAMEL PINK TEA CONTAINER,388,374.10999999999996,Medium Moving,NO
35809B,ENAMEL BLUE RIM TEA CONTAINER,8,9.18,Slow Moving,NO
35810A,ENAMEL PINK COFFEE CONTAINER,602,545.38,Medium Moving,YES
35810B,ENAMEL BLUE RIM COFFEE CONTAINER,147,155.03,Slow Moving,NO
35815P,"ACRYLIC JEWEL SNOWFLAKE, PINK",162,63.28000000000001,Slow Moving,NO
35816P,"ACRYLIC JEWEL ANGEL,PINK",78,29.64,Slow Moving,NO
35817P,"ACRYLIC JEWEL SNOWFLAKE,PINK",6,15.299999999999999,Slow Moving,NO
35817P,PINK ACRYLIC JEWEL SNOWFLAKE,12,4.5600000000000005,Slow Moving,NO
35818B,"ACRYLIC JEWEL ICICLE, BLUE",31,11.780000000000001,Slow Moving,NO
35818P,"ACRYLIC JEWEL ICICLE, PINK",261,99.18,Medium Moving,NO
35819B,"ACRYLIC HANGING JEWEL,BLUE",266,101.08,Medium Moving,NO
35819P,"ACRYLIC HANGING JEWEL,PINK",95,66.55,Slow Moving,NO
35833P,4 PINK FLOCK CHRISTMAS BALLS,36,45.0,Slow Moving,NO
35909A,RABBIT EASTER DECORATION,8,23.6,Slow Moving,NO
35909B,PINK FLOWERS RABBIT EASTER,8,23.6,Slow Moving,NO
35910A,MULTICOLOUR EASTER RABBIT ,20,39.0,Slow Moving,NO
35910B,PINK FLOWERS RABBIT EASTER,13,25.349999999999998,Slow Moving,NO
35911A,MULTICOLOUR RABBIT EGG WARMER,205,194.14999999999998,Medium Moving,NO
35911B,PINK/FLOWER RABBIT EGG WARMER ,17,35.7,Slow Moving,NO
35912B,WHITE/PINK CHICK DECORATION,249,283.89,Medium Moving,NO
35913B,WHITE/PINK CHICK EASTER DECORATION,34,28.9,Slow Moving,NO
35914,PINK CHICK EGG WARMER + EGG CUP,135,162.25,Slow Moving,NO
35915B,BLUE KNITTED HEN ,91,150.14999999999998,Slow Moving,NO
35915C,PEACH KNITTED HEN ,49,80.85,Slow Moving,NO
35916A,YELLOW FELT HANGING HEART W FLOWER,20,17.0,Slow Moving,NO
35916B,BLUE FELT HANGING HEART WITH FLOWER,6,5.1,Slow Moving,NO
35916C,PINK FELT HANGING HEART W FLOWER,54,45.9,Slow Moving,NO
35920,FOUR RABBIT EASTER DECORATIONS,67,83.75,Slow Moving,NO
35921,EASTER BUNNY HANGING GARLAND,54,67.5,Slow Moving,NO
35922,EASTER BUNNY WREATH,28,138.6,Slow Moving,NO
35923,CANDY HEART HANGING DECORATION,1265,631.71,Fast Moving,YES
35924,HANGING FAIRY CAKE DECORATION,724,1262.1,Medium Moving,YES
35933,PINK STOCKING CHRISTMAS DECORATION,222,84.36,Medium Moving,NO
35953,FOLKART STAR CHRISTMAS DECORATIONS,3016,1281.1599999999999,Fast Moving,YES
35954,SMALL FOLKART STAR CHRISTMAS DEC,1076,244.23000000000002,Fast Moving,YES
35957,SMALLFOLKART BAUBLE CHRISTMAS DEC,558,146.04000000000002,Medium Moving,YES
35958,FOLKART ZINC STAR CHRISTMAS DEC,12,10.2,Slow Moving,NO
35961,FOLKART ZINC HEART CHRISTMAS DEC,2679,2127.39,Fast Moving,YES
35964,FOLKART CLIP ON STARS,621,245.61,Medium Moving,YES
35965,FOLKART HEART NAPKIN RINGS,181,181.87,Slow Moving,NO
35966,FOLKART CHRISTMAS TREE T-LIGHT HOLD,27,10.260000000000002,Slow Moving,NO
35967,FOLK ART METAL STAR T-LIGHT HOLDER,381,150.54000000000002,Medium Moving,NO
35968,FOLK ART METAL HEART T-LIGHT HOLDER,145,52.760000000000005,Slow Moving,NO
35970,ZINC FOLKART SLEIGH BELLS,4627,7631.31,Fast Moving,YES
35971,ROSE FOLKART HEART DECORATIONS,423,504.64,Medium Moving,NO
35972,DAISY FOLKART HEART DECORATION,96,120.0,Slow Moving,NO
37327,ASSTD MULTICOLOUR CIRCLES MUG,1374,547.98,Fast Moving,YES
37330,BIG POLKADOT MUG,6,2.34,Slow Moving,NO
37333,"RETRO ""TEA FOR ONE"" ",14,54.3,Slow Moving,NO
37340,MULTICOLOUR SPRING FLOWER MUG,2042,803.74,Fast Moving,YES
37342,POLKADOT COFFEE CUP & SAUCER PINK,1435,1142.29,Fast Moving,YES
37343,POLKADOT MUG PINK ,62,89.69999999999999,Slow Moving,NO
37351,ORANGE FLOWER MUG ,4,1.56,Slow Moving,NO
37370,RETRO COFFEE MUGS ASSORTED,2504,2829.28,Fast Moving,YES
37379A,PINK CHERRY BLOSSOM CUP & SAUCER,6,7.5,Slow Moving,NO
37413,ICON MUG REVOLUTIONARY,701,283.71,Medium Moving,YES
37423,WHITE WITH BLACK CATS PLATE,78,33.18,Slow Moving,NO
37444A,YELLOW BREAKFAST CUP AND SAUCER,47,31.130000000000003,Slow Moving,NO
37444B,BLUE BREAKFAST CUP AND SAUCER ,4,11.8,Slow Moving,NO
37444C,PINK BREAKFAST CUP AND SAUCER ,19,30.45,Slow Moving,NO
37446,MINI CAKE STAND WITH HANGING CAKES,1290,1764.8999999999999,Fast Moving,YES
37447,CERAMIC CAKE DESIGN SPOTTED PLATE,757,1104.8899999999999,Medium Moving,YES
37448,CERAMIC CAKE DESIGN SPOTTED MUG,1399,2035.55,Fast Moving,YES
37449,CERAMIC CAKE STAND + HANGING CAKES,561,5074.83,Medium Moving,YES
37450,CERAMIC CAKE BOWL + HANGING CAKES,665,1832.15,Medium Moving,YES
37461,FUNKY MONKEY MUG,1,1.25,Slow Moving,NO
37462E,"PET MUG, GOLDFISH",27,5.59,Slow Moving,NO
37464,ROBOT MUG IN DISPLAY BOX,3,3.75,Slow Moving,NO
37467,PIG MUG IN TWO COLOUR DESIGNS,128,60.04,Slow Moving,NO
37468,HARDMAN MUG 3 ASSORTED,63,24.57,Slow Moving,NO
37471,MULTICOLOUR POLKADOT PLATE,12,10.2,Slow Moving,NO
37475,SET/4 COLOURFUL MIXING BOWLS,56,522.16,Slow Moving,NO
37476,CONDIMENT TRAY 4 BOWLS AND 4 SPOONS,17,160.39,Slow Moving,NO
37479B,CUBIC MUG FLOCK BLUE ON BROWN,127,60.33,Slow Moving,NO
37479P,CUBIC MUG FLOCK PINK ON BROWN,118,52.5,Slow Moving,NO
37482P,CUBIC MUG PINK POLKADOT,477,216.26999999999998,Medium Moving,NO
37487B,YELLOW/ORANGE FLOWER DESIGN PLATE,68,19.72,Slow Moving,NO
37488A,YELLOW PINK FLOWER DESIGN BIG BOWL,28,10.92,Slow Moving,NO
37489A,YELLOW/PINK FLOWER DESIGN BIG MUG,33,14.43,Slow Moving,NO
37489B,BLUE/YELLOW FLOWER DESIGN BIG MUG,31,16.77,Slow Moving,NO
37489C,GREEN/BLUE FLOWER DESIGN BIG MUG,23,13.65,Slow Moving,NO
37489D,PINK/GREEN FLOWER DESIGN BIG MUG,40,17.16,Slow Moving,NO
37491B,BLUE/YELLOW CERAMIC CANDLE HOLDER,4,6.6,Slow Moving,NO
37491C,GREEN/BLUE CERAMIC CANDLE HOLDER,8,13.2,Slow Moving,NO
37491D,PURPLE/BLUE CERAMIC CANDLE HOLDER,2,3.3,Slow Moving,NO
37495,FAIRY CAKE BIRTHDAY CANDLE SET,428,1547.4,Medium Moving,NO
37500,TEA TIME TEAPOT IN GIFT BOX,338,1972.46,Medium Moving,NO
37501,TEA TIME TEA SET IN GIFT BOX,102,708.9000000000001,Slow Moving,NO
37509,NEW ENGLAND MUG W GIFT BOX,2,5.1,Slow Moving,NO
40001,WHITE BAMBOO RIBS LAMPSHADE,755,573.7099999999999,Medium Moving,YES
40003,WHITE BAMBOO RIBS LAMPSHADE,147,154.95,Slow Moving,NO
40005B,BLUE ORGANDY ROUND LAMPSHADE W BEA,12,10.2,Slow Moving,NO
40016,CHINESE DRAGON PAPER LANTERNS,5524,1870.7,Fast Moving,YES
40046A,RED DAISY PAPER LAMPSHADE,50,62.5,Slow Moving,NO
44089A,PINK GAUZE BUTTERFLY LAMPSHADE,15,6.3,Slow Moving,NO
44089C,LILAC GAUZE BUTTERFLY LAMPSHADE,24,10.08,Slow Moving,NO
44091A,BLUE CRUSOE CHECK LAMPSHADE,9,3.78,Slow Moving,NO
44092B,BLUE WHITE PLASTIC RINGS LAMPSHADE,14,11.899999999999999,Slow Moving,NO
44092C,PURPLE/COPPER HANGING LAMPSHADE,18,15.299999999999999,Slow Moving,NO
44228,CANNABIS LEAF BEAD CURTAIN,36,30.599999999999998,Slow Moving,NO
44234,ASSORTED CIRCULAR MOBILE,640,119.99999999999999,Medium Moving,YES
44235,ASS COL CIRCLE MOBILE ,474,173.15999999999997,Medium Moving,NO
44235,ASSORTED COLOURED CIRCLE MOBILE ,64,26.88,Slow Moving,NO
44236,PINK/PURPLE CIRCLE CURTAIN,52,56.52,Slow Moving,NO
44242A,LILAC FEATHERS CURTAIN,12,9.48,Slow Moving,NO
44242B,PINK FEATHERS CURTAIN,52,50.28,Slow Moving,NO
44265,M/COLOUR POM-POM CURTAIN,2,8.5,Slow Moving,NO
45013,FOLDING SHOE TIDY,3,8.850000000000001,Slow Moving,NO
46000M,POLYESTER FILLER PAD 45x45cm,1008,1562.4,Fast Moving,YES
46000P,POLYESTER FILLER PAD 65CMx65CM,17,72.25,Slow Moving,NO
46000R,POLYESTER FILLER PAD 45x30cm,101,146.45,Slow Moving,NO
46000S,POLYESTER FILLER PAD 40x40cm,1551,2248.95,Fast Moving,YES
46000U,POLYESTER FILLER PAD 30CMx30CM,107,133.75,Slow Moving,NO
46115B,GREEN POP ART MAO CUSHION COVER ,12,2.2800000000000002,Slow Moving,NO
46118,FUNKY MONKEY CUSHION COVER,193,164.04999999999998,Slow Moving,NO
46126A,ELVIS WALLHANGING / CURTAIN,48,60.0,Slow Moving,NO
46138B,BLUE CHENILLE SHAGGY CUSHION COVER ,43,43.15,Slow Moving,NO
46775D,SUNSET COLOUR CHUNKY KNITTED THROW,24,406.79999999999995,Slow Moving,NO
46776A,WOVEN BUBBLE GUM CUSHION COVER,14,69.30000000000001,Slow Moving,NO
46776B,WOVEN BERRIES CUSHION COVER ,15,74.25,Slow Moving,NO
46776C,WOVEN FROST CUSHION COVER,11,54.45,Slow Moving,NO
46776D,WOVEN SUNSET CUSHION COVER ,12,59.400000000000006,Slow Moving,NO
46776E,WOVEN CANDY CUSHION COVER ,14,69.3,Slow Moving,NO
46776F,WOVEN ROSE GARDEN CUSHION COVER ,19,94.05000000000001,Slow Moving,NO
47013A,WINE BOTTLE DRESSING LT.BLUE,14,3.0399999999999996,Slow Moving,NO
47013C,WINE BOTTLE DRESSING DARK BLUE,43,5.5,Slow Moving,NO
47016,LIGHT DECORATION BATTERY OPERATED,2,4.2,Slow Moving,NO
47021G,SET/6 BEAD COASTERS GAUZE BAG GOLD,518,230.39999999999998,Medium Moving,YES
47310M,SMALL POP BOX FUNKY MONKEY,172,210.48,Slow Moving,NO
47310M,"SMALL POP BOX,FUNKY MONKEY",93,116.25,Slow Moving,NO
47341A,FUSCHIA TABLE RUN FLOWER ,27,38.75,Slow Moving,NO
47341B,BLUE TABLE RUN FLOWER,45,56.25,Slow Moving,NO
47343A,FUSCHIA FLOWER PURSE WITH BEADS,159,145.17,Slow Moving,NO
47344B,BLUE FLOWER DES PURSE,44,43.66,Slow Moving,NO
47348A,FUSCHIA VOILE POINTY SHOE DEC,97,50.31,Slow Moving,NO
47351B,BLUE  VOILE LAMPSHADE,86,234.5,Slow Moving,NO
47367B,PAIR PADDED HANGERS PINK CHECK,57,194.55,Slow Moving,NO
47369A,PINK GREEN EMBROIDERY COSMETIC BAG,8,23.6,Slow Moving,NO
47369B,BLUE GREEN EMBROIDERY COSMETIC BAG,3,11.690000000000001,Slow Moving,NO
47420,ASSORTED COLOUR SUCTION CUP HOOK,196,37.24,Slow Moving,NO
47421,ASSORTED COLOUR LIZARD SUCTION HOOK,970,382.92,Medium Moving,YES
47422,ASSORTED MONKEY SUCTION CUP HOOK,519,205.02,Medium Moving,YES
47469,ASSORTED SHAPES PHOTO CLIP SILVER ,355,164.51,Medium Moving,NO
47471,RAINBOW PEGS PHOTO CLIP STRING,262,148.88,Medium Moving,NO
47480,HANGING PHOTO CLIP ROPE LADDER,690,1089.58,Medium Moving,YES
47481,50CM METAL STRING WITH  7 CLIPS,221,163.37,Medium Moving,NO
47503A,ASS FLORAL PRINT MULTI SCREWDRIVER,2730,1251.61,Fast Moving,YES
47503H,ASS FLORAL PRINT SPIRIT LEVEL ,95,90.13,Slow Moving,NO
47503J,SET/3 FLORAL GARDEN TOOLS IN BAG,1,7.95,Slow Moving,NO
47504H,ENGLISH ROSE SPIRIT LEVEL ,948,860.88,Medium Moving,YES
47504K,ENGLISH ROSE GARDEN SECATEURS,1957,1825.99,Fast Moving,YES
47518F,ICON PLACEMAT POP ART ELVIS,827,113.64,Medium Moving,YES
47556B,TEA TIME TEA TOWELS ,2600,6045.0,Fast Moving,YES
47559B,TEA TIME OVEN GLOVE,2001,2412.92,Fast Moving,YES
47563A,RETRO LONGBOARD IRONING BOARD COVER,198,250.0,Slow Moving,NO
47566,PARTY BUNTING,15279,68785.23000000001,Fast Moving,YES
47566B,TEA TIME PARTY BUNTING,2288,10430.400000000001,Fast Moving,YES
47567B,TEA TIME KITCHEN APRON,585,3248.07,Medium Moving,YES
47570B,TEA TIME TABLE CLOTH,180,1642.68,Slow Moving,NO
47574A,ENGLISH ROSE SCENTED HANGING FLOWER,422,365.5,Medium Moving,NO
47574B,ENGLISH ROSE SCENTED HANGING HEART,4,17.0,Slow Moving,NO
47578A,ENGLISH ROSE SMALL SCENTED FLOWER,192,163.2,Slow Moving,NO
47579,TEA TIME BREAKFAST BASKET,1,2.1,Slow Moving,NO
47580,TEA TIME DES TEA COSY,328,813.6099999999999,Medium Moving,NO
47585A,PINK FAIRY CAKE CUSHION COVER,102,382.5,Slow Moving,NO
47586A,PINK FAIRY CAKE CUSHION COVER,21,53.55,Slow Moving,NO
47589,CONGRATULATIONS BUNTING,13,70.85000000000001,Slow Moving,NO
47590A,BLUE HAPPY BIRTHDAY BUNTING,1948,10096.62,Fast Moving,YES
47590B,PINK HAPPY BIRTHDAY BUNTING,2283,11666.35,Fast Moving,YES
47591B,SCOTTIES CHILDRENS APRON,38,62.699999999999996,Slow Moving,NO
47591D,PINK FAIRY CAKE CHILDRENS APRON,3140,5815.5599999999995,Fast Moving,YES
47593A,CAROUSEL PONIES BABY BIB,33,14.37,Slow Moving,NO
47593B,SCOTTIE DOGS BABY BIB,1663,676.39,Fast Moving,YES
47594A,CAROUSEL DESIGN WASHBAG,52,101.39999999999999,Slow Moving,NO
47594B,SCOTTIES DESIGN WASHBAG,91,177.45,Slow Moving,NO
47599A,PINK PARTY BAGS,2409,4481.62,Fast Moving,YES
47599B,BLUE PARTY BAGS ,1451,2728.94,Fast Moving,YES
48111,DOORMAT 3 SMILEY CATS,1104,6690.8,Fast Moving,YES
48116,DOORMAT MULTICOLOUR STRIPE,1418,8045.2699999999995,Fast Moving,YES
48129,DOORMAT TOPIARY,880,5644.46,Medium Moving,YES
48138,DOORMAT UNION FLAG,3614,23622.54,Fast Moving,YES
48173C,DOORMAT BLACK FLOCK ,1784,9797.75,Fast Moving,YES
48184,DOORMAT ENGLISH ROSE ,1972,13447.1,Fast Moving,YES
48185,DOORMAT FAIRY CAKE,3427,21171.79,Fast Moving,YES
48187,DOORMAT NEW ENGLAND,3698,22783.8,Fast Moving,YES
48188,DOORMAT WELCOME PUPPIES,2027,11536.25,Fast Moving,YES
48194,DOORMAT HEARTS,3268,19924.66,Fast Moving,YES
51008,AFGHAN SLIPPER SOCK PAIR,511,1662.95,Medium Moving,YES
51014A,"FEATHER PEN,HOT PINK",3573,1758.8899999999999,Fast Moving,YES
51014C,"FEATHER PEN,COAL BLACK",2438,1170.8999999999999,Fast Moving,YES
51014L,"FEATHER PEN,LIGHT PINK",1924,941.3399999999999,Fast Moving,YES
51020A,SUMMER FUN DESIGN SHOWER CAP,325,116.32999999999998,Medium Moving,NO
51020B,STRIPY DESIGN SHOWER CAP,197,70.57,Slow Moving,NO
62018,SOMBRERO ,4402,5691.5,Fast Moving,YES
62043B,BLUE CHECK BAG W HANDLE 34X20CM,17,14.11,Slow Moving,NO
62074B,ELEPHANT CLIP W SUCTION CUP,16,6.72,Slow Moving,NO
62086A,PINK RETRO BIG FLOWER BAG,86,167.7,Slow Moving,NO
62094B,TURQ ICE CREAM BUM BAG ,13,33.15,Slow Moving,NO
62096A,PINK/YELLOW FLOWERS HANDBAG,106,132.5,Slow Moving,NO
62096B,PURPLE/TURQ FLOWERS HANDBAG,2,2.5,Slow Moving,NO
62097B,BLUE STRIPES SHOULDER BAG,9,7.469999999999999,Slow Moving,NO
70006,LOVE HEART POCKET WARMER,2619,1656.05,Fast Moving,YES
70007,HI TEC ALPINE HAND WARMER,728,632.76,Medium Moving,YES
71038,WHITE HANGING BEADS CANDLE HOLDER,238,1239.5,Medium Moving,NO
71050,SMALL SINGLE FLAME CANDLE HOLDER,33,11.549999999999999,Slow Moving,NO
71053,WHITE METAL LANTERN,1586,5694.28,Fast Moving,YES
71053,WHITE MOROCCAN METAL LANTERN,47,199.17,Slow Moving,NO
71101E,STANDING FAIRY POLE SUPPORT ,346,278.5,Medium Moving,NO
71143,SILVER BOOK MARK WITH BEADS,10,8.5,Slow Moving,NO
71215,METAL BASE FOR CANDLES,11,4.62,Slow Moving,NO
71270,PHOTO CLIP LINE,204,256.21,Medium Moving,NO
71279,PINK GLASS CANDLEHOLDER,155,447.65000000000003,Slow Moving,NO
71403,"PINK/WHITE ""KEEP CLEAN"" BULLET BIN",53,156.35000000000002,Slow Moving,NO
71406C,BLACK ORANGE SQUEEZER,138,57.96,Slow Moving,NO
71459,HANGING JAM JAR T-LIGHT HOLDER,10528,8164.12,Fast Moving,YES
71459,HANGING JAM JAR T-LIGHT HOLDERS,2413,1867.33,Fast Moving,YES
71477,COLOUR GLASS. STAR T-LIGHT HOLDER,5654,16566.34,Fast Moving,YES
71477,COLOURED GLASS STAR T-LIGHT HOLDER,996,3474.88,Medium Moving,YES
71495A,CD WALL TIDY BLUE OFFICE,96,34.56,Slow Moving,NO
71495B,CD WALL TIDY RED FLOWERS,160,58.56,Slow Moving,NO
71496A,A4 WALL TIDY BLUE OFFICE,114,61.86000000000001,Slow Moving,NO
71496B,A4 WALL TIDY RED FLOWERS,13,7.37,Slow Moving,NO
71510,SQUARE METAL CANDLEHOLDER BASE,52,36.519999999999996,Slow Moving,NO
72024U,LILAC VOTIVE CANDLE,72,15.120000000000001,Slow Moving,NO
72051S,BAG OF SILVER STONES,45,18.9,Slow Moving,NO
72122,COFFEE SCENT PILLAR CANDLE,291,276.45,Medium Moving,NO
72127,COLUMBIAN CANDLE ROUND ,168,208.1,Slow Moving,NO
72128,COLUMBIAN CANDLE ROUND,189,145.53,Slow Moving,NO
72130,COLUMBIAN CANDLE ROUND,215,126.79,Medium Moving,NO
72131,COLUMBIAN CANDLE RECTANGLE,136,236.39999999999998,Slow Moving,NO
72132,COLUMBIAN CUBE CANDLE,28,54.599999999999994,Slow Moving,NO
72133,COLUMBIAN CANDLE RECTANGLE,39,48.75,Slow Moving,NO
72134,COLUMBIAN  CUBE CANDLE ,98,47.18,Slow Moving,NO
72140E,BEST DAD CANDLE LETTERS,31,26.349999999999998,Slow Moving,NO
72225C,LAVENDER SCENT CAKE CANDLE,600,158.64,Medium Moving,YES
72232,FENG SHUI PILLAR CANDLE,3317,630.23,Fast Moving,YES
72349B,SET/6 PURPLE BUTTERFLY T-LIGHTS,687,1314.78,Medium Moving,YES
72351A,SET/6 TURQUOISE BUTTERFLY T-LIGHTS,1234,2384.76,Fast Moving,YES
72351B,SET/6 PINK  BUTTERFLY T-LIGHTS,2058,3856.04,Fast Moving,YES
72369A,PINK CLEAR GLASS CANDLE PLATE,28,35.0,Slow Moving,NO
72586,SET OF 6 HALLOWEEN GHOST T-LIGHTS,624,262.08,Medium Moving,YES
72598,SET/12 TAPER CANDLES,459,364.95,Medium Moving,NO
72709,IVORY SCULPTED RND CANDLE ,44,37.4,Slow Moving,NO
72741,GRAND CHOCOLATECANDLE,5783,7758.95,Fast Moving,YES
72760B,VINTAGE CREAM 3 BASKET CAKE STAND,385,3667.2299999999996,Medium Moving,NO
72780,BLACK SILOUETTE CANDLE PLATE,137,116.44999999999999,Slow Moving,NO
72783,BLACK SIL'T SQU CANDLE PLATE ,16,33.6,Slow Moving,NO
72798C,SET/4 GARDEN ROSE DINNER CANDLE,7,11.549999999999999,Slow Moving,NO
72799C,PINK PILLAR CANDLE SILVER FLOCK,80,123.68,Slow Moving,NO
72799E,IVORY PILLAR CANDLE SILVER FLOCK,393,725.19,Medium Moving,NO
72799F,IVORY PILLAR CANDLE GOLD FLOCK,127,365.05,Slow Moving,NO
72800B, 4 PURPLE FLOCK DINNER CANDLES,138,265.65999999999997,Slow Moving,NO
72800C,4 PINK DINNER CANDLE SILVER FLOCK,124,229.95999999999998,Slow Moving,NO
72800D,4 BLUE DINNER CANDLES SILVER FLOCK,85,216.74999999999997,Slow Moving,NO
72800E,4 IVORY DINNER CANDLES SILVER FLOCK,450,913.74,Medium Moving,NO
72801C,4 ROSE PINK DINNER CANDLES,138,163.38,Slow Moving,NO
72801D,4 SKY BLUE DINNER CANDLES,58,72.5,Slow Moving,NO
72801G,4 BURGUNDY WINE DINNER CANDLES,43,53.75,Slow Moving,NO
72802A,ROSE SCENT CANDLE IN JEWELLED BOX,315,1271.67,Medium Moving,NO
72802B,OCEAN SCENT CANDLE IN JEWELLED BOX,968,1749.94,Medium Moving,YES
72802C,VANILLA SCENT CANDLE JEWELLED BOX,1374,2541.12,Fast Moving,YES
72803A,ROSE SCENT CANDLE JEWELLED DRAWER,528,714.0,Medium Moving,YES
72807A,SET/3 ROSE CANDLE IN JEWELLED BOX,339,1402.03,Medium Moving,NO
72807B,SET/3 OCEAN SCENT CANDLE JEWEL BOX,348,1435.0,Medium Moving,NO
72807C,SET/3 VANILLA SCENTED CANDLE IN BOX,669,2727.97,Medium Moving,YES
72811,SMALL ZINC/GLASS CANDLEHOLDER,49,67.25,Slow Moving,NO
72812,LARGE ZINC GLASS CANDLEHOLDER,18,49.980000000000004,Slow Moving,NO
72815,3 WICK CHRISTMAS BRIAR CANDLE ,2,7.5,Slow Moving,NO
72816,SET/3 CHRISTMAS DECOUPAGE CANDLES,826,841.56,Medium Moving,YES
72817,SET OF 2 CHRISTMAS DECOUPAGE CANDLE,1048,961.4,Fast Moving,YES
72818,CHRISTMAS DECOUPAGE CANDLE,1821,782.77,Fast Moving,YES
72819,CUPID DESIGN SCENTED CANDLES,208,436.4,Medium Moving,NO
72821,CUPID SCENTED CANDLE IN GLASS,11,18.15,Slow Moving,NO
75011,BLUE DAISY MOBILE,172,138.76,Slow Moving,NO
75013B,"STRING OF 8 BUTTERFLIES,PINK",25,41.24999999999999,Slow Moving,NO
75049L,LARGE CIRCULAR MIRROR MOBILE,6809,6092.049999999999,Fast Moving,YES
75131,METAL TUBE CHIME ON BAMBOO,488,522.5600000000001,Medium Moving,NO
75172,PAINTED SEA SHELL METAL WINDCHIME,93,85.31,Slow Moving,NO
75178,ASSTD COL BUTTERFLY/CRYSTAL W/CHIME,455,210.19,Medium Moving,NO
77079,DOLPHIN WINDMILL,1,2.12,Slow Moving,NO
77101A,UNION FLAG WINDSOCK,385,421.97,Medium Moving,NO
78033,FLAG OF ST GEORGE CHAIR,37,179.35,Slow Moving,NO
78034B,BLUE NETTING STORAGE HANGER,8,15.6,Slow Moving,NO
78124,MAGAZINE RACK GEBRA ASSORTED ,190,246.5,Slow Moving,NO
79000,MOROCCAN TEA GLASS,3784,2741.2,Fast Moving,YES
79026B,"S/4 ICON COASTER,ELVIS LIVES",25,10.61,Slow Moving,NO
79030D,TUMBLER BAROQUE,402,156.78,Medium Moving,NO
79030D,"TUMBLER, BAROQUE",54,58.85999999999999,Slow Moving,NO
79030G,TUMBLER NEW ENGLAND,1220,475.8,Fast Moving,YES
79030G,"TUMBLER, NEW ENGLAND",138,131.94,Slow Moving,NO
79051A,SMOKEY GREY COLOUR D.O.F. GLASS,587,204.79,Medium Moving,YES
79051A,SMOKEY GREY COLOUR GLASS,196,56.83999999999999,Slow Moving,NO
79062D,"RETRO TIN ASHTRAY,REVOLUTIONARY",52,19.4,Slow Moving,NO
79063C,"RETRO PILL BOX KEY CHAIN,THE KING",235,43.65,Medium Moving,NO
79063D,"RETRO PILL BOX , REVOLUTIONARY",188,34.72,Slow Moving,NO
79066K,RETRO MOD TRAY,739,618.13,Medium Moving,YES
79067,CORONA MEXICAN TRAY,143,496.25,Slow Moving,NO
79071B,ENGLISH ROSE METAL WASTE BIN,20,59.0,Slow Moving,NO
79144B,PAINTED LIGHTBULB STAR+ MOON,107,42.54,Slow Moving,NO
79144C,PAINTED LIGHTBULB RAINBOW DESIGN,63,24.06,Slow Moving,NO
79149B,SILICON STAR BULB  BLUE,18,7.56,Slow Moving,NO
79151B,"SILICON CUBE 25W, BLUE",11,4.62,Slow Moving,NO
79157B,UBO-LIGHT TRIOBASE BLUE,4,3.4,Slow Moving,NO
79157V,UBO-LIGHT TRIOBASE PURPLE,5,4.25,Slow Moving,NO
79160,HEART SHAPE WIRELESS DOORBELL,443,792.54,Medium Moving,NO
79161A,ST GEORGE SET OF 10 PARTY LIGHTS,2,5.9,Slow Moving,NO
79163,BLACK CHAMPAGNE GLASS,1517,621.87,Fast Moving,YES
79164,BLACK WINE GLASS,1666,697.62,Fast Moving,YES
79190A,RETRO PLASTIC 70'S TRAY,340,142.8,Medium Moving,NO
79190B,RETRO PLASTIC POLKA TRAY,655,245.1,Medium Moving,YES
79190D,RETRO PLASTIC DAISY TRAY,227,95.34,Medium Moving,NO
79191B,RETRO PLASTIC POLKA TRAY,154,130.9,Slow Moving,NO
79191C,RETRO PLASTIC ELEPHANT TRAY,1105,812.53,Fast Moving,YES
79191D,RETRO PLASTIC DAISY TRAY,25,21.249999999999996,Slow Moving,NO
79192A,RETRO PLASTIC 70'S TRAY,3,3.75,Slow Moving,NO
79302M,"ART LIGHTS,FUNK MONKEY",355,950.45,Medium Moving,NO
79321,CHILLI LIGHTS,9646,46265.11,Fast Moving,YES
79323B,BLACK CHERRY LIGHTS,8,54.0,Slow Moving,NO
79323P,PINK CHERRY LIGHTS,4,27.0,Slow Moving,NO
79329,PINK FLOCK GLASS CANDLEHOLDER,12,12.18,Slow Moving,NO
79331,PINK FLOCK GLASS CANDLEHOLDER,26,17.5,Slow Moving,NO
79336,LIGHT PINK FLOCK GLASS CANDLEHOLDER,36,13.680000000000003,Slow Moving,NO
79337,BLUE FLOCK GLASS CANDLEHOLDER,644,259.96,Medium Moving,YES
79403,FROSTED WHITE BASE ,89,75.64999999999999,Slow Moving,NO
79406,FROSTED WHITE BASE ,140,30.8,Slow Moving,NO
81950B,FLOWER BLUE CLOCK WITH SUCKER,116,33.64,Slow Moving,NO
81950V,FLOWER PURPLE CLOCK W/SUCKER,5,4.25,Slow Moving,NO
81950V,FLOWER PURPLE CLOCK WITH SUCKER,15,4.35,Slow Moving,NO
81952B,ROUND BLUE CLOCK WITH SUCKER,200,38.0,Medium Moving,NO
81952V,ROUND PURPLE CLOCK WITH SUCKER,365,69.35,Medium Moving,NO
81953B,ROUND BLUE CLOCK WITH SUCKER,11,2.09,Slow Moving,NO
81953P,ROUND ARTICULATED PINK CLOCK W/SUCK,28,5.32,Slow Moving,NO
82001S,SILVER RECORD COVER FRAME,272,955.86,Medium Moving,NO
82001S,VINYL RECORD FRAME SILVER,1236,4275.22,Fast Moving,YES
82011A,"BATHROOM SCALES, TROPICAL BEACH",16,60.0,Slow Moving,NO
82011B,BATHROOM SCALES RUBBER DUCKS,41,139.35,Slow Moving,NO
82011C,BATHROOM SCALES FOOTPRINTS IN SAND,51,172.05,Slow Moving,NO
82095,HEART BUTTONS JEWELLERY BOX,7,53.550000000000004,Slow Moving,NO
82482,WOODEN PICTURE FRAME WHITE FINISH,8256,19945.45,Fast Moving,YES
82483,WOOD 2 DRAWER CABINET WHITE FINISH,2324,14573.720000000001,Fast Moving,YES
82484,WOOD BLACK BOARD ANT WHITE FINISH,5913,34414.71,Fast Moving,YES
82486,3 DRAWER ANTIQUE WHITE WOOD CABINET,707,6124.13,Medium Moving,YES
82486,WOOD S/3 CABINET ANT WHITE FINISH,1364,11343.2,Fast Moving,YES
82494L,WOODEN FRAME ANTIQUE WHITE ,6268,17583.77,Fast Moving,YES
82551,LAUNDRY 15C METAL SIGN,2791,4229.719999999999,Fast Moving,YES
82552,WASHROOM METAL SIGN,2918,4456.57,Fast Moving,YES
82567,"AIRLINE LOUNGE,METAL SIGN",495,1007.21,Medium Moving,NO
82578,KITCHEN METAL SIGN,1954,1087.46,Fast Moving,YES
82580,BATHROOM METAL SIGN,5503,3016.9500000000003,Fast Moving,YES
82581,TOILET METAL SIGN,3749,1997.13,Fast Moving,YES
82582,AREA PATROLLED METAL SIGN,4288,8548.02,Fast Moving,YES
82583,HOT BATHS METAL SIGN,6367,12731.34,Fast Moving,YES
82599,FANNY'S REST STOPMETAL SIGN,421,879.1800000000001,Medium Moving,NO
82600,N0 SINGING METAL SIGN,1197,2523.78,Fast Moving,YES
82600,NO SINGING METAL SIGN,4635,9571.5,Fast Moving,YES
82605,OLD DOC RUSSEL METAL SIGN,14,29.400000000000002,Slow Moving,NO
82613A,"METAL SIGN,CUPCAKE SINGLE HOOK",66,82.5,Slow Moving,NO
82613B,"METAL SIGN,CUPCAKE SINGLE HOOK",400,267.6,Medium Moving,NO
82613C,"METAL SIGN,CUPCAKE SINGLE HOOK",360,234.2,Medium Moving,NO
82613D,METAL SIGN CUPCAKE SINGLE HOOK,469,270.85,Medium Moving,NO
82615,PINK MARSHMALLOW SCARF KNITTING KIT,36,91.8,Slow Moving,NO
82616B,FRAPPUCINO SCARF KNITTING KIT,307,413.83,Medium Moving,NO
82616C,MIDNIGHT GLAMOUR SCARF KNITTING KIT,277,385.52,Medium Moving,NO
84006,MAGIC TREE -PAPER FLOWERS,831,706.3499999999999,Medium Moving,YES
84012,MAGIC SHEEP WOOL GROWING FROM PAPER,1212,1190.0,Fast Moving,YES
84016,FLAG OF ST GEORGE CAR FLAG,25,10.5,Slow Moving,NO
84029E,RED WOOLLY HOTTIE WHITE HEART.,3676,13311.26,Fast Moving,YES
84029G,KNITTED UNION FLAG HOT WATER BOTTLE,2465,9313.17,Fast Moving,YES
84030E,ENGLISH ROSE HOT WATER BOTTLE,1414,5729.66,Fast Moving,YES
84031A,CHARLIE+LOLA RED HOT WATER BOTTLE ,173,498.53000000000003,Slow Moving,NO
84031B,CHARLIE LOLA BLUE HOT WATER BOTTLE ,93,338.09000000000003,Slow Moving,NO
84032A,CHARLIE+LOLA PINK HOT WATER BOTTLE,447,1107.0100000000002,Medium Moving,NO
84032B,CHARLIE + LOLA RED HOT WATER BOTTLE,651,1333.15,Medium Moving,YES
84033,FLAG OF ST GEORGE ,23,37.95,Slow Moving,NO
84050,PINK HEART SHAPE EGG FRYING PAN,3134,4370.78,Fast Moving,YES
84051,ASS COLOUR GLOWING TIARAS,279,211.95,Medium Moving,NO
84077,WORLD WAR 2 GLIDERS ASSTD DESIGNS,54319,13558.409999999998,Fast Moving,YES
84078A,SET/4 WHITE RETRO STORAGE CUBES ,357,13007.150000000001,Medium Moving,NO
84086B,YELLOW/BLUE RETRO RADIO,16,47.2,Slow Moving,NO
84086C,PINK/PURPLE RETRO RADIO,136,401.20000000000005,Slow Moving,NO
84192,ASSORTED COLOUR METAL CAT ,111,138.75,Slow Moving,NO
84199,GLOW IN DARK DOLPHINS,128,26.88,Slow Moving,NO
84201B,HAPPY BIRTHDAY CARD STRIPEY TEDDY,13,2.47,Slow Moving,NO
84201C,HAPPY BIRTHDAY CARD TEDDY/CAKE,5,0.95,Slow Moving,NO
84206A,3 BLACK CATS W HEARTS BLANK CARD,24,4.5600000000000005,Slow Moving,NO
84206B,CAT WITH SUNGLASSES BLANK CARD,5,0.95,Slow Moving,NO
84206C,CHAMPAGNE TRAY BLANK CARD,8,1.52,Slow Moving,NO
84212,"ASSORTED FLOWER COLOUR ""LEIS""",10297,4871.45,Fast Moving,YES
84218,BOX/12 CHICK & EGG IN BASKET,122,222.29999999999998,Slow Moving,NO
84226,HEN HOUSE W FAMILY IN BARN & NEST,49,34.510000000000005,Slow Moving,NO
84227,HEN HOUSE W CHICK IN NEST,1,0.42,Slow Moving,NO
84228,HEN HOUSE W CHICK STANDING,270,107.39999999999999,Medium Moving,NO
84228,HEN HOUSE WITH CHICK STANDING,14,5.88,Slow Moving,NO
84231,EASTER BUNNY WITH BASKET ON BACK,105,68.25,Slow Moving,NO
84247E,PACK OF 12 CHRISTMAS FUN CARDS,47,138.65,Slow Moving,NO
84247E,PACK/12 XMAS FUN CARD,33,97.35000000000001,Slow Moving,NO
84247G,"DECOUPAGE,GREETING CARD,",336,141.12,Medium Moving,NO
84247K,"FOLK ART GREETING CARD,pack/12",22,64.9,Slow Moving,NO
84247L,FAWN AND MUSHROOM GREETING CARD,108,45.36,Slow Moving,NO
84247N,PACK/12 BLUE FOLKART CARDS,22,64.9,Slow Moving,NO
84249A,"GREETING CARD,SQUARE, DOUGHNUTS",160,68.84,Slow Moving,NO
84251B,"GREETING CARD, STICKY GORDON",157,29.830000000000002,Slow Moving,NO
84251C,"GREETING CARD, TWO SISTERS.",24,4.5600000000000005,Slow Moving,NO
84251G,"GREETING CARD, OVERCROWDED POOL.",180,34.2,Slow Moving,NO
84279B,CHERRY BLOSSOM DECORATIVE FLASK,179,666.93,Slow Moving,NO
84279P,CHERRY BLOSSOM  DECORATIVE FLASK,336,1242.72,Medium Moving,NO
84306,S/3 PINK SQUARE PLANTERS ROSES,2,21.9,Slow Moving,NO
84313B,BLUE TV TRAY TABLE ,76,175.8,Slow Moving,NO
84313C,ORANGE TV TRAY TABLE ,461,908.15,Medium Moving,NO
84341B,SMALL PINK MAGIC CHRISTMAS TREE,618,252.23,Medium Moving,YES
84347,ROTATING SILVER ANGELS T-LIGHT HLDR,7892,17554.27,Fast Moving,YES
84352,SILVER CHRISTMAS TREE BAUBLE STAND ,33,543.35,Slow Moving,NO
84356,POMPOM CURTAIN,337,1570.15,Medium Moving,NO
84358,FLOOR LAMP SHADE WOOD BASE,32,287.74,Slow Moving,NO
84360,TABLE LAMP WHITE SHADE WOOD BASE,74,388.3,Slow Moving,NO
84375,SET OF 20 KIDS COOKIE CUTTERS,4139,8676.27,Fast Moving,YES
84378,SET OF 3 HEART COOKIE CUTTERS,6001,7719.34,Fast Moving,YES
84380,SET OF 3 BUTTERFLY COOKIE CUTTERS,5287,6711.0,Fast Moving,YES
84387A,BIRD ON BRANCH CANVAS SCREEN,11,21.45,Slow Moving,NO
84388,WISE MAN STAR SHAPE EGG PAN,24,13.14,Slow Moving,NO
84402B,PURPLE DRESS JEWELLERY STAND,61,48.19,Slow Moving,NO
84406B,CREAM CUPID HEARTS COAT HANGER,1917,7121.2300000000005,Fast Moving,YES
84415A,PINK FLOCK SUEDE CUSHION COVER ,12,15.0,Slow Moving,NO
84415B,BLUE FLOCK CUSHION COVER ,6,12.5,Slow Moving,NO
84422,PINK/BLUE DISC/MIRROR STRING,551,220.41,Medium Moving,YES
84429A,MEDIUM PINK BUDDHA HEAD ,46,135.70000000000002,Slow Moving,NO
84452,METAL RABBIT LADDER EASTER ,74,62.9,Slow Moving,NO
84457,SET/3 RABBITS FLOWER SKIPPPING ROPE,119,101.14999999999999,Slow Moving,NO
84459A,PINK METAL CHICKEN HEART ,670,906.14,Medium Moving,YES
84459B,YELLOW METAL CHICKEN HEART ,676,938.12,Medium Moving,YES
84461,12 PINK HEN+CHICKS IN BASKET,41,104.55,Slow Moving,NO
84462,3 PINK HEN+CHICKS IN BASKET,12,15.0,Slow Moving,NO
84465,15 PINK FLUFFY CHICKS IN BOX,10,29.5,Slow Moving,NO
84466,TOP SECRET PEN SET,46,57.5,Slow Moving,NO
84497,BUTTONS AND STRIPES NOTEBOOK ,13,48.75,Slow Moving,NO
84499,BLACK FLOWER CANDLE PLATE,7,5.949999999999999,Slow Moving,NO
84507B,STRIPES DESIGN MONKEY DOLL,31,79.05,Slow Moving,NO
84507C,BLUE CIRCLES DESIGN MONKEY DOLL,63,160.64999999999998,Slow Moving,NO
84508A,CAMOUFLAGE DESIGN TEDDY,1630,3445.5000000000005,Fast Moving,YES
84508B,STRIPES DESIGN TEDDY,56,142.79999999999998,Slow Moving,NO
84508C,BLUE CIRCLES DESIGN TEDDY,51,130.04999999999998,Slow Moving,NO
84509A,SET OF 4 ENGLISH ROSE PLACEMATS,612,2194.64,Medium Moving,YES
84509B,SET OF 4 FAIRY CAKE PLACEMATS,156,585.0,Slow Moving,NO
84509C,SET OF 4 POLKADOT PLACEMATS ,77,269.55,Slow Moving,NO
84509E,SET OF 4 CAROUSEL PLACEMATS ,70,101.06,Slow Moving,NO
84509G,SET OF 4 FAIRY CAKE PLACEMATS ,491,856.25,Medium Moving,NO
84510A,SET OF 4 ENGLISH ROSE COASTERS,1058,1289.34,Fast Moving,YES
84510C,SET OF 4 POLKADOT COASTERS,96,122.42,Slow Moving,NO
84510E,SET OF 4 GREEN CAROUSEL COASTERS,25,26.05,Slow Moving,NO
84519A,TOMATO CHARLIE+LOLA COASTER SET,477,739.1899999999999,Medium Moving,NO
84519B,CARROT CHARLIE+LOLA COASTER SET,425,545.99,Medium Moving,NO
84520B,PACK 20 ENGLISH ROSE PAPER NAPKINS,481,388.69,Medium Moving,NO
84522,PINK PARTY SUNGLASSES,12,23.4,Slow Moving,NO
84527,FLAMES SUNGLASSES PINK LENSES,47,84.44999999999999,Slow Moving,NO
84531A,PINK KNITTED EGG COSY,140,71.75999999999999,Slow Moving,NO
84531B,BLUE KNITTED EGG COSY,149,81.50999999999999,Slow Moving,NO
84534B,FAIRY CAKE NOTEBOOK A5 SIZE,46,39.1,Slow Moving,NO
84535A,ENGLISH ROSE NOTEBOOK A6 SIZE,398,185.1,Medium Moving,NO
84535B,FAIRY CAKES NOTEBOOK A6 SIZE,1272,762.99,Fast Moving,YES
84536A,ENGLISH ROSE NOTEBOOK A7 SIZE,2729,1147.0,Fast Moving,YES
84536B,FAIRY CAKES NOTEBOOK A7 SIZE,1684,655.34,Fast Moving,YES
84539,KNITTED RABBIT DOLL ,16,26.4,Slow Moving,NO
84548,CROCHET BEAR RED/BLUE  KEYRING,15,24.75,Slow Moving,NO
84549,CROCHET WHITE RABBIT KEYRING ,31,46.349999999999994,Slow Moving,NO
84550,CROCHET LILAC/RED BEAR KEYRING,1,1.65,Slow Moving,NO
84551,CROCHET DOG KEYRING,1,1.65,Slow Moving,NO
84558A,3D DOG PICTURE PLAYING CARDS,290,855.5000000000001,Medium Moving,NO
84559A,3D SHEET OF DOG STICKERS,272,231.98,Medium Moving,NO
84559B,3D SHEET OF CAT STICKERS,216,183.6,Medium Moving,NO
84562A,PINK/WHITE RIBBED MELAMINE JUG,2,15.9,Slow Moving,NO
84563A,PINK & WHITE BREAKFAST TRAY,59,198.05,Slow Moving,NO
84563B,BLUE & WHITE BREAKFAST TRAY,69,209.55,Slow Moving,NO
84568,GIRLS ALPHABET IRON ON PATCHES ,11040,2088.0,Fast Moving,YES
84569A,PACK 3 IRON ON DOG PATCHES,191,239.96,Slow Moving,NO
84569B,PACK 3 FIRE ENGINE/CAR PATCHES,75,93.75,Slow Moving,NO
84569C,PACK 4 FLOWER/BUTTERFLY PATCHES,1,1.25,Slow Moving,NO
84569D,PACK 6 HEART/ICE-CREAM PATCHES,268,337.42,Medium Moving,NO
84575A,PINK DOG CANNISTER,14,39.3,Slow Moving,NO
84576,BLUE CAT BISCUIT BARREL PINK HEART,57,111.14999999999999,Slow Moving,NO
84580,MOUSE TOY WITH PINK T-SHIRT,334,1256.3,Medium Moving,NO
84581,DOG TOY WITH PINK CROCHET SKIRT,164,615.76,Slow Moving,NO
84584,PINK GINGHAM CAT WITH SCARF,83,211.64999999999998,Slow Moving,NO
84592,CROCHET ROSE PURSE WITH SUEDE BACK,70,206.50000000000003,Slow Moving,NO
84593,CROCHET ROSE DES CLOTHES HANGER,5,14.750000000000002,Slow Moving,NO
84595E,LARGE TORTILLA DESIGN RED BOWL,64,109.79999999999998,Slow Moving,NO
84596B,SMALL DOLLY MIX DESIGN ORANGE BOWL,4436,2040.19,Fast Moving,YES
84596E,SMALL LICORICE DES PINK BOWL,391,252.63,Medium Moving,NO
84596F,SMALL MARSHMALLOWS PINK BOWL,3285,1553.25,Fast Moving,YES
84596G,SMALL CHOCOLATES PINK BOWL,1660,774.18,Fast Moving,YES
84596J,MIXED NUTS LIGHT GREEN BOWL,469,205.28,Medium Moving,NO
84596L,BISCUITS SMALL BOWL LIGHT BLUE,1038,440.94,Fast Moving,YES
84597B,RETRO BROWN BALL ASHTRAY ,41,51.25,Slow Moving,NO
84597C,RETRO PINK BALL ASHTRAY ,46,57.5,Slow Moving,NO
84598,BOYS ALPHABET IRON ON PATCHES,1248,262.08,Fast Moving,YES
84600,NEW BAROQUE JEWELLERY BOX ,48,367.6,Slow Moving,NO
84609,TALL ROCOCO CANDLE HOLDER,90,720.0,Slow Moving,NO
84613A,PINK NEW BAROQUE FLOCK CANDLESTICK,6,27.900000000000002,Slow Moving,NO
84613C,BLUE NEW BAROQUE FLOCK CANDLESTICK,1,4.65,Slow Moving,NO
84614A,PINK BAROQUE FLOCK CANDLE HOLDER,2,11.9,Slow Moving,NO
84616,SILVER ROCCOCO CHANDELIER,11,329.45,Slow Moving,NO
84617,NEW BAROQUE BLACK BOXES,3,38.25,Slow Moving,NO
84620,BLUE GINGHAM ROSE CUSHION COVER,2,11.9,Slow Moving,NO
84625A,PINK NEW BAROQUECANDLESTICK CANDLE,455,470.75,Medium Moving,NO
84625C,BLUE NEW BAROQUE CANDLESTICK CANDLE,439,478.15,Medium Moving,NO
84629,WHITE 3 FRAME BIRDS AND TREE ,20,150.0,Slow Moving,NO
84631,FRUIT TREE AND BIRDS WALL PLAQUE,16,127.2,Slow Moving,NO
84632,DECORATIVE HANGING SHELVING UNIT,6,359.70000000000005,Slow Moving,NO
84637,KITCHEN FLOWER POTS WALL PLAQUE,29,172.55,Slow Moving,NO
84638,SMALL KITCHEN FLOWER POTS PLAQUE,19,132.05,Slow Moving,NO
84658,WHITE STITCHED CUSHION COVER,44,308.48,Slow Moving,NO
84659A,WHITE TRAVEL ALARM CLOCK,134,314.31,Slow Moving,NO
84660A,WHITE STITCHED WALL CLOCK,837,761.9,Medium Moving,YES
84660B,BLACK STITCHED WALL CLOCK,695,684.65,Medium Moving,YES
84660C,PINK STITCHED WALL CLOCK,639,590.57,Medium Moving,YES
84661A,WHITE SQUARE TABLE CLOCK,94,132.99,Slow Moving,NO
84661B,BLACK SQUARE TABLE CLOCK,95,225.48999999999998,Slow Moving,NO
84661C,PINK SQUARE TABLE CLOCK,62,70.10000000000001,Slow Moving,NO
84663A,GRASS HOPPER WOODEN WALL CLOCK ,260,324.04,Medium Moving,NO
84665,SQUARE CHERRY BLOSSOM CABINET,105,624.75,Slow Moving,NO
84666,SQUARE CHERRY BLOSSOM CABINET,24,94.80000000000001,Slow Moving,NO
84673A,PINK FLY SWAT,63,40.95,Slow Moving,NO
84673B,BLUE FLY SWAT,135,114.21000000000001,Slow Moving,NO
84674,FLYING PIG WATERING CAN,186,426.3,Slow Moving,NO
84675,FROG KING WATERING CAN,9,26.55,Slow Moving,NO
84678,CLASSICAL ROSE SMALL VASE,138,227.1,Slow Moving,NO
84679,CLASSICAL ROSE TABLE LAMP,6,55.7,Slow Moving,NO
84683,CLASSICAL ROSE CANDLESTAND,187,147.35000000000002,Slow Moving,NO
84685,BEACH HUT KEY CABINET,21,78.75,Slow Moving,NO
84686,BEACH HUT MIRROR,49,66.39,Slow Moving,NO
84687,BEACH HUT SHELF W 3 DRAWERS,70,376.5,Slow Moving,NO
84688,BEACH HUT DESIGN BLACKBOARD,34,144.5,Slow Moving,NO
84689,S/2 BEACH HUT TREASURE CHESTS,3,9.95,Slow Moving,NO
84691,PACK 20 DOLLY PEGS,242,174.5,Medium Moving,NO
84692,BOX OF 24 COCKTAIL PARASOLS,6803,2808.57,Fast Moving,YES
84705C,PINK FLOCK PHOTO FRAME ,12,15.0,Slow Moving,NO
84706D,CHERRY BLOSSOM TABLE CLOCK ,6,25.7,Slow Moving,NO
84706F,RED PEONY TABLE CLOCK,16,47.2,Slow Moving,NO
84707A,SILVER JEWELLED MIRROR TRINKET TRAY,66,440.73999999999995,Slow Moving,NO
84707B,PINK JEWELLED MIRROR TRINKET TRAY,29,178.56,Slow Moving,NO
84708B,PINK JEWELLED PHOTO FRAME ,53,256.75,Slow Moving,NO
84709B,PINK OVAL JEWELLED MIRROR,20,119.0,Slow Moving,NO
84711A,SILVER OVAL SHAPE TRINKET BOX,14,139.29999999999998,Slow Moving,NO
84711B,PINK OVAL SHAPE TRINKET BOX,15,149.25,Slow Moving,NO
84712B,PINK JEWELLED PHOTO FRAME,19,147.87,Slow Moving,NO
84715,SET OF 6 ICE CREAM SKITTLES,16,47.2,Slow Moving,NO
84723,CHERRY BLOSSOM CANVAS ART PICTURE,41,97.95,Slow Moving,NO
84725,FREESTYLE CANVAS ART PICTURE,41,39.65,Slow Moving,NO
84731,3 BIRDS CANVAS SCREEN,2,2.04,Slow Moving,NO
84732B,CUTE BIRD CEATURE SCREEN,22,8.58,Slow Moving,NO
84732D,CUTE RABBIT CEATURE SCREEN ,11,4.29,Slow Moving,NO
84741C,CITRUS GARLAND FELT FLOWERS ,60,117.0,Slow Moving,NO
84743C,ORANGE FELT VASE + FLOWERS,1,1.25,Slow Moving,NO
84744,S/6 SEW ON CROCHET FLOWERS,108,135.0,Slow Moving,NO
84745A,PINK HANGING GINGHAM EASTER HEN,32,13.44,Slow Moving,NO
84745B,BLUE HANGING GINGHAM EASTER HEN,32,13.44,Slow Moving,NO
84746,PINK EASTER HENS+FLOWER,3,11.25,Slow Moving,NO
84748,FOLK FELT HANGING MULTICOL GARLAND,24,90.0,Slow Moving,NO
84750A,PINK SMALL GLASS CAKE STAND,24,46.8,Slow Moving,NO
84750B,BLACK SMALL GLASS CAKE STAND,61,54.99,Slow Moving,NO
84751B,BLACK MEDIUM GLASS CAKE STAND,17,37.11,Slow Moving,NO
84754,S/15 SILVER GLASS BAUBLES IN BAG,502,586.46,Medium Moving,YES
84755,COLOUR GLASS T-LIGHT HOLDER HANGING,15563,9566.51,Fast Moving,YES
84760S,SMALL HANGING GLASS+ZINC LANTERN,43,62.349999999999994,Slow Moving,NO
84763,ZINC FINISH 15CM PLANTER POTS,573,679.01,Medium Moving,YES
84766,SILVER ROCOCO CANDLE STICK,146,340.7,Slow Moving,NO
84773,RED ROSE AND LACE C/COVER,3,8.850000000000001,Slow Moving,NO
84789,ENCHANTED BIRD PLANT CAGE,180,595.8000000000001,Slow Moving,NO
84792,ENCHANTED BIRD COATHANGER 5 HOOK,774,3470.5400000000004,Medium Moving,YES
84795B,SUNSET CHECK HAMMOCK,167,1249.65,Slow Moving,NO
84795C,OCEAN STRIPE HAMMOCK ,2,15.9,Slow Moving,NO
84796A,PINK HAWAIIAN PICNIC HAMPER FOR 2,14,178.5,Slow Moving,NO
84796B,BLUE SAVANNAH PICNIC HAMPER FOR 2,69,793.3499999999999,Slow Moving,NO
84798A,PINK FOXGLOVE ARTIIFCIAL FLOWER,14,35.699999999999996,Slow Moving,NO
84798B,PURPLE FOXGLOVE ARTIIFCIAL FLOWER,7,17.849999999999998,Slow Moving,NO
84799,SPRIG LAVENDER ARTIFICIAL FLOWER,220,155.48,Medium Moving,NO
84800L,LARGE WHITE/PINK ROSE ART FLOWER,360,639.36,Medium Moving,NO
84800M,MEDIUM WHITE/PINK ROSE ART FLOWER,127,174.31,Slow Moving,NO
84800S,SMALL WHITE/PINK ROSE ART FLOWER,107,120.07000000000001,Slow Moving,NO
84801A,PINK HYDRANGEA ART FLOWER,46,96.60000000000001,Slow Moving,NO
84801B,WHITE HYDRANGEA ART FLOWER,22,46.2,Slow Moving,NO
84802A,WHITE ANEMONE ARTIFICIAL FLOWER,2,3.38,Slow Moving,NO
84802B,PURPLE ANEMONE ARTIFICIAL FLOWER,4,6.76,Slow Moving,NO
84803B,WHITE ALLIUM  ARTIFICIAL FLOWER,15,25.35,Slow Moving,NO
84804A,CREAM DELPHINIUM ARTIFICIAL FLOWER,70,180.58,Slow Moving,NO
84804B,BLUE DELPHINIUM ARTIFICIAL FLOWER,99,188.37000000000003,Slow Moving,NO
84805A,CREAM CLIMBING HYDRANGA ART FLOWER,30,52.5,Slow Moving,NO
84805B,BLUE CLIMBING HYDRANGA ART FLOWER,38,52.5,Slow Moving,NO
84806A,PINK CANDYSTUFT ARTIFICIAL FLOWER,137,96.88999999999999,Slow Moving,NO
84806B,WHITE CANDYSTUFT ARTIFICIAL FLOWER,296,394.15999999999997,Medium Moving,NO
84809A,WHITE CHRYSANTHEMUMS ART FLOWER,38,79.80000000000001,Slow Moving,NO
84809B,PINK CHRYSANTHEMUMS ART FLOWER,18,37.800000000000004,Slow Moving,NO
84813,SET OF 4 DIAMOND NAPKIN RINGS,145,1146.97,Slow Moving,NO
84816,DANISH ROSE BEDSIDE CABINET,13,519.35,Slow Moving,NO
84817,DANISH ROSE DECORATIVE PLATE,951,710.64,Medium Moving,YES
84818,DANISH ROSE PHOTO FRAME,1423,1460.81,Fast Moving,YES
84819,DANISH ROSE ROUND SEWING BOX,811,951.79,Medium Moving,YES
84820,DANISH ROSE TRINKET TRAYS,259,483.05,Medium Moving,NO
84821,DANISH ROSE DELUXE COASTER,935,407.15,Medium Moving,YES
84823,DANISH ROSE FOLDING CHAIR,112,890.4000000000001,Slow Moving,NO
84824,DANISH ROSE UMBRELLA STAND,2,31.9,Slow Moving,NO
84826,ASSTD DESIGN 3D PAPER STICKERS,1159,386.83,Fast Moving,YES
84827,ASS DES PHONE SPONGE CRAFT STICKER,509,153.09,Medium Moving,YES
84828,JUNGLE POPSICLES ICE LOLLY HOLDERS,119,148.75,Slow Moving,NO
84828,JUNGLE POPSICLES ICE LOLLY MOULDS,831,1038.66,Medium Moving,YES
84832,ZINC WILLIE WINKIE  CANDLE STICK,2606,2176.1,Fast Moving,YES
84836,ZINC METAL HEART DECORATION,5750,7099.93,Fast Moving,YES
84840,SWEETHEART CARRY-ALL BASKET,3,25.5,Slow Moving,NO
84842,HELLO SAILOR BATHROOM SET,14,52.5,Slow Moving,NO
84843,WHITE SOAP RACK WITH 2 BOTTLES,161,864.35,Slow Moving,NO
84846A,SCENTED CANDLE IN DIGITALIS TIN,52,109.20000000000002,Slow Moving,NO
84847,FLORAL BATHROOM SET,20,75.0,Slow Moving,NO
84849A,HELLO SAILOR BLUE SOAP HOLDER,155,261.95,Slow Moving,NO
84849B,FAIRY SOAP SOAP HOLDER,232,392.08,Medium Moving,NO
84849D,HOT BATHS SOAP HOLDER,479,809.51,Medium Moving,NO
84854,GIRLY PINK TOOL SET,5,24.75,Slow Moving,NO
84857B,BLUE MONTE CARLO HANDBAG,24,46.8,Slow Moving,NO
84857C,PINK MONTE CARLO HANDBAG,95,198.35,Slow Moving,NO
84858C,PINK RIVIERA HANDBAG,185,250.05,Slow Moving,NO
84859A,SILVER DISCO HANDBAG,123,248.20999999999998,Slow Moving,NO
84859B,BLUE DISCO HANDBAG,30,60.68,Slow Moving,NO
84859C,PINK DISCO HANDBAG,83,176.39,Slow Moving,NO
84865,NEW BAROQUE BLACK PHOTO ALBUM,24,109.65,Slow Moving,NO
84870B,BLUE GEISHA GIRL ,20,75.0,Slow Moving,NO
84870C,GREEN GEISHA GIRL ,20,75.0,Slow Moving,NO
84872A,TEATIME FUNKY FLOWER BACKPACK FOR 2,3,50.849999999999994,Slow Moving,NO
84873A,FUNKY FLOWER PICNIC BAG FOR 4,2,33.9,Slow Moving,NO
84874B,BLUE TRAVEL FIRST AID KIT,34,56.1,Slow Moving,NO
84875B,GREEN SQUARE COMPACT MIRROR,125,168.75,Slow Moving,NO
84875D,BLUE SQUARE COMPACT MIRROR,51,63.75,Slow Moving,NO
84876B,GREEN HEART COMPACT MIRROR,201,251.25,Medium Moving,NO
84876D,BLUE HEART COMPACT MIRROR,124,187.5,Slow Moving,NO
84877A,PINK ROUND COMPACT MIRROR,12,15.0,Slow Moving,NO
84877B,GREEN ROUND COMPACT MIRROR,126,157.5,Slow Moving,NO
84877D,BLUE ROUND COMPACT MIRROR,87,121.25,Slow Moving,NO
84879,ASSORTED COLOUR BIRD ORNAMENT,35263,56413.03,Fast Moving,YES
84880,WHITE WIRE EGG HOLDER,301,1881.15,Medium Moving,NO
84881,BLUE WIRE SPIRAL CANDLE HOLDER,11,69.85,Slow Moving,NO
84882,GREEN WIRE STANDING CANDLE HOLDER,34,127.5,Slow Moving,NO
84884A,ANT WHITE WIRE HEART SPIRAL,286,1076.66,Medium Moving,NO
84898F,YELLOW FLOWERS FELT HANDBAG KIT,45,94.50000000000001,Slow Moving,NO
84905,PINK BUTTERFLY CUSHION COVER ,12,59.400000000000006,Slow Moving,NO
84906,PINK B'FLY C/COVER W BOBBLES,11,65.45,Slow Moving,NO
84906,PINK BUTTERFLY CUSHION COVER,17,33.15,Slow Moving,NO
84907,PINK YELLOW PATCH CUSHION COVER,5,38.25,Slow Moving,NO
84910A,PINK PAISLEY CUSHION COVER ,10,59.5,Slow Moving,NO
84912A,PINK ROSE WASHBAG,103,386.25,Slow Moving,NO
84912B,GREEN ROSE WASHBAG,148,555.0,Slow Moving,NO
84913A,SOFT PINK ROSE TOWEL ,37,172.05,Slow Moving,NO
84913B,MINT GREEN ROSE TOWEL,70,325.5,Slow Moving,NO
84915,HAND TOWEL PINK FLOWER AND DAISY,199,281.95,Slow Moving,NO
84916,HAND TOWEL PALE BLUE W FLOWERS,212,407.4,Medium Moving,NO
84917,WHITE HAND TOWEL WITH BUTTERFLY,170,400.5,Slow Moving,NO
84919,BLUE CUSHION COVER WITH FLOWER,29,201.55,Slow Moving,NO
84920,PINK FLOWER FABRIC PONY,71,266.25,Slow Moving,NO
84921,CREAM AND PINK FLOWERS PONY ,11,41.25,Slow Moving,NO
84922,PINK BUTTERFLY WASHBAG,8,34.0,Slow Moving,NO
84924A,WAKE UP COCKEREL CALENDAR SIGN ,72,281.13,Slow Moving,NO
84924F,PSYCHEDELIC METAL SIGN CALENDAR,10,7.9,Slow Moving,NO
84925D,LA PALMIERA WALL THERMOMETER,15,38.25,Slow Moving,NO
84925F,PSYCHEDELIC WALL THERMOMETER,79,109.92999999999999,Slow Moving,NO
84926A,WAKE UP COCKEREL TILE COASTER,597,198.08999999999997,Medium Moving,YES
84926D,LA PALMIERA TILE COASTER,705,266.64,Medium Moving,YES
84926E,FLOWERS TILE COASTER,966,322.88,Medium Moving,YES
84926F,PSYCHEDELIC TILE COASTER,423,178.0,Medium Moving,NO
84927A,WAKE UP COCKEREL TILE HOOK,46,53.85,Slow Moving,NO
84927D,LA PALMIERA TILE HOOK,44,39.39,Slow Moving,NO
84927E,FLOWERS TILE HOOK,57,71.82000000000001,Slow Moving,NO
84927F,PSYCHEDELIC TILE HOOK,295,166.35,Medium Moving,NO
84929,ASSTD FRUIT+FLOWERS FRIDGE MAGNETS,2244,545.1600000000001,Fast Moving,YES
84931A,PINK SCOTTIE DOG W FLOWER PATTERN,82,209.1,Slow Moving,NO
84931B,BLUE SCOTTIE DOG W FLOWER PATTERN,131,334.04999999999995,Slow Moving,NO
84944,SET OF 6 KASHMIR FOLKART BAUBLES,563,1014.7499999999999,Medium Moving,YES
84945,MULTI COLOUR SILVER T-LIGHT HOLDER,10267,8259.25,Fast Moving,YES
84946,ANTIQUE SILVER T-LIGHT GLASS,12949,15176.42,Fast Moving,YES
84946,ANTIQUE SILVER TEA GLASS ETCHED,3487,4016.75,Fast Moving,YES
84947,ANTIQUE SILVER TEA GLASS ENGRAVED,8219,9271.84,Fast Moving,YES
84949,SILVER HANGING T-LIGHT HOLDER,4653,7173.449999999999,Fast Moving,YES
84950,ASSORTED COLOUR T-LIGHT HOLDER,3349,1983.17,Fast Moving,YES
84951A,SET OF 4 PISTACHIO LOVEBIRD COASTER,362,314.27,Medium Moving,NO
84951B,SET OF 4 BLACK LOVEBIRD COASTERS,334,318.44,Medium Moving,NO
84952A,CLEAR LOVE BIRD T-LIGHT HOLDER,38,146.21,Slow Moving,NO
84952B,BLACK LOVE BIRD T-LIGHT HOLDER,145,247.46,Slow Moving,NO
84952C,MIRROR LOVE BIRD T-LIGHT HOLDER,140,225.0,Slow Moving,NO
84963A,PINK PAINTED KASHMIRI CHAIR,4,171.8,Slow Moving,NO
84963B,BLUE PAINTED KASHMIRI CHAIR,3,149.85000000000002,Slow Moving,NO
84968A,SET OF 16 VINTAGE ROSE CUTLERY,147,1787.85,Slow Moving,NO
84968B,SET OF 16 VINTAGE IVORY CUTLERY,2,25.5,Slow Moving,NO
84968C,SET OF 16 VINTAGE PISTACHIO CUTLERY,94,1198.5,Slow Moving,NO
84968D,SET OF 16 VINTAGE RED CUTLERY,62,814.92,Slow Moving,NO
84968E,SET OF 16 VINTAGE BLACK CUTLERY,87,1035.06,Slow Moving,NO
84968F,SET OF 16 VINTAGE SKY BLUE CUTLERY,78,951.3,Slow Moving,NO
84969,BOX OF 6 ASSORTED COLOUR TEASPOONS,295,1267.99,Medium Moving,NO
84970L,SINGLE HEART ZINC T-LIGHT HOLDER,5699,5663.53,Fast Moving,YES
84970S,HANGING HEART ZINC T-LIGHT HOLDER,8444,6808.49,Fast Moving,YES
84971S,SMALL HEART FLOWERS HOOK ,1654,1365.5,Fast Moving,YES
84974,S/2 ZINC HEART DESIGN PLANTERS,39,388.04999999999995,Slow Moving,NO
84975,HEART SHAPED MIRROR,5,8.45,Slow Moving,NO
84976,RECTANGULAR SHAPED MIRROR,502,420.68,Medium Moving,YES
84978,HANGING HEART JAR T-LIGHT HOLDER,10961,12650.970000000001,Fast Moving,YES
84984A,GREEN PEONY CUSHION COVER,19,88.35000000000001,Slow Moving,NO
84984B,RED PEONY CUSHION COVER ,17,79.05000000000001,Slow Moving,NO
84984D,ORIENTAL RED CUSHION COVER ,13,60.45,Slow Moving,NO
84985A,SET OF 72 GREEN PAPER DOILIES,41,59.449999999999996,Slow Moving,NO
84987,SET OF 36 TEATIME PAPER DOILIES,2926,4075.7799999999997,Fast Moving,YES
84988,SET OF 72 PINK HEART PAPER DOILIES,3953,5565.23,Fast Moving,YES
84989A,75 GREEN FAIRY CAKE CASES,27,14.850000000000001,Slow Moving,NO
84990,60 GOLD AND SILVER FAIRY CAKE CASES,2,1.1,Slow Moving,NO
84991,60 TEATIME FAIRY CAKE CASES,17664,8604.62,Fast Moving,YES
84992,72 SWEETHEART FAIRY CAKE CASES,13029,6252.35,Fast Moving,YES
84993A,75 GREEN PETIT FOUR CASES,305,128.1,Medium Moving,NO
84993B,75 BLACK PETIT FOUR CASES,57,23.94,Slow Moving,NO
84997A,CHILDRENS CUTLERY POLKADOT GREEN ,1688,6599.06,Fast Moving,YES
84997A,GREEN 3 PIECE POLKADOT CUTLERY SET,837,3019.23,Medium Moving,YES
84997B,CHILDRENS CUTLERY RETROSPOT RED ,2492,9603.68,Fast Moving,YES
84997B,RED 3 PIECE RETROSPOT CUTLERY SET,1543,5555.13,Fast Moving,YES
84997C,BLUE 3 PIECE POLKADOT CUTLERY SET,1170,4213.34,Fast Moving,YES
84997C,CHILDRENS CUTLERY POLKADOT BLUE,2523,9827.25,Fast Moving,YES
84997D,CHILDRENS CUTLERY POLKADOT PINK,3528,13788.300000000001,Fast Moving,YES
84997D,PINK 3 PIECE POLKADOT CUTLERY SET,1392,5010.400000000001,Fast Moving,YES
85006,SET 4 NURSERY DES ROUND BOXES,55,57.25,Slow Moving,NO
85008,SET OF 3 CONEY ISLAND OVAL BOXES,12,55.95,Slow Moving,NO
85014A,BLACK/BLUE POLKADOT UMBRELLA,1132,6361.990000000001,Fast Moving,YES
85014B,RED RETROSPOT UMBRELLA,1841,10217.720000000001,Fast Moving,YES
85015,SET OF 12  VINTAGE POSTCARD SET,2128,1590.1200000000001,Fast Moving,YES
85016,SET OF 6 VINTAGE NOTELETS KIT,522,459.0,Medium Moving,YES
85017A,ENVELOPE 50 ROMANTIC IMAGES,6,5.1,Slow Moving,NO
85017B,ENVELOPE 50 BLOSSOM IMAGES,947,491.55,Medium Moving,YES
85017C,ENVELOPE 50 CURIOUS IMAGES,49,26.17,Slow Moving,NO
85018D,YULETIDE IMAGES S/6 PAPER BOXES,12,30.599999999999998,Slow Moving,NO
85019A,ROMANTIC IMAGES NOTEBOOK SET,409,547.25,Medium Moving,NO
85019B,BLOSSOM  IMAGES NOTEBOOK SET,498,640.5,Medium Moving,NO
85019C,CURIOUS  IMAGES NOTEBOOK SET,181,262.25,Slow Moving,NO
85020,ROUND PINK HEART MIRROR,78,163.8,Slow Moving,NO
85023B,EAU DE NILE JEWELLED PHOTOFRAME,104,232.8,Slow Moving,NO
85024B,EAU DE NILE JEWELLED PHOTOFRAME,193,289.65,Slow Moving,NO
85024C,PINK SMALL JEWELLED PHOTOFRAME,12,19.799999999999997,Slow Moving,NO
85025B,EAU DE NILE HEART SHAPE PHOTO FRAME,303,471.15,Medium Moving,NO
85025C,PINK HEART SHAPE PHOTO FRAME,307,476.34999999999997,Medium Moving,NO
85026B,EAU DE NILE JEWELLED T-LIGHT HOLDER,75,63.75,Slow Moving,NO
85027L,FRENCH CHATEAU LARGE PLATTER ,70,160.5,Slow Moving,NO
85028L,FRENCH CHATEAU LARGE FRUIT BOWL ,10,19.5,Slow Moving,NO
85028S,FRENCH CHATEAU SMALL FRUITBOWL,24,51.599999999999994,Slow Moving,NO
85030,FRENCH CHATEAU OVAL PLATTER,15,29.25,Slow Moving,NO
85031A,ROMANTIC IMAGES SCRAP BOOK SET,16,45.9,Slow Moving,NO
85031B,BLOSSOM IMAGES SCRAP BOOK SET,1,4.95,Slow Moving,NO
85031C,CURIOUS IMAGES SCRAP BOOK SET,3,14.850000000000001,Slow Moving,NO
85032A,ROMANTIC IMAGES GIFT WRAP SET,737,679.1500000000001,Medium Moving,YES
85032B,BLOSSOM IMAGES GIFT WRAP SET,739,655.8000000000001,Medium Moving,YES
85032C,CURIOUS IMAGES GIFT WRAP SET,595,565.1,Medium Moving,YES
85032D,YULETIDE IMAGES GIFT WRAP SET,630,467.50000000000006,Medium Moving,YES
85034A,3 GARDENIA MORRIS BOXED CANDLES,489,840.29,Medium Moving,NO
85034B,3 WHITE CHOC MORRIS BOXED CANDLES,880,1357.44,Medium Moving,YES
85034C,3 ROSE MORRIS BOXED CANDLES,1068,1555.64,Fast Moving,YES
85035A,GARDENIA 3 WICK MORRIS BOXED CANDLE,260,677.04,Medium Moving,NO
85035B,CHOCOLATE 3 WICK MORRIS BOX CANDLE,557,816.25,Medium Moving,YES
85035C,ROSE 3 WICK MORRIS BOX CANDLE,1090,1592.7,Fast Moving,YES
85036A,GARDENIA 1 WICK MORRIS BOXED CANDLE,199,631.03,Slow Moving,NO
85036B,CHOCOLATE 1 WICK MORRIS BOX CANDLE,352,553.58,Medium Moving,NO
85036C,ROSE 1 WICK MORRIS BOXED CANDLE,726,1013.52,Medium Moving,YES
85038,6 CHOCOLATE LOVE HEART T-LIGHTS,1014,1985.8600000000001,Fast Moving,YES
85039A,SET/4 RED MINI ROSE CANDLE IN BOWL,443,583.2499999999999,Medium Moving,NO
85039B,S/4 IVORY MINI ROSE CANDLE IN BOWL,491,669.91,Medium Moving,NO
85039C,S/4 BLACK MINI ROSE CANDLE IN BOWL,222,129.94,Medium Moving,NO
85040A,S/4 PINK FLOWER CANDLES IN BOWL,805,1344.8899999999999,Medium Moving,YES
85040B,SET/4 BLUE FLOWER CANDLES IN BOWL,135,222.74999999999997,Slow Moving,NO
85045,GREEN CHRISTMAS TREE STRING 20LIGHT,41,186.15,Slow Moving,NO
85047,WHITE BEADED GARLAND STRING 20LIGHT,3,19.049999999999997,Slow Moving,NO
85048,15CM CHRISTMAS GLASS BALL 20 LIGHTS,1266,9374.7,Fast Moving,YES
85049A,TRADITIONAL CHRISTMAS RIBBONS,2903,3602.8,Fast Moving,YES
85049B,LUSH GREENS RIBBONS,54,67.5,Slow Moving,NO
85049C,ROMANTIC PINKS RIBBONS ,1196,1468.85,Fast Moving,YES
85049D,BRIGHT BLUES RIBBONS ,537,671.25,Medium Moving,YES
85049E,SCANDINAVIAN REDS RIBBONS,2741,3492.2,Fast Moving,YES
85049F,BABY BOOM RIBBONS ,374,467.5,Medium Moving,NO
85049G,CHOCOLATE BOX RIBBONS ,1573,1917.58,Fast Moving,YES
85049H,URBAN BLACK RIBBONS ,447,519.22,Medium Moving,NO
85053,FRENCH ENAMEL CANDLEHOLDER,1541,3087.5200000000004,Fast Moving,YES
85054,FRENCH ENAMEL POT W LID,549,1227.41,Medium Moving,YES
85055,FRENCH ENAMEL UTENSIL HOLDER,37,122.75,Slow Moving,NO
85059,FRENCH ENAMEL WATER BASIN,290,771.21,Medium Moving,NO
85061W,WHITE JEWELLED HEART DECORATION,1968,1594.5,Fast Moving,YES
85062,PEARL CRYSTAL PUMPKIN T-LIGHT HLDR,1368,2214.87,Fast Moving,YES
85064,CREAM SWEETHEART LETTER RACK,205,866.05,Medium Moving,NO
85066,CREAM SWEETHEART MINI CHEST,1696,20448.17,Fast Moving,YES
85067,CREAM SWEETHEART WALL CABINET,7,126.64999999999999,Slow Moving,NO
85071A,BLUE CHARLIE+LOLA PERSONAL DOORSIGN,976,512.8000000000001,Medium Moving,YES
85071B,RED CHARLIE+LOLA PERSONAL DOORSIGN,1245,618.35,Fast Moving,YES
85071C,"CHARLIE+LOLA""EXTREMELY BUSY"" SIGN",607,313.78,Medium Moving,YES
85071D,CHARLIE+LOLA MY ROOM DOOR SIGN,362,205.98,Medium Moving,NO
85078,SCANDINAVIAN 3 HEARTS NAPKIN RING,1746,376.50000000000006,Fast Moving,YES
85084,HOLLY TOP CHRISTMAS STOCKING,17,14.45,Slow Moving,NO
85086A,CANDY SPOT HEART DECORATION,45,38.25,Slow Moving,NO
85087,CANDY SPOT CUSHION COVER,40,119.36000000000001,Slow Moving,NO
85088,CANDY SPOT HAND BAG,188,385.27000000000004,Slow Moving,NO
85089,CANDY SPOT BUNNY,13,38.35,Slow Moving,NO
85092,CANDY SPOT TEA COSY,27,40.05,Slow Moving,NO
85093,CANDY SPOT EGG WARMER HARE,451,227.49,Medium Moving,NO
85094,CANDY SPOT EGG WARMER RABBIT,501,122.75000000000001,Medium Moving,YES
85095,THREE CANVAS LUGGAGE TAGS,66,128.26,Slow Moving,NO
85096,HILDA CANDY SPOT RABBIT,20,75.0,Slow Moving,NO
85099B,JUMBO BAG RED RETROSPOT,46078,85040.54000000001,Fast Moving,YES
85099C,JUMBO  BAG BAROQUE BLACK WHITE,12771,23630.58,Fast Moving,YES
85099F,JUMBO BAG STRAWBERRY,16771,30569.32,Fast Moving,YES
85103,SILVER T-LIGHT SETTING,91,545.45,Slow Moving,NO
85104,SILVER GLASS T-LIGHT SET,196,502.47999999999996,Slow Moving,NO
85106,CUT GLASS HEXAGON T-LIGHT HOLDER,528,912.9599999999999,Medium Moving,YES
85107,CUT GLASS T-LIGHT HOLDER OCTAGON,241,511.35,Medium Moving,NO
85109,PINK BOUDOIR T-LIGHT HOLDER,12,10.2,Slow Moving,NO
85111,SILVER GLITTER FLOWER VOTIVE HOLDER,1395,416.07,Fast Moving,YES
85114A,BLACK ENCHANTED FOREST PLACEMAT,585,893.25,Medium Moving,YES
85114B,IVORY ENCHANTED FOREST PLACEMAT,393,624.4499999999999,Medium Moving,NO
85114C,RED ENCHANTED FOREST PLACEMAT,457,730.05,Medium Moving,NO
85116,BLACK CANDELABRA T-LIGHT HOLDER,694,702.8000000000001,Medium Moving,YES
85118,HEART T-LIGHT HOLDER,142,135.74,Slow Moving,NO
85123A,CREAM HANGING HEART T-LIGHT HOLDER,57,155.35,Slow Moving,NO
85123A,WHITE HANGING HEART T-LIGHT HOLDER,36706,100392.1,Fast Moving,YES
85124B,BLUE JUICY FRUIT PHOTO FRAME,82,209.1,Slow Moving,NO
85124C,GREEN JUICY FRUIT PHOTO FRAME,84,214.2,Slow Moving,NO
85125,SMALL ROUND CUT GLASS CANDLESTICK,127,574.75,Slow Moving,NO
85127,SMALL SQUARE CUT GLASS CANDLESTICK,80,396.0,Slow Moving,NO
85129B,BEADED CRYSTAL HEART GREEN SMALL,101,124.11,Slow Moving,NO
85129C,BEADED CRYSTAL HEART BLUE SMALL,77,99.88,Slow Moving,NO
85129D,BEADED CRYSTAL HEART PINK SMALL,165,240.13,Slow Moving,NO
85130A,BEADED PEARL HEART WHITE LARGE,77,127.04999999999998,Slow Moving,NO
85130B,BEADED CRYSTAL HEART GREEN LARGE,816,707.7,Medium Moving,YES
85130C,BEADED CRYSTAL HEART BLUE  LARGE,478,424.06,Medium Moving,NO
85130D,BEADED CRYSTAL HEART PINK LARGE,552,526.38,Medium Moving,YES
85131A,BEADED PEARL HEART WHITE ON STICK,469,462.17,Medium Moving,NO
85131B,BEADED CRYSTAL HEART GREEN ON STICK,142,120.38,Slow Moving,NO
85131C,BEADED CRYSTAL HEART BLUE ON STICK,73,78.71,Slow Moving,NO
85131D,BEADED CRYSTAL HEART PINK ON STICK,115,113.09,Slow Moving,NO
85132A,CHARLIE + LOLA BISCUITS TINS,453,963.3499999999999,Medium Moving,NO
85132B,CHARLIE AND LOLA TABLE TINS,513,1048.35,Medium Moving,YES
85132C,CHARLIE AND LOLA FIGURES TINS,1404,2817.7999999999997,Fast Moving,YES
85135A,YELLOW DRAGONFLY HELICOPTER,15,119.25,Slow Moving,NO
85135B,BLUE DRAGONFLY HELICOPTER,47,373.65000000000003,Slow Moving,NO
85135C,RED DRAGONFLY HELICOPTER,78,620.1,Slow Moving,NO
85136A,YELLOW SHARK HELICOPTER,50,397.5,Slow Moving,NO
85136B,BLUE SHARK HELICOPTER,2,15.9,Slow Moving,NO
85136C,RED SHARK HELICOPTER,35,278.25,Slow Moving,NO
85141,JARDIN ETCHED GLASS FRUITBOWL,119,611.65,Slow Moving,NO
85144,JARDIN ETCHED GLASS BUTTER DISH,1,7.25,Slow Moving,NO
85144,JARDIN ETCHED GLASS CHEESE DISH,219,575.45,Medium Moving,NO
85145,JARDIN ETCHED GLASS LARGE BELL JAR,37,163.75,Slow Moving,NO
85146,JARDIN ETCHED GLASS SMALL BELL JAR,43,147.85000000000002,Slow Moving,NO
85150,LADIES & GENTLEMEN METAL SIGN,3898,8696.58,Fast Moving,YES
85152,HAND OVER THE CHOCOLATE   SIGN ,8138,15484.51,Fast Moving,YES
85159A,"BLACK TEA,COFFEE,SUGAR JARS",451,779.4499999999999,Medium Moving,NO
85159B,"WHITE TEA,COFFEE,SUGAR JARS",622,1134.5,Medium Moving,YES
85160B,BLACK BIRD GARDEN DESIGN MUG,105,46.11,Slow Moving,NO
85161,ACRYLIC GEOMETRIC LAMP,12,221.39999999999998,Slow Moving,NO
85163A,WHITE BAROQUE WALL CLOCK ,45,349.95,Slow Moving,NO
85163B,BLACK BAROQUE WALL CLOCK ,44,333.6,Slow Moving,NO
85167B,BLACK GRAND BAROQUE PHOTO FRAME,48,93.0,Slow Moving,NO
85168B,BLACK BAROQUE CARRIAGE CLOCK,17,149.67,Slow Moving,NO
85169A,IVORY LOVE BIRD CANDLE,502,496.72,Medium Moving,YES
85169B,BLACK LOVE BIRD CANDLE,201,191.49,Medium Moving,NO
85169C,EAU DE NIL LOVE BIRD CANDLE,336,353.72,Medium Moving,NO
85169D,PINK LOVE BIRD CANDLE,232,236.48000000000002,Medium Moving,NO
85170A,SET/6 IVORY BIRD T-LIGHT CANDLES,1,2.1,Slow Moving,NO
85170B,SET/6 BLACK BIRD T-LIGHT CANDLES,179,195.9,Slow Moving,NO
85170C,SET/6 EAU DE NIL BIRD T-LIGHTS,252,366.23,Medium Moving,NO
85170D,SET/6 PINK BIRD T-LIGHT CANDLES,355,497.21000000000004,Medium Moving,NO
85172,HYACINTH BULB T-LIGHT CANDLES,1296,544.3199999999999,Fast Moving,YES
85173,SET/6 FROG PRINCE T-LIGHT CANDLES,434,628.4699999999999,Medium Moving,NO
85174,S/4 CACTI CANDLES,493,1965.8700000000001,Medium Moving,NO
85175,CACTI T-LIGHT CANDLES,5185,2065.22,Fast Moving,YES
85176,SEWING SUSAN 21 NEEDLE SET,626,542.24,Medium Moving,YES
85177,BASKET OF FLOWERS SEWING KIT,774,599.76,Medium Moving,YES
85178,VICTORIAN SEWING KIT,2370,2640.94,Fast Moving,YES
85179A,GREEN BITTY LIGHT CHAIN,119,188.31,Slow Moving,NO
85179C,PINK BITTY LIGHT CHAIN,69,89.65,Slow Moving,NO
85180A,RED HEARTS LIGHT CHAIN ,434,844.34,Medium Moving,NO
85180B,PINK HEARTS LIGHT CHAIN ,196,381.0,Slow Moving,NO
85183A,CHARLIE & LOLA WASTEPAPER BIN BLUE,657,805.75,Medium Moving,YES
85183B,CHARLIE & LOLA WASTEPAPER BIN FLORA,977,1228.25,Medium Moving,YES
85184C,S/4 VALENTINE DECOUPAGE HEART BOX,1368,2025.1000000000001,Fast Moving,YES
85184C,SET 4 VALENTINE DECOUPAGE HEART BOX,151,441.53000000000003,Slow Moving,NO
85185B,PINK HORSE SOCK PUPPET,240,688.8000000000001,Medium Moving,NO
85185B,PINK HORSE SOCK PUPPET KIT,42,123.9,Slow Moving,NO
85185D,FROG SOCK PUPPET,15,44.25000000000001,Slow Moving,NO
85186A,EASTER BUNNY GARLAND OF FLOWERS,477,200.34,Medium Moving,NO
85186C,BUNNY EGG GARLAND,413,173.46,Medium Moving,NO
85187,S/12 MINI RABBIT EASTER,324,515.4,Medium Moving,NO
85188A,GREEN METAL SWINGING BUNNY,302,256.7,Medium Moving,NO
85188B,PINK METAL SWINGING BUNNY,75,63.74999999999999,Slow Moving,NO
85189,HANGING BUTTERFLY  EGG,9,7.6499999999999995,Slow Moving,NO
85194L,HANGING SPRING FLOWER EGG LARGE,900,746.28,Medium Moving,YES
85194S,HANGING SPRING FLOWER EGG SMALL,1163,447.75000000000006,Fast Moving,YES
85195,HANGING HEART BASKET,11,23.1,Slow Moving,NO
85197,SET OF 12 MINI BUNNIES IN A BUCKET,32,67.2,Slow Moving,NO
85198,ASSORTED FARMYARD ANIMALS IN BUCKET,86,68.06,Slow Moving,NO
85199L,LARGE HANGING IVORY & RED WOOD BIRD,925,598.37,Medium Moving,YES
85199S,SMALL HANGING IVORY/RED WOOD BIRD,2227,943.13,Fast Moving,YES
85200,BUNNY EGG BOX,183,228.75,Slow Moving,NO
85202,HANGING WOOD AND FELT HEART,296,124.32,Medium Moving,NO
85203,HANGING WOOD AND FELT BUTTERFLY ,569,237.54,Medium Moving,YES
85204,HANGING WOOD AND FELT FLOWER,1871,248.88,Fast Moving,YES
85205B,PINK FELT EASTER RABBIT GARLAND,116,295.8,Slow Moving,NO
85206A,CREAM FELT EASTER EGG BASKET,914,1446.8999999999999,Medium Moving,YES
85206B,PINK FELT EASTER EGG BASKET,14,23.099999999999998,Slow Moving,NO
85208,SET/12 FUNKY FELT FLOWER PEG IN BAG,160,296.64000000000004,Slow Moving,NO
85211,S/4 GROOVY CAT MAGNETS,142,151.92,Slow Moving,NO
85212,MINI PAINTED GARDEN DECORATION ,2427,702.4699999999999,Fast Moving,YES
85213,MINI  ZINC GARDEN DECORATIONS ,809,297.89,Medium Moving,YES
85214,TUB 24 PINK FLOWER PEGS,103,169.95,Slow Moving,NO
85215,ASSORTED CHEESE FRIDGE MAGNETS,163,105.95000000000002,Slow Moving,NO
85216,ASSORTED CAKES FRIDGE MAGNETS,55,35.75,Slow Moving,NO
85224,ASSORTED COLOUR SILK GLASSES CASE,3,6.300000000000001,Slow Moving,NO
85225,BLING KEY RING STAND,6,6.25,Slow Moving,NO
85227,SET OF 6 3D KIT CARDS FOR KIDS,1311,1097.73,Fast Moving,YES
85230A,OPIUM SCENTED VOTIVE CANDLE,840,203.27999999999997,Medium Moving,YES
85230B,CINNAMON SCENTED VOTIVE CANDLE,1264,326.23999999999995,Fast Moving,YES
85230E,STRAWBRY SCENTED VOTIVE CANDLE,1101,267.45,Fast Moving,YES
85230F,JASMINE VOTIVE CANDLE,338,90.33999999999999,Medium Moving,NO
85230G,ORANGE VOTIVE CANDLE,1032,257.03999999999996,Fast Moving,YES
85231B,CINAMMON SET OF 9 T-LIGHTS,798,672.06,Medium Moving,YES
85231G,ORANGE SCENTED SET/9 T-LIGHTS,573,471.45,Medium Moving,YES
85232A,SET/3 POLKADOT STACKING TINS,74,349.5,Slow Moving,NO
85232B,SET OF 3 BABUSHKA STACKING TINS,267,1321.6499999999999,Medium Moving,NO
85232D,SET/3 DECOUPAGE STACKING TINS,174,827.7,Slow Moving,NO
90000A,RASPBERRY ANT COPPER FLOWER NECKLAC,11,65.45,Slow Moving,NO
90000B,MIDNIGHT BLUE COPPER FLOWER NECKLAC,3,17.85,Slow Moving,NO
90000D,COPPER/OLIVE GREEN FLOWER NECKLACE,6,35.7,Slow Moving,NO
90001A,ANTIQUE RASPBERRY FLOWER EARRINGS,2,8.5,Slow Moving,NO
90001B,ANTIQUE MID BLUE FLOWER EARRINGS,4,17.0,Slow Moving,NO
90001C,ANTIQUE OPAL WHITE FLOWER EARRINGS,2,8.5,Slow Moving,NO
90001D,ANTIQUE OLIVE GREEN FLOWER EARRINGS,5,21.25,Slow Moving,NO
90002D,FLOWER BURST SILVER RING CRYSTAL,10,37.5,Slow Moving,NO
90003B,ROSE COLOUR PAIR HEART HAIR SLIDES,6,22.5,Slow Moving,NO
90003C,MIDNIGHT BLUE PAIR HEART HAIR SLIDE,12,45.0,Slow Moving,NO
90003D,CRYSTAL PAIR HEART HAIR SLIDES,18,67.5,Slow Moving,NO
90003E,GREEN PAIR HEART HAIR SLIDES,8,30.0,Slow Moving,NO
90010A,MIDNIGHT BLUE GLASS/SILVER BRACELET,7,62.64999999999999,Slow Moving,NO
90010B,BLACK/WHITE GLASS/SILVER BRACELET,7,62.64999999999999,Slow Moving,NO
90010E,AMBER GLASS/SILVER BRACELET,10,89.5,Slow Moving,NO
90011A,MIDNIGHT BLUE CRYSTAL DROP EARRINGS,1,2.95,Slow Moving,NO
90011B,BLACK CRYSTAL DROP EARRINGS,7,20.650000000000002,Slow Moving,NO
90012A,MIDNIGHT BLUE DROP CRYSTAL NECKLACE,8,23.6,Slow Moving,NO
90012B,BLACK DROP CRYSTAL NECKLACE,12,35.400000000000006,Slow Moving,NO
90013A,MIDNIGHT BLUE VINTAGE EARRINGS,16,60.0,Slow Moving,NO
90013C,GREEN VINTAGE EARRINGS ,11,41.25,Slow Moving,NO
90014A,SILVER M.O.P. ORBIT NECKLACE,8,23.6,Slow Moving,NO
90014A,SILVER/MOP ORBIT NECKLACE,8,79.6,Slow Moving,NO
90014B,GOLD M PEARL  ORBIT NECKLACE,8,79.6,Slow Moving,NO
90014B,GOLD M.O.P. ORBIT NECKLACE,2,5.9,Slow Moving,NO
90014C,SILVER AND BLACK ORBIT NECKLACE,1,2.95,Slow Moving,NO
90014C,SILVER/BLACK ORBIT NECKLACE,3,29.849999999999998,Slow Moving,NO
90016A,SILVER/M.O.P PENDANT ORBIT NECKLACE,14,80.75,Slow Moving,NO
90016B,GOLD/M.O.P PENDANT ORBIT NECKLACE,9,76.5,Slow Moving,NO
90018A,SILVER M.O.P ORBIT DROP EARRINGS,17,72.25,Slow Moving,NO
90018B,GOLD M.O.P ORBIT DROP EARRINGS,8,34.0,Slow Moving,NO
90018C,SILVER BLACK ORBIT DROP EARRINGS,6,25.5,Slow Moving,NO
90019A,SILVER M.O.P ORBIT BRACELET,18,89.10000000000001,Slow Moving,NO
90019B,GOLD M.O.P ORBIT BRACELET,2,9.9,Slow Moving,NO
90019C,SILVER BLACK ORBIT BRACELET,4,19.8,Slow Moving,NO
90021,LASER CUT MULTI STRAND NECKLACE,1,11.95,Slow Moving,NO
90022,EDWARDIAN DROP EARRINGS JET BLACK,8,30.0,Slow Moving,NO
90023,FILIGREE DIAMANTE EARRINGS,8,34.0,Slow Moving,NO
90024B,NEW BAROQUE B'FLY NECKLACE RED,4,34.0,Slow Moving,NO
90024C,NEW BAROQUE B'FLY NECKLACE GREEN,2,17.0,Slow Moving,NO
90024D,NEW BAROQUE B'FLY NECKLACE PINK,1,8.5,Slow Moving,NO
90024F,NEW BAROQUE B'FLY NECKLACE CRYSTAL,2,17.0,Slow Moving,NO
90025A,BAROQUE BUTTERFLY EARRINGS BLACK,2,7.5,Slow Moving,NO
90025F,BAROQUE BUTTERFLY EARRINGS CRYSTAL,1,3.75,Slow Moving,NO
90026A,GLASS BEAD HOOP NECKLACE BLACK,2,17.0,Slow Moving,NO
90026B,GLASS BEAD HOOP NECKLACE MONTANA,2,17.0,Slow Moving,NO
90026C,GLASS BEAD HOOP NECKLACE GREEN,3,25.5,Slow Moving,NO
90026D,GLASS BEAD HOOP NECKLACE AMETHYST,3,25.5,Slow Moving,NO
90027A,GLASS BEAD HOOP EARRINGS BLACK,4,11.8,Slow Moving,NO
90027D,GLASS BEAD HOOP EARRINGS AMETHYST,4,11.8,Slow Moving,NO
90028,NEW BAROQUE LARGE NECKLACE BLK/WHIT,2,17.0,Slow Moving,NO
90029,NEW BAROQUE SMALL NECKLACE BLACK,3,25.5,Slow Moving,NO
90030A,SPOTTED WHITE NATURAL SEED NECKLACE,72,72.0,Slow Moving,NO
90030B,RED KUKUI COCONUT SEED NECKLACE,112,131.8,Slow Moving,NO
90030C,BROWN KUKUI COCONUT SEED NECKLACE,74,74.0,Slow Moving,NO
90031,BILI NUT AND WOOD NECKLACE,48,48.0,Slow Moving,NO
90032,IVORY SHELL HEART NECKLACE,19,90.67,Slow Moving,NO
90033,IVORY SHELL HEART EARRINGS,2,5.1,Slow Moving,NO
90035A,"PEARL & SHELL 42""NECKL. GREEN",4,43.0,Slow Moving,NO
90035C,"PEARL & SHELL 42""NECKL. IVORY",2,21.5,Slow Moving,NO
90036A,FLOWER GARLAND NECKLACE RED,6,47.7,Slow Moving,NO
90036B,"FLOWER GLASS GARLAND NECKL.36""GREEN",4,31.8,Slow Moving,NO
90036C,"FLOWER GLASS GARLAND NECKL.36""BLUE",6,47.7,Slow Moving,NO
90036D,"FLOWER GLASS GARLAND NECKL.36""BLACK",11,87.45,Slow Moving,NO
90036E,"FLOWER GLASS GARLD NECKL36""AMETHYST",7,55.650000000000006,Slow Moving,NO
90036F,"FLOWER GLASS GARLD NECKL36""TURQUOIS",4,31.8,Slow Moving,NO
90037B,TINY CRYSTAL BRACELET GREEN,6,15.299999999999999,Slow Moving,NO
90038A,GLASS AND PAINTED BEADS BRACELET TO,6,22.5,Slow Moving,NO
90038B,GLASS AND PAINTED BEADS BRACELET OL,6,22.5,Slow Moving,NO
90038C,GLASS AND BEADS BRACELET IVORY,6,22.5,Slow Moving,NO
90039A,FIRE POLISHED GLASS BRACELET RED,6,22.5,Slow Moving,NO
90039B,FIRE POLISHED GLASS BRACELET MONTAN,6,22.5,Slow Moving,NO
90039C,FIRE POLISHED GLASS BRACELET BLACK,1,3.75,Slow Moving,NO
90039D,FIRE POLISHED GLASS BRACELET GREEN,14,52.5,Slow Moving,NO
90040A,MURANO STYLE GLASS BRACELET RED,6,21.0,Slow Moving,NO
90040B,MURANO STYLE GLASS BRACELET BLACK,4,14.0,Slow Moving,NO
90040C,MURANO STYLE GLASS BRACELET GOLD,7,24.5,Slow Moving,NO
90041,PEARL AND CHERRY QUARTZ BRACLET,2,7.0,Slow Moving,NO
90042A,FRESHWATER PEARL BRACELET GOLD,3,7.6499999999999995,Slow Moving,NO
90043,COPPER AND BRASS BAG CHARM,4,24.810000000000002,Slow Moving,NO
90046,WHITE WITH METAL BAG CHARM,3,14.850000000000001,Slow Moving,NO
90048,GREEN WITH METAL BAG CHARM,3,14.850000000000001,Slow Moving,NO
90049,IVORY GOLD METAL BAG CHARM,5,34.77,Slow Moving,NO
90050,CRACKED GLAZE NECKLACE IVORY,6,41.7,Slow Moving,NO
90051,CRACKED GLAZE NECKLACE RED,6,41.7,Slow Moving,NO
90054,CRACKED GLAZE EARRINGS RED,1,2.55,Slow Moving,NO
90055,CRACKED GLAZE EARRINGS BROWN,1,2.55,Slow Moving,NO
90057,DIAMANTE RING ASSORTED IN BOX.,1008,1311.3600000000001,Fast Moving,YES
90058A,CRYSTAL STUD EARRINGS CLEAR DISPLAY,324,123.12,Medium Moving,NO
90058B,CRYSTAL STUD EARRINGS ASSORTED COL ,612,232.56,Medium Moving,YES
90059A,DIAMANTE HAIR GRIP PACK/2 CRYSTAL,6,9.899999999999999,Slow Moving,NO
90059B,DIAMANTE HAIR GRIP PACK/2 BLACK DIA,9,14.85,Slow Moving,NO
90059C,DIAMANTE HAIR GRIP PACK/2 MONTANA,8,13.2,Slow Moving,NO
90059D,DIAMANTE HAIR GRIP PACK/2 PERIDOT,6,9.899999999999999,Slow Moving,NO
90059E,DIAMANTE HAIR GRIP PACK/2 RUBY,10,16.499999999999996,Slow Moving,NO
90059F,DIAMANTE HAIR GRIP PACK/2 LT ROSE,9,14.85,Slow Moving,NO
90060B,FIRE POLISHED GLASS NECKL GOLD,1,5.95,Slow Moving,NO
90060D,FIRE POLISHED GLASS NECKL BRONZE,3,17.85,Slow Moving,NO
90062,CARNIVAL BRACELET,20,255.0,Slow Moving,NO
90063A,WHITE VINT ART DECO CRYSTAL NECKLAC,11,93.5,Slow Moving,NO
90063B,BLACK VINT ART DEC CRYSTAL NECKLACE,8,68.0,Slow Moving,NO
90064A,WHITE VINTAGE CRYSTAL EARRINGS,7,26.25,Slow Moving,NO
90064B,BLACK VINTAGE  CRYSTAL EARRINGS,11,41.25,Slow Moving,NO
90065A,WHITE VINTAGE CRYSTAL BRACELET,6,40.5,Slow Moving,NO
90065B,BLACK VINT ART DEC CRYSTAL BRACELET,1,6.75,Slow Moving,NO
90067A,PINK VINTAGE VICTORIAN EARRINGS,10,29.500000000000004,Slow Moving,NO
90069,RUBY GLASS CLUSTER NECKLACE,2,15.0,Slow Moving,NO
90070,RUBY GLASS CLUSTER BRACELET,8,47.6,Slow Moving,NO
90071,RUBY GLASS CLUSTER EARRINGS,1,1.25,Slow Moving,NO
90072,RUBY DROP CHANDELIER EARRINGS,10,37.5,Slow Moving,NO
90073,VINTAGE ENAMEL & CRYSTAL EARRINGS,13,64.35000000000001,Slow Moving,NO
90074,BLACK DIAMOND CLUSTER NECKLACE,2,17.9,Slow Moving,NO
90076,MONTANA DIAMOND CLUSTER EARRINGS,6,15.299999999999999,Slow Moving,NO
90078,PINK/WHITE GLASS DEMI CHOKER,2,15.0,Slow Moving,NO
90079,VINTAGE ENAMEL & CRYSTAL NECKLACE,5,24.75,Slow Moving,NO
90081A,LILY BROOCH AMETHYST COLOUR,15,74.25,Slow Moving,NO
90081C,LILY BROOCH OLIVE COLOUR,11,54.45,Slow Moving,NO
90082A,DIAMANTE BOW BROOCH GREEN COLOUR,21,133.35,Slow Moving,NO
90082B,DIAMANTE BOW BROOCH RED COLOUR,25,158.75,Slow Moving,NO
90082D,DIAMANTE BOW BROOCH BLACK COLOUR,7,44.449999999999996,Slow Moving,NO
90083,CRYSTAL CZECH CROSS PHONE CHARM,19,13.69,Slow Moving,NO
90084,PINK CRYSTAL GUITAR PHONE CHARM,1,0.85,Slow Moving,NO
90085,CRYSTAL STILETTO PHONE CHARM,24,20.4,Slow Moving,NO
90086,CRYSTAL FROG PHONE CHARM,85,49.93,Slow Moving,NO
90087,CRYSTAL SEA HORSE PHONE CHARM,90,33.66,Slow Moving,NO
90089,PINK CRYSTAL SKULL PHONE CHARM,13,2.47,Slow Moving,NO
90093,CLEAR CRYSTAL STAR PHONE CHARM,47,20.39,Slow Moving,NO
90094,NECKLACE+BRACELET SET FRUIT SALAD ,13,33.15,Slow Moving,NO
90096,NECKLACE+BRACELET SET BLUE BLOSSOM,8,20.4,Slow Moving,NO
90098,NECKLACE+BRACELET PINK BUTTERFLY,28,71.39999999999999,Slow Moving,NO
90099,NECKLACE+BRACELET SET BLUE HIBISCUS,20,51.0,Slow Moving,NO
90100,NECKLACE+BRACELET SET PINK DAISY,1,2.55,Slow Moving,NO
90101,WHITE FRANGIPANI NECKLACE,15,38.25,Slow Moving,NO
90102,WHITE FRANGIPANI HAIR CLIP,10,8.5,Slow Moving,NO
90103,PURPLE FRANGIPANI NECKLACE,8,20.4,Slow Moving,NO
90104,PURPLE FRANGIPANI HAIRCLIP,1,0.85,Slow Moving,NO
90108,BLUE BLOSSOM HAIR CLIP,64,67.2,Slow Moving,NO
90114,SUMMER DAISIES BAG CHARM,66,168.29999999999998,Slow Moving,NO
90116,FRUIT SALAD BAG CHARM,16,27.04,Slow Moving,NO
90118,PINK DAISY BAG CHARM,6,15.299999999999999,Slow Moving,NO
90119,METALIC LEAVES BAG CHARMS,59,145.76999999999998,Slow Moving,NO
90120B,BLUE MURANO TWIST BRACELET,20,85.0,Slow Moving,NO
90120C,GREEN MURANO TWIST BRACELET,31,131.75,Slow Moving,NO
90120D,WHITE MURANO TWIST BRACELET,2,8.5,Slow Moving,NO
90122A,PINK CRYSTAL+GLASS BRACELET,8,39.6,Slow Moving,NO
90122B,JADE CRYSTAL+GLASS BRACELET,1,4.95,Slow Moving,NO
90122C,TURQUOISE CRYSTAL+GLASS BRACELET,17,84.15,Slow Moving,NO
90123A,PINK HEART OF GLASS BRACELET,14,83.3,Slow Moving,NO
90123B,TURQUOISE HEART OF GLASS BRACELET,8,47.6,Slow Moving,NO
90123C,GREEN HEART OF GLASS BRACELET,13,77.35,Slow Moving,NO
90123D,WHITE HEART OF GLASS BRACELET,3,17.85,Slow Moving,NO
90124A,PINK MURANO TWIST NECKLACE,6,59.699999999999996,Slow Moving,NO
90124B,BLUE MURANO TWIST NECKLACE,4,39.8,Slow Moving,NO
90124C,GREEN MURANO TWIST NECKLACE,7,69.64999999999999,Slow Moving,NO
90125A,PINK BERTIE GLASS BEAD BAG CHARM,109,93.89999999999999,Slow Moving,NO
90125B,AQUA BERTIE GLASS BEAD BAG CHARM,19,24.9,Slow Moving,NO
90125C,TURQUOISE BERTIE GLASS BEAD CHARM,73,63.3,Slow Moving,NO
90125D,PURPLE BERTIE GLASS BEAD BAG CHARM,74,65.39999999999999,Slow Moving,NO
90125E,AMBER BERTIE GLASS BEAD BAG CHARM,1,2.1,Slow Moving,NO
90128B,BLUE LEAVES AND BEADS PHONE CHARM,1,1.25,Slow Moving,NO
90129A,PINK GLASS TASSLE BAG CHARM ,7,20.650000000000002,Slow Moving,NO
90129B,TURQUOISE GLASS TASSLE BAG CHARM ,21,61.95000000000001,Slow Moving,NO
90129C,GREEN GLASS TASSLE BAG CHARM,17,50.150000000000006,Slow Moving,NO
90129D,AMBER GLASS TASSLE BAG CHARM,8,23.6,Slow Moving,NO
90129E,PURPLE GLASS TASSLE BAG CHARM,6,17.700000000000003,Slow Moving,NO
90129F,RED GLASS TASSLE BAG CHARM,16,47.2,Slow Moving,NO
90130A,WHITE STONE/CRYSTAL EARRINGS,1,2.95,Slow Moving,NO
90130B,TURQ STONE/CRYSTAL EARRINGS,9,26.55,Slow Moving,NO
90131,PINK/AMETHYST/GOLD NECKLACE,4,27.8,Slow Moving,NO
90133,TEAL/FUSCHIA COL BEAD NECKLACE,9,44.55,Slow Moving,NO
90135,ORANGE/WHT/FUSCHIA STONES NECKLACE,6,29.700000000000003,Slow Moving,NO
90136,PALE PINK/AMETHYST STONE NECKLACE,3,29.849999999999998,Slow Moving,NO
90138,WHITE/PINK MINI CRYSTALS NECKLACE,4,19.8,Slow Moving,NO
90141A,GREEN PENDANT TRIPLE SHELL NECKLACE,4,19.8,Slow Moving,NO
90141B,IVORY PENDANT TRIPLE SHELL NECKLACE,6,29.700000000000003,Slow Moving,NO
90141C,TURQ PENDANT TRIPLE SHELL NECKLACE,4,19.8,Slow Moving,NO
90141D,ROSE PENDANT TRIPLE SHELL NECKLACE,3,14.850000000000001,Slow Moving,NO
90141E,ORANGE PENDANT TRIPLE SHELL NECKLAC,3,14.850000000000001,Slow Moving,NO
90142D,MOP PENDANT SHELL NECKLACE,9,44.55,Slow Moving,NO
90143,SILVER BRACELET W PASTEL FLOWER,18,135.0,Slow Moving,NO
90144,SILVER DROP EARRINGS WITH FLOWER,7,26.25,Slow Moving,NO
90145,SILVER HOOP EARRINGS WITH FLOWER,21,124.95,Slow Moving,NO
90146,FINE SILVER NECKLACE W PASTEL FLOWE,13,63.75,Slow Moving,NO
90147,CHUNKY SILVER NECKLACE PASTEL FLOWE,21,208.95,Slow Moving,NO
90148,LONG SILVER NECKLACE PASTEL FLOWER,7,89.25,Slow Moving,NO
90149,SILVER FLOWR PINK SHELL NECKLACE,52,335.28000000000003,Slow Moving,NO
90151,SILVER/NATURAL SHELL NECKLACE,8,68.0,Slow Moving,NO
90152A,SILVER/NAT SHELL NECKLACE W PENDANT,3,17.85,Slow Moving,NO
90152B,BLUE/GREEN SHELL NECKLACE W PENDANT,1,5.95,Slow Moving,NO
90152C,BLUE/NAT SHELL NECKLACE W PENDANT,1,5.95,Slow Moving,NO
90154,LAZER CUT NECKLACE W PASTEL BEADS,57,421.75,Slow Moving,NO
90155,RESIN NECKLACE W PASTEL BEADS,6,45.0,Slow Moving,NO
90156,RESIN BRACELET W PASTEL BEADS,3,14.850000000000001,Slow Moving,NO
90157,RIVIERA NECKLACE,7,34.65,Slow Moving,NO
90158,ST TROPEZ NECKLACE,14,69.30000000000001,Slow Moving,NO
90159,COTE D'AZURE NECKLACE,3,14.850000000000001,Slow Moving,NO
90160A,PURPLE BOUDICCA LARGE BRACELET,31,215.45000000000002,Slow Moving,NO
90160B,RED BOUDICCA LARGE BRACELET,21,145.95000000000002,Slow Moving,NO
90160C,TURQ+RED BOUDICCA LARGE BRACELET,41,284.95000000000005,Slow Moving,NO
90160D,PINK BOUDICCA LARGE BRACELET,32,222.4,Slow Moving,NO
90161A,ANT COPPER RED BOUDICCA BRACELET,9,44.550000000000004,Slow Moving,NO
90161B,ANT COPPER TURQ BOUDICCA BRACELET,45,222.75,Slow Moving,NO
90161C,ANT COPPER LIME BOUDICCA BRACELET,45,222.75,Slow Moving,NO
90161D,ANT COPPER PINK BOUDICCA BRACELET,31,153.45000000000002,Slow Moving,NO
90162A,ANT SILVER TURQUOISE BOUDICCA RING,6,17.700000000000003,Slow Moving,NO
90162B,ANT SILVER LIME GREEN BOUDICCA RING,27,79.65,Slow Moving,NO
90162C,ANT SILVER FUSCHIA BOUDICCA RING,14,41.300000000000004,Slow Moving,NO
90162D,ANT SILVER PURPLE BOUDICCA RING,10,29.500000000000004,Slow Moving,NO
90163A,PINK ROSEBUD & PEARL NECKLACE,4,30.0,Slow Moving,NO
90163B,WHITE ROSEBUD & PEARL NECKLACE,2,15.0,Slow Moving,NO
90164A,PINK ROSEBUD PEARL BRACELET,19,70.35,Slow Moving,NO
90164B,WHITE  ROSEBUD PEARL BRACELET,28,65.7,Slow Moving,NO
90165B,WHITE ROSEBUD  PEARL EARRINGS,1,2.55,Slow Moving,NO
90166,PINK & WHITE ROSEBUD RING,14,58.900000000000006,Slow Moving,NO
90167,BEADED LOVE HEART JEWELLERY SET,10,8.5,Slow Moving,NO
90168,2 DAISIES HAIR COMB,6,17.700000000000003,Slow Moving,NO
90169,DAISY HAIR COMB,6,15.299999999999999,Slow Moving,NO
90170,DAISY HAIR BAND,46,75.89999999999999,Slow Moving,NO
90173,PAIR BUTTERFLY HAIR CLIPS,16,60.0,Slow Moving,NO
90174,BUTTERFLY HAIR BAND,16,40.8,Slow Moving,NO
90175A,WHITE GLASS CHUNKY CHARM BRACELET,9,80.55,Slow Moving,NO
90175C,BLUE GLASS CHUNKY CHARM BRACELET,9,80.55,Slow Moving,NO
90175D,TIGRIS EYE CHUNKY CHARM BRACELET,3,26.849999999999998,Slow Moving,NO
90176A,CLASSIC DIAMANTE NECKLACE JET,2,15.0,Slow Moving,NO
90176B,DIAMANTE NECKLACE BLACK ,2,15.0,Slow Moving,NO
90176C,DIAMANTE NECKLACE,2,15.0,Slow Moving,NO
90176D,DIAMANTE NECKLACE PURPLE,7,52.5,Slow Moving,NO
90176E,DIAMANTE NECKLACE GREEN,3,22.5,Slow Moving,NO
90177A,CLASSIC DIAMANTE EARRINGS JET,6,17.700000000000003,Slow Moving,NO
90177B,DROP DIAMANTE EARRINGS BLACK DIAMON,7,20.650000000000002,Slow Moving,NO
90177C,DROP DIAMANTE EARRINGS CRYSTAL,13,38.35000000000001,Slow Moving,NO
90177D,DROP DIAMANTE EARRINGS PURPLE,17,50.150000000000006,Slow Moving,NO
90177E,DROP DIAMANTE EARRINGS GREEN,6,17.700000000000003,Slow Moving,NO
90178A,AMBER CHUNKY GLASS+BEAD NECKLACE,6,71.69999999999999,Slow Moving,NO
90178B,PURPLE CHUNKY GLASS+BEAD NECKLACE,1,11.95,Slow Moving,NO
90179A,AMBER FINE BEAD NECKLACE W TASSEL,3,17.85,Slow Moving,NO
90179C,BLACK FINE BEAD NECKLACE W TASSEL,1,5.95,Slow Moving,NO
90180A,BLACK+WHITE NECKLACE W TASSEL,13,87.35,Slow Moving,NO
90180B,PURPLE AMETHYST NECKLACE W TASSEL,3,29.849999999999998,Slow Moving,NO
90181A,AMBER GLASS/SHELL/PEARL NECKLACE,1,8.95,Slow Moving,NO
90182C,BLACK 3 BEAD DROP EARRINGS,6,17.700000000000003,Slow Moving,NO
90183A,AMBER DROP EARRINGS W LONG BEADS,20,59.00000000000001,Slow Moving,NO
90183C,BLACK DROP EARRINGS W LONG BEADS,1,2.95,Slow Moving,NO
90184A,AMBER CHUNKY BEAD BRACELET W STRAP,8,71.6,Slow Moving,NO
90184B,AMETHYST CHUNKY BEAD BRACELET W STR,21,187.95,Slow Moving,NO
90184C,BLACK CHUNKY BEAD BRACELET W STRAP,11,98.44999999999999,Slow Moving,NO
90185A,AMBER DIAMANTE EXPANDABLE RING,22,93.5,Slow Moving,NO
90185B,AMETHYST DIAMANTE EXPANDABLE RING,13,55.25,Slow Moving,NO
90185C,BLACK DIAMANTE EXPANDABLE RING,21,89.25,Slow Moving,NO
90185D,CRYSTAL DIAMANTE EXPANDABLE RING,32,136.0,Slow Moving,NO
90186A,AMETHYST HOOP EARRING FLORAL LEAF,4,11.8,Slow Moving,NO
90186B,CRYSTAL HOOP EARRING FLORAL LEAF,12,35.400000000000006,Slow Moving,NO
90187B,GREEN DROP EARRINGS W BEAD CLUSTER,4,13.4,Slow Moving,NO
90188,DROP EARRINGS W FLOWER & LEAF,2,5.1,Slow Moving,NO
90189A,SILVER 2 STRAND NECKLACE-LEAF CHARM,2,15.0,Slow Moving,NO
90190A,SILVER/CRYSTAL DROP EARRINGS W LEAF,6,17.700000000000003,Slow Moving,NO
90190B,GOLD/AMBER DROP EARRINGS W LEAF,6,17.700000000000003,Slow Moving,NO
90190C,SILVER/AMETHYST DROP EARRINGS LEAF,5,14.75,Slow Moving,NO
90191,SILVER LARIAT 40CM,22,113.9,Slow Moving,NO
90192,JADE DROP EARRINGS W FILIGREE,23,113.85000000000001,Slow Moving,NO
90194,SILVER LARIAT BLACK STONE EARRINGS,12,51.0,Slow Moving,NO
90195A,PURPLE GEMSTONE BRACELET,16,95.2,Slow Moving,NO
90195B,BLACK GEMSTONE BRACELET,3,20.849999999999998,Slow Moving,NO
90196A,PURPLE GEMSTONE NECKLACE 45CM,8,102.0,Slow Moving,NO
90196B,BLACK GEMSTONE NECKLACE 45CM,4,51.0,Slow Moving,NO
90197B,BLACK GLASS BRACELET W HEART CHARMS,3,14.850000000000001,Slow Moving,NO
90198A,VINTAGE ROSE BEAD BRACELET RASPBERR,34,144.5,Slow Moving,NO
90198B,VINTAGE ROSE BEAD BRACELET BLACK,30,127.5,Slow Moving,NO
90199A,5 STRAND GLASS NECKLACE BLACK,8,50.8,Slow Moving,NO
90199B,5 STRAND GLASS NECKLACE AMETHYST,2,12.7,Slow Moving,NO
90199C,5 STRAND GLASS NECKLACE CRYSTAL,16,101.6,Slow Moving,NO
90199D,5 STRAND GLASS NECKLACE AMBER,2,12.7,Slow Moving,NO
90200A,PURPLE SWEETHEART BRACELET,41,174.25,Slow Moving,NO
90200B,BLACK SWEETHEART BRACELET,67,284.75,Slow Moving,NO
90200C,BLUE SWEETHEART BRACELET,20,85.0,Slow Moving,NO
90200D,PINK SWEETHEART BRACELET,98,404.5,Slow Moving,NO
90200E,GREEN SWEETHEART BRACELET,76,311.0,Slow Moving,NO
90201A,PURPLE ENAMEL FLOWER RING,47,138.65,Slow Moving,NO
90201B,BLACK ENAMEL FLOWER RING,64,188.8,Slow Moving,NO
90201C,RED ENAMEL FLOWER RING,52,153.4,Slow Moving,NO
90201D,GREEN ENAMEL FLOWER RING,46,135.70000000000002,Slow Moving,NO
90202A,PURPLE ENAMEL FLOWER HAIR TIE,6,17.700000000000003,Slow Moving,NO
90202B,WHITE ENAMEL FLOWER HAIR TIE,7,20.650000000000002,Slow Moving,NO
90202C,GREEN ENAMEL FLOWER HAIR TIE,7,20.650000000000002,Slow Moving,NO
90202D,PINK ENAMEL FLOWER HAIR TIE,12,35.400000000000006,Slow Moving,NO
90204,PAIR OF ENAMEL BUTTERFLY HAIRCLIP,17,56.95,Slow Moving,NO
90205A,LARGE MINT DIAMANTE HAIRSLIDE,16,26.4,Slow Moving,NO
90205C,LARGE CRYSTAL DIAMANTE HAIRSLIDE,6,9.899999999999999,Slow Moving,NO
90206A,GOLD DIAMANTE STAR BROOCH,6,29.700000000000003,Slow Moving,NO
90206C,CRYSTAL DIAMANTE STAR BROOCH,12,59.400000000000006,Slow Moving,NO
90208,PAIR OF PINK FLOWER CLUSTER SLIDE,10,25.499999999999996,Slow Moving,NO
90209A,PURPLE ENAMEL+GLASS HAIR COMB,84,163.8,Slow Moving,NO
90209B,GREEN ENAMEL+GLASS HAIR COMB,104,189.0,Slow Moving,NO
90209C,PINK ENAMEL+GLASS HAIR COMB,231,413.7,Medium Moving,NO
90210A,GREY ACRYLIC FACETED BANGLE,26,35.9,Slow Moving,NO
90210B,CLEAR ACRYLIC FACETED BANGLE,40,58.6,Slow Moving,NO
90210C,RED   ACRYLIC FACETED BANGLE,94,115.9,Slow Moving,NO
90210D,PURPLE ACRYLIC FACETED BANGLE,104,125.0,Slow Moving,NO
90211A,DIAMOND LAS VEGAS NECKLACE 45CM,5,29.75,Slow Moving,NO
90211B,JET BLACK LAS VEGAS NECKLACE 45CM,4,23.8,Slow Moving,NO
90212B,JET BLACK LAS VEGAS BRACELET ROUND,3,11.25,Slow Moving,NO
90212C,PURPLE LAS VEGAS BRACELET ROUND,6,22.5,Slow Moving,NO
90214A,"LETTER ""A"" BLING KEY RING",63,55.71,Slow Moving,NO
90214B,"LETTER ""B"" BLING KEY RING",13,4.7299999999999995,Slow Moving,NO
90214C,"LETTER ""C"" BLING KEY RING",52,40.04,Slow Moving,NO
90214D,"LETTER ""D"" BLING KEY RING",39,25.71,Slow Moving,NO
90214E,"LETTER ""E"" BLING KEY RING",41,27.25,Slow Moving,NO
90214F,"LETTER ""F"" BLING KEY RING",13,3.7699999999999996,Slow Moving,NO
90214G,"LETTER ""G"" BLING KEY RING",34,18.5,Slow Moving,NO
90214H,"LETTER ""H"" BLING KEY RING",22,15.02,Slow Moving,NO
90214I,"LETTER ""I"" BLING KEY RING",25,18.77,Slow Moving,NO
90214J,"LETTER ""J"" BLING KEY RING",23,17.23,Slow Moving,NO
90214K,"LETTER ""K"" BLING KEY RING",47,34.75,Slow Moving,NO
90214L,"LETTER ""L"" BLING KEY RING",51,29.189999999999998,Slow Moving,NO
90214M,"LETTER ""M"" BLING KEY RING",27,22.23,Slow Moving,NO
90214N,"LETTER ""N"" BLING KEY RING",18,10.02,Slow Moving,NO
90214O,"LETTER ""O"" BLING KEY RING",12,3.4799999999999995,Slow Moving,NO
90214P,"LETTER ""P"" BLING KEY RING",28,10.999999999999998,Slow Moving,NO
90214R,"LETTER ""R"" BLING KEY RING",15,6.27,Slow Moving,NO
90214S,"LETTER ""S"" BLING KEY RING",40,26.0,Slow Moving,NO
90214T,"LETTER ""T"" BLING KEY RING",12,3.4799999999999995,Slow Moving,NO
90214U,"LETTER ""U"" BLING KEY RING",12,3.4799999999999995,Slow Moving,NO
90214V,"LETTER ""V"" BLING KEY RING",14,5.9799999999999995,Slow Moving,NO
90214W,"LETTER ""W"" BLING KEY RING",12,3.4799999999999995,Slow Moving,NO
90214Y,"LETTER ""Y"" BLING KEY RING",61,18.65,Slow Moving,NO
90214Z,"LETTER ""Z"" BLING KEY RING",12,3.4799999999999995,Slow Moving,NO
BANK CHARGES,Bank Charges,12,165.001,Slow Moving,NO
C2,CARRIAGE,134,6686.0,Slow Moving,NO
DOT,DOTCOM POSTAGE,16,11906.36,Slow Moving,NO
M,Manual,6933,53419.93,Fast Moving,YES
PADS,PADS TO MATCH ALL CUSHIONS,3,0.003,Slow Moving,NO
POST,POSTAGE,3120,77803.96,Fast Moving,YES
