StockCode,Description,QuantitySold,CurrentPrice,Revenue,RecommendedPrice,Discount(%),ProfitCategory
10002,INFLATABLE POLITICAL GLOBE ,823,0.85,699.55,3.89,5,Low Profit
10080,GROOVY CACTUS INFLATABLE,291,0.41190476190476194,114.41,3.99,10,Low Profit
10120,DOGGY RUBBER,192,0.21,40.32,4.01,10,Low Profit
10123C,HEARTS WRAPPING TAPE ,5,0.65,3.25,4.05,10,Low Profit
10124A,SPOTS ON RED BOOKCOVER TAPE,16,0.42000000000000004,6.72,4.05,10,Low Profit
10124G,ARMY CAMO BOOKCOVER TAPE,17,0.42,7.14,4.05,10,Low Profit
10125,MINI FUNKY DESIGN TAPES,1225,0.7817460317460317,929.45,3.81,0,Low Profit
10133,COLOURING PENCILS BROWN TUBE,2373,0.5292622950819672,1138.99,3.58,0,Medium Profit
10135,COLOURING PENCILS BROWN TUBE,1936,1.1968067226890755,1784.19,3.67,0,Medium Profit
11001,ASSTD DESIGN RACING CAR PEN,1252,1.851875,1953.0,3.8,0,Medium Profit
15030,FAN BLACK FRAME ,143,0.29,41.47,4.02,10,Low Profit
15034,PAPER POCKET TRAVELING FAN ,6419,0.13692307692307693,697.0600000000001,2.77,0,Low Profit
15036,ASSORTED COLOURS SILK FAN,21876,0.8050153846153846,16044.44,0.1,0,High Profit
15039,SANDALWOOD FAN,1558,0.8362857142857143,1132.3,3.74,0,Medium Profit
15044A,PINK PAPER PARASOL ,422,3.017692307692308,1230.5800000000002,3.97,10,Medium Profit
15044B,BLUE PAPER PARASOL ,307,2.9333333333333336,865.6500000000001,3.99,10,Low Profit
15044C,PURPLE PAPER PARASOL,271,2.943333333333334,779.45,4.0,10,Low Profit
15044D,RED PAPER PARASOL,629,2.9615068493150685,1732.79,3.93,5,Medium Profit
15056BL,EDWARDIAN PARASOL BLACK,2779,5.8937113402061865,15218.67,3.5,0,High Profit
15056N,EDWARDIAN PARASOL NATURAL,3822,5.864236842105263,20672.91,3.29,0,High Profit
15056P,EDWARDIAN PARASOL PINK,767,5.941185185185185,4242.26,3.9,5,Medium Profit
15058A,BLUE POLKADOT GARDEN PARASOL,148,7.8088235294117645,1104.6,4.02,10,Medium Profit
15058B,PINK POLKADOT GARDEN PARASOL,115,7.8621951219512205,866.25,4.03,10,Low Profit
15058C,ICE CREAM DESIGN GARDEN PARASOL,193,6.35,894.35,4.01,10,Low Profit
15060B,FAIRY CAKE DESIGN UMBRELLA,411,3.820315789473684,1482.87,3.97,10,Medium Profit
16008,SMALL FOLDING SCISSOR(POINTED EDGE),2892,0.13614285714285712,360.71,3.48,0,Low Profit
16010,FOLDING CAMPING SCISSOR W/KNIF & S,30,0.12,3.5999999999999996,4.05,10,Low Profit
16011,ANIMAL STICKERS,1749,0.21,367.29,3.7,0,Low Profit
16012,FOOD/DRINK SPONGE STICKERS,1220,0.21,256.2,3.81,0,Low Profit
16014,SMALL CHINESE STYLE SCISSOR,13328,0.4014814814814815,4335.76,1.39,0,Medium Profit
16015,MEDIUM CHINESE STYLE SCISSOR,662,0.48833333333333334,289.98,3.92,5,Low Profit
16016,LARGE CHINESE STYLE SCISSOR,1273,0.8460000000000001,1053.45,3.8,0,Medium Profit
16020C,CLEAR STATIONERY BOX SET ,6,0.85,5.1,4.05,10,Low Profit
16033,MINI HIGHLIGHTER PENS,840,0.12,100.79999999999998,3.88,5,Low Profit
16043,POP ART PUSH DOWN RUBBER ,98,0.12,11.759999999999998,4.03,10,Low Profit
16045,POPART WOODEN PENCILS ASST,8900,0.043478260869565216,380.0,2.28,0,Low Profit
16046,TEATIME PEN CASE & PENS,64,0.85,54.4,4.04,10,Low Profit
16048,TEATIME ROUND PENCIL SHARPENER ,1436,0.13249999999999998,186.72,3.77,0,Low Profit
16049,TEATIME GEL PENS ASST,504,0.24,82.08,3.95,5,Low Profit
16052,TEATIME PUSH DOWN RUBBER,467,0.305,105.28999999999999,3.96,10,Low Profit
16054,POPART RECT PENCIL SHARPENER ASST,1166,0.1290909090909091,140.52,3.82,0,Low Profit
16151A,FLOWERS HANDBAG blue and orange,49,1.25,61.25,4.04,10,Low Profit
16156L,WRAP CAROUSEL,375,0.42,157.5,3.98,10,Low Profit
16156L,"WRAP, CAROUSEL",100,0.42,42.0,4.03,10,Low Profit
16156S,WRAP PINK FAIRY CAKES ,5800,0.4168862275449102,2331.0,2.9,0,Medium Profit
16161G,WRAP BAD HAIR DAY,700,0.1,70.0,3.91,5,Low Profit
16161M,WRAP  PINK FLOCK,25,0.42,10.5,4.05,10,Low Profit
16161P,WRAP ENGLISH ROSE ,7201,0.41943548387096774,2980.42,2.62,0,Medium Profit
16161U,WRAP SUKI AND FRIENDS,4075,0.41955223880597015,1687.5,3.24,0,Medium Profit
16162L,THE KING GIFT BAG,17,0.65,11.05,4.05,10,Low Profit
16162M,THE KING GIFT BAG 25x24x12cm,26,0.42,10.92,4.05,10,Low Profit
16168M,FUNKY MONKEY GIFT BAG MEDIUM,329,0.42000000000000004,138.18,3.99,10,Low Profit
16169E,WRAP 50'S  CHRISTMAS,4563,0.41919999999999996,1892.46,3.14,0,Medium Profit
16169K,WRAP FOLK ART,200,0.42,84.0,4.01,10,Low Profit
16169M,WRAP DAISY CARPET ,660,0.42,277.2,3.92,5,Low Profit
16169N,WRAP BLUE RUSSIAN FOLKART,25,0.42,10.5,4.05,10,Low Profit
16169P,WRAP GREEN RUSSIAN FOLKART ,50,0.42,21.0,4.04,10,Low Profit
16202A,PASTEL PINK PHOTO ALBUM ,7,0.5,3.5,4.05,10,Low Profit
16202B,PASTEL BLUE PHOTO ALBUM ,29,0.5,14.5,4.05,10,Low Profit
16202E,BLACK PHOTO ALBUM ,15,0.5,7.5,4.05,10,Low Profit
16206B,RED PURSE WITH PINK HEART,7,1.25,8.75,4.05,10,Low Profit
16207A,PINK STRAWBERRY HANDBAG ,13,2.95,38.35000000000001,4.05,10,Low Profit
16207B,PINK HEART RED HANDBAG,4,2.7866666666666666,11.31,4.05,10,Low Profit
16216,LETTER SHAPE PENCIL SHARPENER,3316,0.09463414634146342,227.14,3.39,0,Low Profit
16218,CARTOON  PENCIL SHARPENERS,3760,0.0732,253.2,3.3,0,Low Profit
16219,HOUSE SHAPE PENCIL SHARPENER,2915,0.09085106382978722,309.9,3.47,0,Low Profit
16225,RATTLE SNAKE EGGS,760,1.1866666666666668,596.84,3.9,5,Low Profit
16235,RECYCLED PENCIL WITH RABBIT ERASER,2629,0.21400000000000002,518.1899999999999,3.53,0,Low Profit
16236,KITTY PENCIL ERASERS,1296,0.20931506849315068,266.56,3.79,0,Low Profit
16237,SLEEPING CAT ERASERS,4595,0.2060843373493976,885.45,3.14,0,Low Profit
16238,PARTY TIME PENCIL ERASERS,1259,0.2362820512820513,265.09,3.8,0,Low Profit
16244B,MAXWELL 2 TONE BLUE 60 PAGE PHOTO A,7,1.225,7.85,4.05,10,Low Profit
16248B,BLUE HOLE PUNCH,13,1.25,16.25,4.05,10,Low Profit
16254,TRANSPARENT ACRYLIC TAPE DISPENSER,31,1.0233333333333332,27.91,4.05,10,Low Profit
16258A,SWIRLY CIRCULAR RUBBERS IN BAG,445,0.45921052631578946,156.53,3.96,10,Low Profit
16259,PIECE OF CAMO STATIONERY SET,3380,0.0967741935483871,326.56,3.38,0,Low Profit
17001,HEAVENS SCENT FRAGRANCE OILS ASSTD,72,0.29,20.88,4.04,10,Low Profit
17003,BROCADE RING PURSE ,22927,0.3202403846153846,5969.61,0.1,0,High Profit
17007B,S/3 POT POURI CUSHIONS BLUE COLOURS,24,2.1,50.400000000000006,4.05,10,Low Profit
17011F,ORIGAMI SANDLEWOOD INCENSE+FLOWER,80,1.1333333333333335,62.150000000000006,4.04,10,Low Profit
17012A,ORIGAMI VANILLA INCENSE/CANDLE SET ,270,1.1079999999999999,244.89999999999998,4.0,10,Low Profit
17012B,ORIGAMI JASMINE INCENSE/CANDLE SET,455,1.0763888888888888,422.54999999999995,3.96,10,Low Profit
17012C,ORIGAMI LAVENDER INCENSE/CANDL SET ,362,1.1186046511627907,341.79999999999995,3.98,10,Low Profit
17012D,ORIGAMI ROSE INCENSE/CANDLE SET ,385,1.0818181818181818,362.95,3.97,10,Low Profit
17012E,ORIGAMI OPIUM INCENSE/CANDLE SET ,35,1.8666666666666665,40.05,4.04,10,Low Profit
17012F,ORIGAMI SANDLEWOOD INCENSE/CAND SET,365,1.0035714285714286,329.05,3.98,10,Low Profit
17013D,ORIGAMI ROSE INCENSE IN TUBE,532,0.8672727272727272,257.88,3.95,5,Low Profit
17014A,ORIGAMI VANILLA INCENSE CONES,154,0.6071428571428571,67.83,4.02,10,Low Profit
17021,NAMASTE SWAGAT INCENSE,2391,0.29411764705882354,632.34,3.57,0,Low Profit
17028J,INCENSE BAZAAR PEACH,6,0.42,2.52,4.05,10,Low Profit
17038,PORCELAIN BUDAH INCENSE HOLDER,1501,0.09526315789473684,138.1,3.75,0,Low Profit
17084A,TRANQUILITY MASALA INCENSE,200,0.21,42.0,4.01,10,Low Profit
17084J,LOVE POTION MASALA INCENSE,225,0.21,47.25,4.01,10,Low Profit
17084N,FAIRY DREAMS INCENSE ,1025,0.2084375,212.75,3.85,0,Low Profit
17084P,DRAGONS BLOOD INCENSE,349,0.21,73.29,3.98,10,Low Profit
17084R,ASSORTED INCENSE PACK,4032,0.20259259259259257,760.3199999999999,3.25,0,Low Profit
17090A,LAVENDER INCENSE 40 CONES IN TIN,109,1.17,107.44999999999999,4.03,10,Low Profit
17090D,VANILLA INCENSE 40 CONES IN TIN,29,1.25,36.25,4.05,10,Low Profit
17091A,LAVENDER INCENSE IN TIN,171,0.7976000000000001,98.91,4.02,10,Low Profit
17091J,VANILLA INCENSE IN TIN,2066,0.5476923076923077,876.34,3.64,0,Low Profit
17096,ASSORTED LAQUERED INCENSE HOLDERS,2516,0.20076923076923076,443.76000000000005,3.55,0,Low Profit
17107D,FLOWER FAIRY 5 DRAWER LINERS,59,2.55,150.45,4.04,10,Low Profit
17107D,FLOWER FAIRY 5 SUMMER DRAW LINERS,6,2.55,15.299999999999999,4.05,10,Low Profit
17107D,"FLOWER FAIRY,5 SUMMER B'DRAW LINERS",105,2.55,267.75,4.03,10,Low Profit
17109D,FLOWER FAIRY INCENSE BOUQUET,61,0.9039999999999999,32.349999999999994,4.04,10,Low Profit
17129F,BLUE GLASS GEMS IN BAG,427,0.8436842105263158,291.25,3.97,10,Low Profit
17136A,BLUE STONES ON WIRE FOR CANDLE,352,0.10294117647058823,29.59,3.98,10,Low Profit
17164B,ASS COL SMALL SAND GECKO P'WEIGHT,27,0.42,11.34,4.05,10,Low Profit
17165D,ASS COL LARGE SAND FROG P'WEIGHT,27,1.05,28.35,4.05,10,Low Profit
17174,ASSTD RASTA KEY-CHAINS,9,0.42,3.7800000000000002,4.05,10,Low Profit
17191A,ROSE FLOWER CANDLE+INCENSE 16X16CM,4,3.75,15.0,4.05,10,Low Profit
18007,ESSENTIAL BALM 3.5g TIN IN ENVELOPE,5856,0.16666666666666666,383.76,2.88,0,Low Profit
18094C,WHITE AND BLUE CERAMIC OIL BURNER,134,1.1966666666666665,153.1,4.02,10,Low Profit
18097A,PINK TALL PORCELAIN T-LIGHT HOLDER ,5,2.55,12.75,4.05,10,Low Profit
18097C,WHITE TALL PORCELAIN T-LIGHT HOLDER,669,2.503846153846154,1461.15,3.92,5,Medium Profit
18098C,PORCELAIN BUTTERFLY OIL BURNER,193,2.918421052631579,540.5500000000001,4.01,10,Low Profit
20615,BLUE POLKADOT PASSPORT COVER,231,1.4831428571428573,233.34,4.01,10,Low Profit
20616,CHERRY BLOSSOM PASSPORT COVER,134,1.3172,122.78,4.02,10,Low Profit
20617,FIRST CLASS PASSPORT COVER ,66,2.224615384615385,137.74,4.04,10,Low Profit
20618,QUEEN OF THE SKIES PASSPORT COVER ,68,2.0707142857142857,137.88000000000002,4.04,10,Low Profit
20619,TROPICAL PASSPORT COVER ,142,2.309090909090909,206.23000000000002,4.02,10,Low Profit
20622,VIP PASSPORT COVER ,35,2.1,73.5,4.04,10,Low Profit
20622,VIPPASSPORT COVER ,127,1.9323809523809523,164.58,4.03,10,Low Profit
20652,BLUE POLKADOT LUGGAGE TAG ,147,1.4333333333333333,191.01,4.02,10,Low Profit
20653,CHERRY BLOSSOM LUGGAGE TAG,33,1.6533333333333333,43.67,4.05,10,Low Profit
20654,FIRST CLASS LUGGAGE TAG ,105,1.2341666666666666,126.69,4.03,10,Low Profit
20655,QUEEN OF SKIES LUGGAGE TAG,89,1.31,109.11,4.03,10,Low Profit
20657,TROPICAL LUGGAGE TAG,61,1.3513636363636363,76.39,4.04,10,Low Profit
20658,RED RETROSPOT LUGGAGE TAG,327,1.25,408.75,3.99,10,Low Profit
20659,ECONOMY LUGGAGE TAG,94,1.5499999999999998,139.56,4.03,10,Low Profit
20661,BLUE POLKADOT PURSE ,9,4.654,35.07,4.05,10,Low Profit
20662,FIRST CLASS HOLIDAY PURSE ,11,4.086,40.97,4.05,10,Low Profit
20663,QUEEN OF THE SKIES HOLIDAY PURSE ,3,3.896666666666667,11.690000000000001,4.05,10,Low Profit
20664,TROPICAL HOLIDAY PURSE ,6,2.9500000000000006,17.700000000000003,4.05,10,Low Profit
20665,RED RETROSPOT PURSE ,340,2.944520547945206,998.2000000000002,3.98,10,Low Profit
20666,ECONOMY HOLIDAY PURSE,4,2.95,11.8,4.05,10,Low Profit
20667,CHERRY BLOSSOM PURSE,1,2.95,2.95,4.05,10,Low Profit
20668,DISCO BALL CHRISTMAS DECORATION,12618,0.11847826086956523,1397.04,1.54,0,Medium Profit
20669,RED HEART LUGGAGE TAG,195,1.25,243.75,4.01,10,Low Profit
20670,VIP HOLIDAY PURSE,8,3.896666666666667,29.28,4.05,10,Low Profit
20671,BLUE TEATIME PRINT BOWL ,10,1.25,12.5,4.05,10,Low Profit
20674,GREEN POLKADOT BOWL,1360,1.2517333333333334,1632.81,3.78,0,Medium Profit
20675,BLUE POLKADOT BOWL,2728,1.2418666666666667,3178.65,3.51,0,Medium Profit
20676,RED RETROSPOT BOWL,4310,1.2437123745819398,4980.7300000000005,3.19,0,Medium Profit
20677,PINK POLKADOT BOWL,3157,1.2584234234234235,3640.0800000000004,3.42,0,Medium Profit
20678,LARGE BLACK DIAMANTE HAIRSLIDE,4,1.65,6.6,4.05,10,Low Profit
20679,EDWARDIAN PARASOL RED,1630,5.920369003690038,9055.87,3.73,0,High Profit
20681,PINK POLKADOT CHILDRENS UMBRELLA,125,3.25,406.25,4.03,10,Low Profit
20682,RED RETROSPOT CHILDRENS UMBRELLA,1140,3.312950819672131,3629.66,3.82,0,Medium Profit
20684,STRAWBERRY DREAM CHILDS UMBRELLA,77,3.25,250.25,4.04,10,Low Profit
20685,DOORMAT RED RETROSPOT,3897,7.758093587521664,25364.85,3.27,0,High Profit
20686,DOLLY MIXTURE CHILDREN'S UMBRELLA,252,3.3028125,822.38,4.0,10,Low Profit
20694,FLORAL PINK MONSTER,36,3.75,135.0,4.04,10,Low Profit
20695,FLORAL BLUE MONSTER,5,4.25,21.25,4.05,10,Low Profit
20696,FLORAL SOFT CAR TOY,32,3.75,120.0,4.05,10,Low Profit
20697,LITTLE GREEN MONSTER SOFT TOY,17,2.55,43.349999999999994,4.05,10,Low Profit
20698,LITTLE PINK MONSTER SOFT TOY,16,2.55,40.8,4.05,10,Low Profit
20699,MOUSEY LONG LEGS SOFT TOY,29,2.55,73.94999999999999,4.05,10,Low Profit
20700,GREEN CAT FLORAL CUSHION COVER ,10,3.75,37.5,4.05,10,Low Profit
20701,PINK CAT FLORAL CUSHION COVER ,6,3.75,22.5,4.05,10,Low Profit
20702,PINK PADDED MOBILE,127,4.25,539.75,4.03,10,Low Profit
20703,BLUE PADDED SOFT MOBILE,1,4.25,4.25,4.05,10,Low Profit
20704,MR ROBOT SOFT TOY,211,4.77051282051282,626.45,4.01,10,Low Profit
20705,MRS ROBOT SOFT TOY,143,4.807142857142857,428.85,4.02,10,Low Profit
20707,CRAZY DAISY HEART DECORATION,155,1.5438709677419356,195.52,4.02,10,Low Profit
20711,JUMBO BAG TOYS ,4198,2.01331983805668,7689.28,3.21,0,High Profit
20712,JUMBO BAG WOODLAND ANIMALS,8187,2.0361971830985914,15511.6,2.42,0,High Profit
20713,JUMBO BAG OWLS,10451,2.018870192307692,19047.02,1.97,0,High Profit
20716,PARTY FOOD SHOPPER BAG,314,1.2445714285714287,373.5,3.99,10,Low Profit
20717,STRAWBERRY SHOPPER BAG,2034,1.2760425531914894,2453.38,3.65,0,Medium Profit
20718,RED RETROSPOT SHOPPER BAG,4257,1.2659948320413437,5106.56,3.2,0,High Profit
20719,WOODLAND CHARLOTTE BAG,9219,0.8454089219330855,7261.94,2.21,0,High Profit
20723,STRAWBERRY CHARLOTTE BAG,6842,0.8602217741935484,5516.7,2.69,0,High Profit
20724,RED RETROSPOT CHARLOTTE BAG,12805,0.8493048128342245,10122.45,1.5,0,High Profit
20725,LUNCH BAG RED RETROSPOT,17576,1.6592095165003835,27868.8,0.55,0,High Profit
20725,LUNCH BAG RED SPOTTY,200,1.45,290.0,4.01,10,Low Profit
20726,LUNCH BAG WOODLAND,9091,1.6593862815884475,14497.51,2.24,0,High Profit
20727,LUNCH BAG  BLACK SKULL.,11246,1.6436920222634508,17950.3,1.81,0,High Profit
20728,LUNCH BAG CARS BLUE,10789,1.6569600818833161,17214.53,1.9,0,High Profit
20731,POSY CANDY BAG,74,1.25,92.5,4.04,10,Low Profit
20733,GOLD MINI TAPE MEASURE ,916,0.8387234042553192,687.2,3.87,5,Low Profit
20735,BLACK MINI TAPE MEASURE ,158,0.8456666666666667,121.3,4.02,10,Low Profit
20748,KENSINGTON COFFEE SET,53,12.75,675.75,4.04,10,Low Profit
20749,ASSORTED COLOUR MINI CASES,1717,7.790109289617486,12107.51,3.71,0,High Profit
20750,RED RETROSPOT MINI CASES,1711,7.748907103825136,12208.85,3.71,0,High Profit
20751,FUNKY WASHING UP GLOVES ASSORTED,941,2.0953409090909094,1917.0600000000002,3.86,5,Medium Profit
20752,BLUE POLKADOT WASHING UP GLOVES,360,2.1,756.0000000000001,3.98,10,Low Profit
20754,RETROSPOT RED WASHING UP GLOVES,1355,2.089834710743802,2668.38,3.78,0,Medium Profit
20755,BLUE PAISLEY POCKET BOOK,291,0.85,247.35,3.99,10,Low Profit
20756,GREEN FERN POCKET BOOK,63,0.85,53.55,4.04,10,Low Profit
20757,RED DAISY POCKET BOOK ,155,0.8751612903225806,132.53,4.02,10,Low Profit
20758,ABSTRACT CIRCLES POCKET BOOK,158,0.85,134.29999999999998,4.02,10,Low Profit
20759,CHRYSANTHEMUM POCKET BOOK ,64,0.85,54.4,4.04,10,Low Profit
20760,GARDEN PATH POCKET BOOK,69,0.85,58.65,4.04,10,Low Profit
20761,BLUE PAISLEY SKETCHBOOK,107,3.821346153846154,408.67,4.03,10,Low Profit
20762,GREEN FERN SKETCHBOOK ,101,3.8227450980392157,382.46,4.03,10,Low Profit
20763,DAISY SKETCHBOOK ,71,3.6984,189.96,4.04,10,Low Profit
20764,ABSTRACT CIRCLES SKETCHBOOK ,126,3.9324590163934428,483.63,4.03,10,Low Profit
20765,CHRYSANTHEMUM SKETCHBOOK ,94,3.968235294117647,367.34,4.03,10,Low Profit
20766,GARDEN PATH SKETCHBOOK,111,3.887916666666667,414.58,4.03,10,Low Profit
20767,BLUE PAISLEY JOURNAL ,214,2.625344827586207,534.3199999999999,4.01,10,Low Profit
20768,GREEN FERN JOURNAL ,130,2.6044444444444443,317.71,4.03,10,Low Profit
20769,DAISY JOURNAL ,66,2.6426923076923075,173.11999999999998,4.04,10,Low Profit
20770,ABSTRACT CIRCLE JOURNAL ,107,2.533928571428571,256.65,4.03,10,Low Profit
20771,CHRYSANTHEMUM  JOURNAL,70,2.639259259259259,180.91,4.04,10,Low Profit
20772,GARDEN PATH JOURNAL,218,2.592608695652174,534.46,4.01,10,Low Profit
20773,BLUE PAISLEY NOTEBOOK,56,1.6499999999999997,92.39999999999999,4.04,10,Low Profit
20774,GREEN FERN NOTEBOOK,52,1.65,85.8,4.04,10,Low Profit
20775,DAISY NOTEBOOK ,63,1.65,103.94999999999999,4.04,10,Low Profit
20777,CHRYSANTHEMUM NOTEBOOK,95,1.65,156.75,4.03,10,Low Profit
20778,GARDEN PATH NOTEBOOK ,15,1.65,24.75,4.05,10,Low Profit
20780,BLACK EAR MUFF HEADPHONES,36,5.737777777777778,192.86,4.04,10,Low Profit
20781,GOLD EAR MUFF HEADPHONES,29,5.136,152.13,4.05,10,Low Profit
20782,CAMOUFLAGE EAR MUFF HEADPHONES,39,5.593529411764706,215.87,4.04,10,Low Profit
20785,FUSCHIA RETRO BAR STOOL,14,39.15,523.3000000000001,4.05,10,Low Profit
20793,BLUE TILED TRAY,8,6.75,54.0,4.05,10,Low Profit
20794,BLUE  TILE HOOK,85,2.5218749999999996,213.14999999999998,4.03,10,Low Profit
20795,LARGE BLUE PROVENCAL CERAMIC BALL,44,2.1,92.4,4.04,10,Low Profit
20796,SMALL BLUE PROVENCAL CERAMIC BALL,61,1.65,100.64999999999999,4.04,10,Low Profit
20798,CLEAR MILKSHAKE GLASS,36,2.1,75.60000000000001,4.04,10,Low Profit
20801,LARGE PINK GLASS SUNDAE DISH,848,0.9405454545454546,708.16,3.88,5,Low Profit
20802,SMALL GLASS SUNDAE DISH CLEAR,648,1.4686363636363635,730.4399999999999,3.92,5,Low Profit
20803,SMALL PINK GLASS SUNDAE DISH,911,0.5196774193548387,383.91,3.87,5,Low Profit
20816,GOLD FLOWER CUSHION COVER ,8,1.95,15.6,4.05,10,Low Profit
20818,GOLD TEDDY BEAR,12,2.5,20.0,4.05,10,Low Profit
20819,SILVER TEDDY BEAR,48,3.981875,183.71,4.04,10,Low Profit
20820,SILVER LOOKING MIRROR,5,4.95,24.75,4.05,10,Low Profit
20821,GOLDIE LOOKING MIRROR,16,4.95,79.2,4.05,10,Low Profit
20823,GOLD WINE GOBLET,160,0.79,126.4,4.02,10,Low Profit
20826,SILVER APERITIF GLASS,276,0.8225,128.4,4.0,10,Low Profit
20827,GOLD APERITIF GLASS,88,0.39,34.32,4.03,10,Low Profit
20828,GLITTER BUTTERFLY CLIPS,1010,2.5402173913043478,2489.1,3.85,0,Medium Profit
20829,GLITTER HANGING BUTTERFLY STRING,1264,2.153095238095238,2528.3900000000003,3.8,0,Medium Profit
20830,SILVER PHOTO FRAME,75,2.1,157.5,4.04,10,Low Profit
20831,GOLD PHOTO FRAME,169,1.8645833333333333,272.34000000000003,4.02,10,Low Profit
20832,RED FLOCK LOVE HEART PHOTO FRAME,1010,0.5778571428571428,517.68,3.85,0,Low Profit
20835,FRENCH LATTICE CUSHION COVER ,66,0.83,54.779999999999994,4.04,10,Low Profit
20836,FRENCH PAISLEY CUSHION COVER,170,0.83,141.1,4.02,10,Low Profit
20837,FRENCH FLORAL CUSHION COVER ,141,0.9713333333333334,142.47,4.02,10,Low Profit
20838,FRENCH LATTICE CUSHION COVER ,330,0.9239393939393938,282.94,3.99,10,Low Profit
20839,FRENCH PAISLEY CUSHION COVER ,452,0.9855102040816326,411.84,3.96,10,Low Profit
20840,FRENCH FLORAL CUSHION COVER ,464,0.9609090909090909,399.28,3.96,10,Low Profit
20845,ZINC HEART LATTICE 2 WALL PLANTER,19,6.35,120.64999999999999,4.05,10,Low Profit
20846,ZINC HEART LATTICE T-LIGHT HOLDER,646,1.2601587301587303,784.22,3.92,5,Low Profit
20847,ZINC HEART LATTICE CHARGER LARGE,46,3.75,172.5,4.04,10,Low Profit
20848,ZINC HEART LATTICE CHARGER SMALL,21,2.95,61.95,4.05,10,Low Profit
20851,ZINC HEART LATTICE TRAY OVAL ,9,5.95,53.550000000000004,4.05,10,Low Profit
20854,BLUE PATCH PURSE PINK HEART,164,1.638235294117647,252.79999999999998,4.02,10,Low Profit
20856,DENIM PATCH PURSE PINK BUTTERFLY,140,1.65,231.0,4.02,10,Low Profit
20857,BLUE ROSE PATCH PURSE PINK BUTTERFL,32,1.65,52.8,4.05,10,Low Profit
20861,GOLD COSMETIC BAG PINK STAR,2,2.1,4.2,4.05,10,Low Profit
20866,BLUE ROSE FABRIC MIRROR,408,1.305135135135135,487.34,3.97,10,Low Profit
20867,PINK ROSE FABRIC MIRROR,187,1.2424,231.47,4.01,10,Low Profit
20868,SILVER FABRIC MIRROR,381,0.567741935483871,159.26000000000002,3.98,10,Low Profit
20869,GOLD FABRIC MIRROR,139,0.39,54.21000000000001,4.02,10,Low Profit
20878,SET/9 CHRISTMAS T-LIGHTS SCENTED ,24,1.25,30.0,4.05,10,Low Profit
20886,BOX OF 9 PEBBLE CANDLES,452,1.946153846153846,851.4,3.96,10,Low Profit
20892,SET/3 TALL GLASS CANDLE HOLDER PINK,1,12.75,12.75,4.05,10,Low Profit
20893,HANGING BAUBLE T-LIGHT HOLDER SMALL,258,2.478947368421052,566.55,4.0,10,Low Profit
20894,HANGING BAUBLE T-LIGHT HOLDER LARGE,25,2.95,73.75,4.05,10,Low Profit
20897,VINTAGE NOTEBOOK PARIS DAYS,85,2.9000000000000004,230.35,4.03,10,Low Profit
20898,VINTAGE NOTEBOOK TRAVELOGUE,25,2.95,73.75,4.05,10,Low Profit
20901,VINTAGE KEEPSAKE BOX PINK FLOWER,3,6.35,19.049999999999997,4.05,10,Low Profit
20902,VINTAGE KEEPSAKE BOX PARIS DAYS,33,6.216666666666666,190.35,4.05,10,Low Profit
20903,VINTAGE KEEPSAKE BOX TRAVELOGUE,20,6.35,127.0,4.05,10,Low Profit
20906,VINTAGE NOTEBOOK BEAUTY GIRL,3,2.95,8.850000000000001,4.05,10,Low Profit
20910,VINTAGE PHOTO ALBUM PARIS DAYS,8,6.349999999999999,50.8,4.05,10,Low Profit
20914,SET/5 RED RETROSPOT LID GLASS BOWLS,5871,2.953053040103493,16537.13,2.88,0,High Profit
20914,SET/5 RED SPOTTY LID GLASS BOWLS,288,2.55,734.4,3.99,10,Low Profit
20931,BLUE POT PLANT CANDLE ,263,3.114864864864865,794.45,4.0,10,Low Profit
20932,PINK POT PLANT CANDLE,189,3.0090909090909093,516.25,4.01,10,Low Profit
20933,YELLOW POT PLANT CANDLE,23,3.127777777777778,71.05,4.05,10,Low Profit
20934,SET/3 POT PLANT CANDLES,54,5.45,294.3,4.04,10,Low Profit
20935,ROUND CACTUS CANDLE,6,2.95,17.700000000000003,4.05,10,Low Profit
20936,FORKED CACTUS CANDLE,92,3.0876923076923077,272.98,4.03,10,Low Profit
20941,FROG CANDLE,61,1.25,76.25,4.04,10,Low Profit
20956,PORCELAIN T-LIGHT HOLDERS ASSORTED,728,1.2903333333333333,913.63,3.91,5,Low Profit
20961,STRAWBERRY BATH SPONGE ,1026,1.316171875,1301.86,3.85,0,Medium Profit
20963,APPLE BATH SPONGE,1100,1.32744,1397.99,3.83,0,Medium Profit
20964,POLYESTER FILLER PAD 60x40cm,2,2.55,5.1,4.05,10,Low Profit
20966,SANDWICH BATH SPONGE,589,1.2453658536585366,698.25,3.93,5,Low Profit
20967,GREY FLORAL FELTCRAFT SHOULDER BAG,256,3.75,960.0,4.0,10,Low Profit
20969,RED FLORAL FELTCRAFT SHOULDER BAG,1874,3.8198054474708174,6726.81,3.68,0,High Profit
20970,PINK FLORAL FELTCRAFT SHOULDER BAG,1080,3.781038961038961,3979.88,3.84,0,Medium Profit
20971,PINK BLUE FELT CRAFT TRINKET BOX,10217,1.2698047722342733,11619.39,2.01,0,High Profit
20972,PINK CREAM FELT CRAFT TRINKET BOX ,7106,1.2748613678373384,8617.24,2.63,0,High Profit
20973,12 PENCIL SMALL TUBE WOODLAND,3998,0.6657342657342658,2545.3,3.25,0,Medium Profit
20974,12 PENCILS SMALL TUBE SKULL,6727,0.6483277591973244,4230.55,2.71,0,Medium Profit
20975,12 PENCILS SMALL TUBE RED RETROSPOT,6393,0.6490353697749196,4096.650000000001,2.78,0,Medium Profit
20977,36 PENCILS TUBE WOODLAND,1595,1.2486713286713287,1969.43,3.73,0,Medium Profit
20978,36 PENCILS TUBE SKULLS,1627,1.2489560439560439,2009.43,3.73,0,Medium Profit
20979,36 PENCILS TUBE RED RETROSPOT,3518,1.244217391304348,4227.26,3.35,0,Medium Profit
20980,36 PENCILS TUBE POSY,27,1.25,33.75,4.05,10,Low Profit
20981,12 PENCILS TALL TUBE WOODLAND,1849,0.85,1571.6499999999999,3.68,0,Medium Profit
20982,12 PENCILS TALL TUBE SKULLS,2014,0.8494036697247705,1705.6599999999999,3.65,0,Medium Profit
20983,12 PENCILS TALL TUBE RED RETROSPOT,2643,0.8494650205761316,2240.31,3.52,0,Medium Profit
20984,12 PENCILS TALL TUBE POSY,3782,0.3644508670520231,1161.1799999999998,3.3,0,Medium Profit
20985,HEART CALCULATOR,1013,1.2791304347826087,1155.88,3.85,0,Medium Profit
20986,BLUE CALCULATOR RULER,459,1.3231147540983605,543.01,3.96,10,Low Profit
20992,JAZZ HEARTS PURSE NOTEBOOK,4339,0.45910852713178296,1845.87,3.19,0,Medium Profit
20996,JAZZ HEARTS ADDRESS BOOK,3054,0.2532972972972973,648.12,3.44,0,Low Profit
20997,ROSE DU SUD CUSHION COVER ,15,4.95,74.25,4.05,10,Low Profit
20998,ROSE DU SUD OVEN GLOVE,119,2.935714285714286,348.25000000000006,4.03,10,Low Profit
21000,ROSE DU SUD COSMETICS BAG,45,4.25,191.25,4.04,10,Low Profit
21001,ROSE DU SUD WASHBAG ,24,5.95,142.8,4.05,10,Low Profit
21002,ROSE DU SUD DRAWSTRING BAG,13,4.25,55.25,4.05,10,Low Profit
21003,ROSE DU SUD CUSHION COVER,13,6.349999999999999,82.55,4.05,10,Low Profit
21011,GLITTER SNOW PEAR TREE DECORATION,18,1.45,26.099999999999998,4.05,10,Low Profit
21012,ANTIQUE ALL GLASS CANDLESTICK,565,2.085,1129.1000000000001,3.94,5,Medium Profit
21014,SWISS CHALET TREE DECORATION ,1233,0.41,455.56999999999994,3.81,0,Low Profit
21015,DARK BIRD HOUSE TREE DECORATION,1249,0.3234328358208955,377.3299999999999,3.8,0,Low Profit
21018,BIRD BOX CHRISTMAS TREE DECORATION,22,0.85,18.7,4.05,10,Low Profit
21025,SPACE FROG,100,1.465,127.25,4.03,10,Low Profit
21026,SPACE OWL,140,1.3513636363636363,173.62,4.02,10,Low Profit
21027,NINJA RABBIT PINK,99,1.2394444444444443,119.95,4.03,10,Low Profit
21028,NINJA RABBIT BLACK,116,1.52,148.29,4.03,10,Low Profit
21030,SPACE CADET RED,111,1.305,141.17,4.03,10,Low Profit
21031,SPACE CADET BLACK,39,1.371,49.96,4.04,10,Low Profit
21032,SPACE CADET WHITE,64,1.492,83.63,4.04,10,Low Profit
21033,JUMBO BAG CHARLIE AND LOLA TOYS,921,2.3205555555555555,1932.67,3.87,5,Medium Profit
21034,REX CASH+CARRY JUMBO SHOPPER,1832,0.95,1740.3999999999999,3.69,0,Medium Profit
21035,SET/2 RED RETROSPOT TEA TOWELS ,2315,3.2909049773755656,6807.01,3.59,0,High Profit
21038,SET/4 MODERN VINTAGE COTTON NAPKINS,77,1.1656521739130437,86.75,4.04,10,Low Profit
21039,RED RETROSPOT SHOPPING BAG,510,2.7124675324675325,1284.6599999999999,3.95,5,Medium Profit
21040,MODERN VINTAGE COTTON SHOPPING BAG,22,1.67,29.7,4.05,10,Low Profit
21041,RED RETROSPOT OVEN GLOVE DOUBLE,569,2.95,1678.5500000000002,3.94,5,Medium Profit
21042,RED RETROSPOT APRON ,302,5.95,1796.9,3.99,10,Medium Profit
21043,APRON MODERN VINTAGE COTTON,441,2.300877192982456,927.9499999999999,3.96,10,Low Profit
21051,RIBBONS PURSE ,108,2.1845833333333333,228.83,4.03,10,Low Profit
21054,NURSE'S BAG SOFT TOY,68,8.95,608.5999999999999,4.04,10,Low Profit
21055,TOOL BOX SOFT TOY ,144,9.511951219512193,1350.24,4.02,10,Medium Profit
21056,DOCTOR'S BAG SOFT TOY,174,9.749393939393938,1640.1799999999998,4.02,10,Medium Profit
21058,PARTY INVITES WOODLAND,1046,0.8646067415730337,853.2199999999999,3.84,0,Low Profit
21059,PARTY INVITES DINOSAURS,573,0.8500000000000001,487.04999999999995,3.94,5,Low Profit
21060,PARTY INVITES BALLOON GIRL,356,0.85,302.59999999999997,3.98,10,Low Profit
21061,PARTY INVITES FOOTBALL,412,0.8499999999999999,350.2,3.97,10,Low Profit
21062,PARTY INVITES SPACEMAN,500,0.85,425.0,3.95,5,Low Profit
21063,PARTY INVITES JAZZ HEARTS,483,0.8692592592592592,412.10999999999996,3.96,10,Low Profit
21064,BOOM BOX SPEAKER BOYS,171,5.026785714285714,740.15,4.02,10,Low Profit
21065,BOOM BOX SPEAKER GIRLS,485,4.271428571428571,827.15,3.96,10,Low Profit
21066,VINTAGE RED MUG,687,1.234390243902439,656.37,3.91,5,Low Profit
21067,VINTAGE RED TEATIME MUG,201,1.2454761904761906,246.88,4.01,10,Low Profit
21068,VINTAGE BILLBOARD LOVE/HATE MUG,1535,1.2177777777777778,1637.71,3.75,0,Medium Profit
21069,VINTAGE BILLBOARD TEA MUG,1867,1.2350980392156863,2047.8000000000002,3.68,0,Medium Profit
21070,VINTAGE BILLBOARD MUG ,1032,1.3275641025641025,1058.54,3.85,0,Medium Profit
21071,VINTAGE BILLBOARD DRINK ME MUG,845,1.2314678899082567,1020.98,3.88,5,Medium Profit
21078,SET/20 STRAWBERRY PAPER NAPKINS ,2483,0.8504950495049504,1972.73,3.56,0,Medium Profit
21080,SET/20 RED RETROSPOT PAPER NAPKINS ,12305,0.8390080428954423,9649.99,1.6,0,High Profit
21084,SET/6 COLLAGE PAPER CUPS,2199,0.25754716981132075,463.85,3.61,0,Low Profit
21086,SET/6 RED SPOTTY PAPER CUPS,6573,0.6589041095890411,3999.09,2.74,0,Medium Profit
21087,SET/6 POSIES PAPER CUPS,126,0.466,62.120000000000005,4.03,10,Low Profit
21088,SET/6 FRUIT SALAD PAPER CUPS,1576,0.257027027027027,345.42,3.74,0,Low Profit
21089,SET/6 GREEN SPRING PAPER CUPS,231,0.22833333333333336,45.730000000000004,4.01,10,Low Profit
21090,SET/6 COLLAGE PAPER PLATES,1664,0.4594017094017094,704.26,3.72,0,Low Profit
21094,SET/6 RED SPOTTY PAPER PLATES,7351,0.8289634146341462,5496.53,2.59,0,High Profit
21095,SET/6 POSIES PAPER PLATES,95,0.85,80.75,4.03,10,Low Profit
21096,SET/6 FRUIT SALAD  PAPER PLATES,1143,0.4482857142857143,479.25,3.82,0,Low Profit
21098,CHRISTMAS TOILET ROLL,3164,1.3046285714285715,3665.05,3.42,0,Medium Profit
21100,CHARLIE AND LOLA CHARLOTTE BAG,43,1.65,70.95,4.04,10,Low Profit
21106,CREAM SLICE FLANNEL CHOCOLATE SPOT ,193,2.9042857142857144,530.95,4.01,10,Low Profit
21107,CREAM SLICE FLANNEL PINK SPOT ,837,2.8674603174603175,2209.95,3.88,5,Medium Profit
21108,FAIRY CAKE FLANNEL ASSORTED COLOUR,10070,1.3961139896373056,17291.57,2.04,0,High Profit
21109,LARGE CAKE TOWEL CHOCOLATE SPOTS,829,4.020588235294118,2082.15,3.89,5,Medium Profit
21109,"LARGE CAKE TOWEL, CHOCOLATE SPOTS",7,6.75,47.25,4.05,10,Low Profit
21110,LARGE CAKE TOWEL PINK SPOTS,774,5.461392405063291,2288.3,3.9,5,Medium Profit
21111,"SWISS ROLL TOWEL, CHOCOLATE  SPOTS",788,2.1598039215686278,1290.3,3.89,5,Medium Profit
21112,SWISS ROLL TOWEL PINK  SPOTS,666,3.1581481481481486,1782.1799999999998,3.92,5,Medium Profit
21112,"SWISS ROLL TOWEL, PINK  SPOTS",579,1.786842105263158,769.65,3.94,5,Low Profit
21114,LAVENDER SCENTED FABRIC HEART,1327,1.3224806201550388,1674.03,3.79,0,Medium Profit
21115,ROSE CARAVAN DOORSTOP,519,5.874307692307692,2567.61,3.95,5,Medium Profit
21116,OWL DOORSTOP,489,4.948644067796611,2339.19,3.95,10,Medium Profit
21117,BLOND DOLL DOORSTOP,109,1.6428571428571428,141.75,4.03,10,Low Profit
21121,SET/10 RED POLKADOT PARTY CANDLES,6498,1.2466470588235294,7794.18,2.76,0,High Profit
21122,SET/10 PINK POLKADOT PARTY CANDLES,5251,1.2514516129032258,6346.08,3.0,0,High Profit
21123,SET/10 IVORY POLKADOT PARTY CANDLES,973,1.2374,1213.31,3.86,5,Medium Profit
21124,SET/10 BLUE POLKADOT PARTY CANDLES,3966,1.2475,4793.34,3.26,0,Medium Profit
21125,SET 6 FOOTBALL CELEBRATION CANDLES,595,1.25,743.75,3.93,5,Low Profit
21126,SET OF 6 GIRLS CELEBRATION CANDLES,487,1.2472058823529413,604.19,3.95,10,Low Profit
21128,GOLD FISHING GNOME,47,6.9193750000000005,284.16,4.04,10,Low Profit
21129,SILVER FISHING GNOME ,45,8.2775,332.3,4.04,10,Low Profit
21131,GOLD STANDING GNOME,93,3.8676470588235294,290.25,4.03,10,Low Profit
21132,SILVER STANDING GNOME   ,35,3.875,142.75,4.04,10,Low Profit
21135,VICTORIAN  METAL POSTCARD SPRING,2707,1.6656287425149698,2973.55,3.51,0,Medium Profit
21136,PAINTED METAL PEARS ASSORTED,4454,1.6926536312849163,7454.22,3.16,0,High Profit
21137,BLACK RECORD COVER FRAME,11401,3.659681528662421,39045.8,1.78,0,High Profit
21143,ANTIQUE GLASS HEART DECORATION ,295,1.95,575.25,3.99,10,Low Profit
21145,ANTIQUE GLASS PLACE SETTING,122,1.25,152.5,4.03,10,Low Profit
21147,JINGLE BELLS TREE DECORATION,89,2.2800000000000002,200.94,4.03,10,Low Profit
21154,RED RETROSPOT OVEN GLOVE ,3186,1.2948689138576779,3750.38,3.42,0,Medium Profit
21155,RED RETROSPOT PEG BAG,2458,2.520891364902507,5874.95,3.56,0,High Profit
21156,RETROSPOT CHILDRENS APRON,3038,2.000853242320819,5585.92,3.45,0,High Profit
21157,RED RETROSPOT WASHBAG,48,2.1,100.80000000000001,4.04,10,Low Profit
21158,MOODY GIRL DOOR HANGER ,1422,0.6216556291390729,684.9599999999999,3.77,0,Low Profit
21159,MOODY BOY  DOOR HANGER ,1108,0.6942592592592592,542.36,3.83,0,Low Profit
21161,KEEP OUT BOYS DOOR HANGER ,130,1.45,188.5,4.03,10,Low Profit
21162,TOXIC AREA  DOOR HANGER ,1413,0.6111510791366906,695.23,3.77,0,Low Profit
21163,DO NOT TOUCH MY STUFF DOOR HANGER ,1171,0.6968421052631579,599.79,3.82,0,Low Profit
21164,HOME SWEET HOME METAL SIGN ,1712,2.938145161290323,4844.72,3.71,0,Medium Profit
21165,BEWARE OF THE CAT METAL SIGN ,4025,1.6722465753424658,6401.93,3.25,0,High Profit
21166,COOK WITH WINE METAL SIGN ,10169,2.0385831960461287,20232.13,2.02,0,High Profit
21167,WHITE SAGE INCENSE,1260,0.21,264.6,3.8,0,Low Profit
21169,YOU'RE CONFUSING ME METAL SIGN ,4270,1.6720689655172414,6743.98,3.2,0,High Profit
21171,BATHROOM METAL SIGN ,424,1.4333333333333333,566.8,3.97,10,Low Profit
21172,PARTY METAL SIGN ,3330,1.487248677248677,4701.0199999999995,3.39,0,Medium Profit
21174,POTTERING IN THE SHED METAL SIGN,3922,2.07,8364.64,3.27,0,High Profit
21175,GIN + TONIC DIET METAL SIGN,11501,2.463905775075988,24944.88,1.76,0,High Profit
21175,GIN AND TONIC DIET METAL SIGN,474,2.5118918918918918,1118.46,3.96,10,Medium Profit
21179,NO JUNK MAIL METAL SIGN,1783,0.7450000000000001,1019.59,3.7,0,Medium Profit
21181,PLEASE ONE PERSON METAL SIGN,11932,2.072354609929078,23865.820000000003,1.67,0,High Profit
21187,WHITE BELL HONEYCOMB PAPER GARLAND ,328,1.638235294117647,522.0,3.99,10,Low Profit
21188,3D HEARTS  HONEYCOMB PAPER GARLAND,294,2.926470588235294,838.5000000000001,3.99,10,Low Profit
21189,WHITE HONEYCOMB PAPER GARLAND ,165,1.65,272.25,4.02,10,Low Profit
21190,PINK HEARTS PAPER GARLAND,168,1.5928571428571427,245.20000000000002,4.02,10,Low Profit
21191,LARGE WHITE HONEYCOMB PAPER BELL  ,394,2.0813636363636365,788.0400000000001,3.97,10,Low Profit
21192,WHITE BELL HONEYCOMB PAPER ,924,1.6214285714285712,1390.1999999999998,3.87,5,Medium Profit
21194,PINK  HONEYCOMB PAPER FAN,436,0.9261904761904761,364.6,3.96,10,Low Profit
21195,PINK  HONEYCOMB PAPER BALL ,417,1.8675,607.86,3.97,10,Low Profit
21196,ROUND WHITE CONFETTI IN TUBE,89,1.65,146.84999999999997,4.03,10,Low Profit
21197,MULTICOLOUR  CONFETTI IN TUBE,243,1.5246153846153847,322.71,4.0,10,Low Profit
21198,WHITE HEART CONFETTI IN TUBE,963,1.3754,929.9099999999999,3.86,5,Low Profit
21199,PINK  HEART CONFETTI IN TUBE,864,1.3948979591836734,766.56,3.88,5,Low Profit
21200,MULTICOLOUR HONEYCOMB PAPER GARLAND,1010,1.5012820512820513,1272.8999999999999,3.85,0,Medium Profit
21201,TROPICAL  HONEYCOMB PAPER GARLAND ,1175,2.502,2672.25,3.82,0,Medium Profit
21202,DOLLY HONEYCOMB GARLAND,448,1.45,403.2,3.96,10,Low Profit
21204,DAISIES  HONEYCOMB GARLAND ,419,1.65,691.3499999999999,3.97,10,Low Profit
21205,MULTICOLOUR 3D BALLS GARLAND,209,2.55,532.9499999999999,4.01,10,Low Profit
21206,STRAWBERRY HONEYCOMB  GARLAND ,1220,1.5487012987012987,1446.6,3.81,0,Medium Profit
21207,SKULL AND CROSSBONES  GARLAND ,981,1.6288235294117646,1532.2499999999998,3.86,5,Medium Profit
21208,PASTEL COLOUR HONEYCOMB FAN,873,0.626140350877193,531.6899999999999,3.88,5,Low Profit
21209,MULTICOLOUR HONEYCOMB FAN,1142,0.6794736842105262,669.12,3.82,0,Low Profit
21210,SET OF 72 RETROSPOT PAPER  DOILIES,5677,1.463013698630137,7943.0199999999995,2.92,0,High Profit
21211,SET OF 72 SKULL PAPER  DOILIES,815,1.4440298507462686,1143.35,3.89,5,Medium Profit
21212,PACK OF 72 RETROSPOT CAKE CASES,33670,0.5481809523809524,16381.880000000001,0.1,0,High Profit
21213,PACK OF 72 SKULL CAKE CASES,14302,0.5405742574257426,6855.46,1.2,0,High Profit
21215,IVORY PAPER CUP CAKE CASES ,866,0.54796875,460.70000000000005,3.88,5,Low Profit
21216,"SET 3 RETROSPOT TEA,COFFEE,SUGAR",1836,4.8976734693877555,8330.12,3.69,0,High Profit
21217,RED RETROSPOT ROUND CAKE TINS,974,9.860505836575873,9178.3,3.86,5,High Profit
21218,RED SPOTTY BISCUIT TIN,2058,3.755631067961165,7071.2,3.64,0,High Profit
21219,SET/4 BADGES BALLOON GIRL,323,1.3625581395348838,408.59,3.99,10,Low Profit
21220,SET/4 BADGES DOGS,229,1.397560975609756,299.56,4.01,10,Low Profit
21221,SET/4 BADGES CUTE CREATURES,201,1.3004166666666668,262.14,4.01,10,Low Profit
21222,SET/4 BADGES BEETLES,194,1.4852777777777777,252.18,4.01,10,Low Profit
21224,SET/4 SKULL BADGES,734,1.247710843373494,913.7,3.91,5,Low Profit
21226,POCKET MIRROR WOODLAND,8,1.25,10.0,4.05,10,Low Profit
21228,"POCKET MIRROR ""GLAMOROUS""",5,1.25,6.25,4.05,10,Low Profit
21231,SWEETHEART CERAMIC TRINKET BOX,5748,1.2735248041775458,6864.610000000001,2.91,0,High Profit
21232,STRAWBERRY CERAMIC TRINKET BOX,9318,1.2443639921722114,10883.02,2.19,0,High Profit
21232,STRAWBERRY CERAMIC TRINKET POT,1036,1.3380263157894736,1312.04,3.85,0,Medium Profit
21238,RED RETROSPOT CUP,3519,0.8476785714285714,2822.41,3.35,0,Medium Profit
21239,PINK  POLKADOT CUP,2572,0.8461576354679802,2049.7,3.54,0,Medium Profit
21240,BLUE POLKADOT CUP,3153,0.8410138248847926,2484.53,3.42,0,Medium Profit
21242,RED RETROSPOT PLATE ,3071,1.6737837837837837,4855.91,3.44,0,Medium Profit
21243,PINK  POLKADOT PLATE ,1911,1.6716793893129769,3010.71,3.67,0,Medium Profit
21243,PINK POLKADOT PLATE ,202,1.6766666666666667,318.34,4.01,10,Low Profit
21244,BLUE POLKADOT PLATE ,2131,1.672162162162162,3359.47,3.63,0,Medium Profit
21245,GREEN POLKADOT PLATE ,1011,1.6963366336633663,1618.03,3.85,0,Medium Profit
21246,RED RETROSPOT BIG BOWL,175,4.932051282051282,849.45,4.02,10,Low Profit
21248,DOOR HANGER  MUM + DADS ROOM,187,1.4499999999999997,271.15,4.01,10,Low Profit
21249,WOODLAND  HEIGHT CHART STICKERS ,672,2.9145569620253164,1874.4,3.92,5,Medium Profit
21250,SET OF SKULL WALL STICKERS,92,2.926470588235294,257.0,4.03,10,Low Profit
21251,DINOSAUR HEIGHT CHART STICKER SET,165,2.95,486.75000000000006,4.02,10,Low Profit
21253,SET OF PICTURE FRAME  STICKERS,65,2.8150000000000004,189.59000000000003,4.04,10,Low Profit
21257,VICTORIAN SEWING BOX MEDIUM,488,7.981633986928105,3727.44,3.95,10,Medium Profit
21258,VICTORIAN SEWING BOX LARGE,425,12.952358490566038,5014.23,3.97,10,High Profit
21259,VICTORIAN SEWING BOX SMALL ,1123,5.927257383966245,6402.360000000001,3.83,0,High Profit
21260,FIRST AID TIN,1129,3.2376666666666667,3530.35,3.83,0,Medium Profit
21261,GREEN GOOSE FEATHER CHRISTMAS TREE ,167,3.468518518518519,520.6500000000001,4.02,10,Low Profit
21262,WHITE GOOSE FEATHER CHRISTMAS TREE ,265,2.95,781.7500000000001,4.0,10,Low Profit
21263,GREEN GOOSE FEATHER TREE 60CM,161,1.9499999999999997,313.95,4.02,10,Low Profit
21264,WHITE GOOSE FEATHER TREE 60CM ,254,1.9499999999999997,495.29999999999995,4.0,10,Low Profit
21265,PINK GOOSE FEATHER TREE 60CM,128,1.95,249.59999999999997,4.03,10,Low Profit
21268,VINTAGE BLUE TINSEL REEL,2,0.42,0.84,4.05,10,Low Profit
21269,ANTIQUE CREAM CUTLERY SHELF ,28,8.5,238.0,4.05,10,Low Profit
21270,ANTIQUE CREAM CUTLERY CUPBOARD,14,12.75,178.5,4.05,10,Low Profit
21272,SALLE DE BAIN HOOK,498,1.251290322580645,653.8199999999999,3.95,10,Low Profit
21275,ZINC TOP  2 DOOR WOODEN SHELF ,10,16.95,169.5,4.05,10,Low Profit
21277,FRENCH STYLE EMBOSSED HEART CABINET,23,21.302500000000002,485.9,4.05,10,Low Profit
21278,VINTAGE KITCHEN PRINT PUDDINGS,31,2.55,79.05,4.05,10,Low Profit
21279,VINTAGE KITCHEN PRINT FRUITS,65,2.55,165.75,4.04,10,Low Profit
21280,VINTAGE KITCHEN PRINT VEGETABLES,65,2.55,165.75,4.04,10,Low Profit
21281,VINTAGE KITCHEN PRINT SEAFOOD,35,2.55,89.24999999999999,4.04,10,Low Profit
21284,RETROSPOT CANDLE  SMALL,384,1.1832,311.84000000000003,3.98,10,Low Profit
21285,RETROSPOT CANDLE  MEDIUM,350,1.6400000000000001,357.62,3.98,10,Low Profit
21286,RETROSPOT CANDLE  LARGE,255,1.2577777777777777,279.37,4.0,10,Low Profit
21287,SCENTED VELVET LOUNGE CANDLE ,1788,0.508888888888889,755.13,3.7,0,Low Profit
21288,STRIPEY CHOCOLATE NESTING BOXES,253,2.91,707.95,4.0,10,Low Profit
21289,LARGE STRIPES CHOCOLATE GIFT BAG,443,1.25,553.75,3.96,10,Low Profit
21291,SMALL POLKADOT CHOCOLATE GIFT BAG ,920,0.85,782.0,3.87,5,Low Profit
21292,SMALL STRIPES CHOCOLATE GIFT BAG ,865,0.8165384615384615,591.25,3.88,5,Low Profit
21293,MIRRORED DOVE WALL DECORATION,101,2.2068421052631577,214.13000000000002,4.03,10,Low Profit
21294,ETCHED GLASS COASTER,1536,0.519,722.88,3.75,0,Low Profit
21306,SET/4 DAISY MIRROR MAGNETS,486,0.5413888888888888,166.27999999999997,3.95,10,Low Profit
21307,SET/4 BUTTERFLY MIRROR MAGNETS,79,1.2646153846153847,39.199999999999996,4.04,10,Low Profit
21310,CAPIZ CHANDELIER,1,29.95,29.95,4.05,10,Low Profit
21311,SET/4 BIRD MIRROR MAGNETS ,452,0.5313333333333333,158.23,3.96,10,Low Profit
21313,GLASS HEART T-LIGHT HOLDER ,2828,0.8344186046511628,2097.71,3.49,0,Medium Profit
21314,SMALL GLASS HEART TRINKET POT,3664,2.093615160349854,7399.960000000001,3.32,0,High Profit
21316,SMALL CHUNKY GLASS ROMAN  BOWL,148,1.51,153.64000000000001,4.02,10,Low Profit
21317,GLASS SPHERE CANDLE STAND MEDIUM,95,5.412962962962963,510.75,4.03,10,Low Profit
21318,GLASS CHALICE BLUE SMALL ,678,0.8817073170731707,369.0,3.92,5,Low Profit
21319,GLASS CHALICE GREEN  SMALL ,147,1.2133333333333332,129.51,4.02,10,Low Profit
21320,GLASS CHALICE GREEN  LARGE ,186,1.595,309.66,4.01,10,Low Profit
21324,HANGING MEDINA LANTERN SMALL,69,2.95,203.55,4.04,10,Low Profit
21326,AGED GLASS SILVER T-LIGHT HOLDER,10040,0.6393992932862191,6052.0,2.05,0,High Profit
21327,SKULLS WRITING SET ,538,1.65,887.6999999999999,3.94,5,Low Profit
21328,BALLOONS  WRITING SET ,755,1.6847089947089946,1253.9499999999998,3.9,5,Medium Profit
21329,DINOSAURS  WRITING SET ,586,1.688816568047337,975.0999999999999,3.93,5,Low Profit
21331,MOROCCAN BEATEN METAL DISH LARGE,11,12.75,140.25,4.05,10,Low Profit
21332,MOROCCAN BEATEN METAL MIRROR,14,10.55,143.3,4.05,10,Low Profit
21333,CLASSIC WHITE FRAME,55,2.95,162.25,4.04,10,Low Profit
21336,GOLD WASHBAG,8,2.9500000000000006,23.6,4.05,10,Low Profit
21340,CLASSIC METAL BIRDCAGE PLANT HOLDER,925,12.18528735632184,10123.16,3.87,5,High Profit
21344,MOROCCAN BEATEN METAL DISH,14,9.95,139.29999999999998,4.05,10,Low Profit
21348,PINK SPOTS CHOCOLATE NESTING BOXES ,139,2.79,355.65,4.02,10,Low Profit
21349,IVY HEART WREATH,12,6.75,81.0,4.05,10,Low Profit
21351,CINAMMON & ORANGE WREATH,101,6.701515151515152,654.55,4.03,10,Low Profit
21352,EUCALYPTUS & PINECONE  WREATH,311,4.366216216216216,1118.65,3.99,10,Medium Profit
21354,TOAST ITS - BEST MUM,751,1.223529411764706,885.95,3.9,5,Low Profit
21355,TOAST ITS - I LOVE YOU ,772,1.2445454545454546,955.4,3.9,5,Low Profit
21356,TOAST ITS - FAIRY FLOWER,303,1.1868518518518518,361.9,3.99,10,Low Profit
21357,TOAST ITS - DINOSAUR,19,1.25,23.75,4.05,10,Low Profit
21358,TOAST ITS - HAPPY BIRTHDAY,327,1.25,408.75,3.99,10,Low Profit
21359,RELAX LARGE WOOD LETTERS,126,7.988461538461538,743.7,4.03,10,Low Profit
21360,JOY LARGE WOOD LETTERS,37,7.378571428571428,194.15,4.04,10,Low Profit
21361,LOVE LARGE WOOD LETTERS ,91,12.716666666666667,1127.85,4.03,10,Medium Profit
21363,HOME SMALL WOOD LETTERS,207,4.95,1024.65,4.01,10,Medium Profit
21364,PEACE SMALL WOOD LETTERS,25,6.75,168.75,4.05,10,Low Profit
21365,MIRRORED WALL ART STARS,348,1.0999999999999999,360.0,3.98,10,Low Profit
21366,MIRRORED WALL ART PHOTO FRAMES,24,4.25,102.0,4.05,10,Low Profit
21367,MIRRORED WALL ART GENTS,163,1.56,159.51,4.02,10,Low Profit
21368,MIRRORED WALL ART LADIES,160,0.8733333333333333,128.4,4.02,10,Low Profit
21369,MIRRORED WALL ART SPLODGES,98,1.6346153846153846,142.5,4.03,10,Low Profit
21370,MIRRORED WALL ART FOXY,15,4.94,88.2,4.05,10,Low Profit
21371,MIRRORED WALL ART POPPIES,275,1.0875,274.65,4.0,10,Low Profit
21372,MIRRORED WALL ART TABLE LAMP,67,1.3292000000000002,75.73,4.04,10,Low Profit
21373,MIRRORED WALL ART SNOWFLAKES,507,0.75,380.25,3.95,5,Low Profit
21374,MIRRORED WALL ART SKULLS,294,1.6875,400.0,3.99,10,Low Profit
21375,LARGE CAMPHOR WOOD FIELD MUSHROOM ,22,4.6863636363636365,107.30000000000001,4.05,10,Low Profit
21376,LARGE  TALL CAMPHOR WOOD TOADSTOOL ,29,5.126923076923077,149.65,4.05,10,Low Profit
21377,SMALL CAMPHOR WOOD FIELD  MUSHROOM,93,1.4510526315789474,123.20999999999998,4.03,10,Low Profit
21378,SMALL TALL CAMPHOR WOOD TOADSTOOL,129,1.478181818181818,175.04999999999998,4.03,10,Low Profit
21379,CAMPHOR WOOD PORTOBELLO MUSHROOM,141,1.1378260869565218,155.61,4.02,10,Low Profit
21380,WOODEN HAPPY BIRTHDAY GARLAND,2090,2.9746551724137933,5901.3,3.63,0,High Profit
21381,MINI WOODEN HAPPY BIRTHDAY GARLAND,1695,1.6882857142857142,2726.31,3.71,0,Medium Profit
21382,SET/4 SPRING FLOWER DECORATION,1040,1.6627659574468086,1151.8,3.84,0,Medium Profit
21383,PACK OF 12 STICKY BUNNIES,765,0.65,497.25000000000006,3.9,5,Low Profit
21385,IVORY HANGING DECORATION  HEART,3558,0.8597196261682243,2952.54,3.34,0,Medium Profit
21386,IVORY HANGING DECORATION  EGG,689,0.45399999999999996,253.01,3.91,5,Low Profit
21389,IVORY HANGING DECORATION  BIRD,1015,0.85,862.75,3.85,0,Low Profit
21390,FILIGRIS HEART WITH BUTTERFLY,3778,1.2637569060773481,4540.38,3.3,0,Medium Profit
21391,FRENCH LAVENDER SCENT HEART,965,0.9954545454545455,846.6,3.86,5,Low Profit
21392,RED POLKADOT PUDDING BOWL,32,1.3671428571428572,38.13,4.05,10,Low Profit
21393,BLUE POLKADOT PUDDING BOWL,29,1.45875,38.67,4.05,10,Low Profit
21394,RED POLKADOT BEAKER ,3822,0.4419298245614035,1538.62,3.29,0,Medium Profit
21395,BLUE POLKADOT BEAKER ,2806,0.39,1094.34,3.49,0,Medium Profit
21397,BLUE POLKADOT EGG CUP ,1016,0.5268181818181819,445.26,3.85,0,Low Profit
21398,RED POLKADOT COFFEE  MUG,1499,0.6691836734693878,642.75,3.75,0,Low Profit
21399,BLUE POLKADOT COFFEE MUG,2035,0.5554838709677419,826.14,3.65,0,Low Profit
21400,RED PUDDING SPOON,837,0.1575,109.74,3.88,5,Low Profit
21401,BLUE PUDDING SPOON,1010,0.15050847457627117,132.29999999999998,3.85,0,Low Profit
21402,RED  EGG  SPOON,1290,0.12491803278688525,155.4,3.79,0,Low Profit
21403,BLUE EGG  SPOON,1718,0.13183098591549294,258.71999999999997,3.71,0,Low Profit
21407,BROWN CHECK CAT DOORSTOP ,233,4.220744680851064,965.0,4.01,10,Low Profit
21408,SPOTTY PINK DUCK DOORSTOP,221,4.074,752.51,4.01,10,Low Profit
21411,GINGHAM HEART  DOORSTOP RED,714,3.897914438502674,2371.2599999999998,3.91,5,Medium Profit
21413,PERIWINKLE T-LIGHT HOLDER,36,1.25,45.0,4.04,10,Low Profit
21414,SCALLOP SHELL SOAP DISH,1,2.1,2.1,4.05,10,Low Profit
21415,CLAM SHELL SMALL ,202,1.969,375.73,4.01,10,Low Profit
21416,CLAM SHELL LARGE,5,3.75,18.75,4.05,10,Low Profit
21417,COCKLE SHELL DISH,289,1.7725,420.88,3.99,10,Low Profit
21418,STARFISH SOAP DISH,59,2.0084615384615385,115.25,4.04,10,Low Profit
21420,OYSTER TRINKET BOX,47,2.8985714285714286,83.87,4.04,10,Low Profit
21421,PORCELAIN ROSE LARGE ,298,1.2353846153846153,345.14,3.99,10,Low Profit
21422,PORCELAIN ROSE SMALL,1560,0.9093478260869565,1218.36,3.74,0,Medium Profit
21424,WOODLAND STORAGE BOX LARGE ,227,2.8772727272727274,612.05,4.01,10,Low Profit
21425,SKULLS STORAGE BOX LARGE,67,2.9250000000000003,188.05,4.04,10,Low Profit
21426,WOODLAND STORAGE BOX SMALL,213,2.0444444444444447,411.30000000000007,4.01,10,Low Profit
21427,SKULLS STORAGE BOX SMALL,77,2.1,161.70000000000002,4.04,10,Low Profit
21428,SET3 BOOK BOX GREEN GINGHAM FLOWER ,1098,4.180824175824176,4259.3,3.83,0,Medium Profit
21429,RED GINGHAM ROSE JEWELLERY BOX,1612,1.88018018018018,2917.2,3.73,0,Medium Profit
21430,SET/3 RED GINGHAM ROSE STORAGE BOX,2698,3.694423676012461,9401.82,3.51,0,High Profit
21439,BASKET OF TOADSTOOLS,1322,1.2475641025641027,1574.98,3.79,0,Medium Profit
21441,BLUE BIRDHOUSE DECORATION,376,0.7626315789473684,223.3,3.98,10,Low Profit
21442,GREEN BIRDHOUSE DECORATION,386,0.7144444444444444,229.45999999999998,3.97,10,Low Profit
21445,12 PINK ROSE PEG PLACE SETTINGS,214,1.25,267.5,4.01,10,Low Profit
21446,12 RED ROSE PEG PLACE SETTINGS,392,1.25,490.0,3.97,10,Low Profit
21447,12 IVORY ROSE PEG PLACE SETTINGS,749,1.25,936.25,3.9,5,Low Profit
21448,12 DAISY PEGS IN WOOD BOX,322,1.65,531.3,3.99,10,Low Profit
21452,TOADSTOOL MONEY BOX,745,2.9440740740740745,2140.15,3.9,5,Medium Profit
21454,PAINTED PINK RABBIT ,317,0.85,269.45,3.99,10,Low Profit
21455,PAINTED YELLOW WOODEN DAISY,271,0.85,230.35,4.0,10,Low Profit
21456,2 PICTURE BOOK EGGS EASTER CHICKS,161,1.25,201.25,4.02,10,Low Profit
21457,2 PICTURE BOOK EGGS EASTER DUCKS,115,1.25,143.75,4.03,10,Low Profit
21458,2 PICTURE BOOK EGGS EASTER BUNNY,158,1.25,197.5,4.02,10,Low Profit
21459,YELLOW EASTER EGG HUNT START POST,75,1.9500000000000002,146.25,4.04,10,Low Profit
21460,GREEN EASTER EGG HUNT START POST,26,1.9500000000000002,50.699999999999996,4.05,10,Low Profit
21461,BLUE EASTER EGG HUNT START POST,8,1.95,15.6,4.05,10,Low Profit
21462,"NURSERY A,B,C PAINTED LETTERS",192,5.890298507462687,859.2,4.01,10,Low Profit
21463,MIRRORED DISCO BALL ,642,5.791472868217054,3393.4,3.92,5,Medium Profit
21464,DISCO BALL ROTATOR BATTERY OPERATED,244,4.245098039215686,1034.0,4.0,10,Medium Profit
21465,PINK FLOWER CROCHET FOOD COVER,193,3.808888888888889,727.46,4.01,10,Low Profit
21466,RED FLOWER CROCHET FOOD COVER,267,3.8954945054945056,982.49,4.0,10,Low Profit
21467,CHERRY CROCHET FOOD COVER,215,3.8451282051282054,813.67,4.01,10,Low Profit
21468,BUTTERFLY CROCHET FOOD COVER,123,3.8983999999999996,468.67,4.03,10,Low Profit
21469,POLKA DOT RAFFIA FOOD COVER,250,3.8022535211267603,941.21,4.0,10,Low Profit
21470,FLOWER VINE RAFFIA FOOD COVER,336,3.8476315789473685,1271.13,3.98,10,Medium Profit
21471,STRAWBERRY RAFFIA FOOD COVER,493,3.723913043478261,1695.15,3.95,10,Medium Profit
21472,LADYBIRD + BEE RAFFIA FOOD COVER,119,3.75,446.25,4.03,10,Low Profit
21473,SWEETHEART CREAM STEEL TABLE RECT,22,19.95,438.9,4.05,10,Low Profit
21476,STEEL SWEETHEART ROUND TABLE CREAM,31,14.949999999999998,463.45,4.05,10,Low Profit
21479,WHITE SKULL HOT WATER BOTTLE ,2699,4.0185051546391755,10215.47,3.51,0,High Profit
21481,FAWN BLUE HOT WATER BOTTLE,2919,3.3612041884816755,9196.050000000001,3.47,0,High Profit
21484,CHICK GREY HOT WATER BOTTLE,1545,3.9038888888888885,5770.27,3.74,0,High Profit
21485,RETROSPOT HEART HOT WATER BOTTLE,3326,4.958964879852126,15827.18,3.39,0,High Profit
21486,PINK HEART DOTS HOT WATER BOTTLE,8,3.75,30.0,4.05,10,Low Profit
21488,RED WHITE SCARF  HOT WATER BOTTLE,3,3.95,11.850000000000001,4.05,10,Low Profit
21494,ROTATING LEAVES T-LIGHT HOLDER,1222,1.3704651162790698,1617.23,3.81,0,Medium Profit
21495,SKULLS AND CROSSBONES WRAP,5800,0.41769696969696973,2356.0,2.9,0,Medium Profit
21497,FANCY FONTS BIRTHDAY WRAP,8550,0.4182608695652174,3409.0,2.35,0,Medium Profit
21498,RED RETROSPOT WRAP ,10522,0.41802985074626864,4310.24,1.95,0,Medium Profit
21499,BLUE POLKADOT WRAP,6900,0.41693023255813955,2798.0,2.68,0,Medium Profit
21500,PINK POLKADOT WRAP ,6350,0.4169014084507042,2593.0,2.79,0,Medium Profit
21503,TOYBOX  WRAP ,726,0.4165217391304348,288.92,3.91,5,Low Profit
21504,SKULLS GREETING CARD,1860,0.41687499999999994,753.12,3.68,0,Low Profit
21506,"FANCY FONT BIRTHDAY CARD, ",4704,0.41856,1895.76,3.11,0,Medium Profit
21507,ELEPHANT BIRTHDAY CARD ,1080,0.45819444444444446,449.88,3.84,0,Low Profit
21507,"ELEPHANT, BIRTHDAY CARD, ",2114,0.4171428571428571,859.08,3.63,0,Low Profit
21508,VINTAGE KID DOLLY CARD ,2381,0.42758620689655175,966.07,3.58,0,Low Profit
21509,COWBOYS AND INDIANS BIRTHDAY CARD ,3581,0.4317241379310345,1444.75,3.34,0,Medium Profit
21518,BANK ACCOUNT  GREETING  CARD ,265,0.41647058823529415,106.97999999999999,4.0,10,Low Profit
21519,GIN & TONIC DIET GREETING CARD ,3217,0.4178010471204188,1320.9,3.41,0,Medium Profit
21520,BOOZE & WOMEN GREETING CARD ,457,0.41818181818181815,187.62,3.96,10,Low Profit
21523,DOORMAT FANCY FONT HOME SWEET HOME,3087,7.865163727959699,19149.07,3.44,0,High Profit
21524,DOORMAT SPOTTY HOME SWEET HOME,1657,7.963530864197531,12055.32,3.72,0,High Profit
21527,RED RETROSPOT TRADITIONAL TEAPOT ,464,7.860447761194029,3508.8,3.96,10,Medium Profit
21528,DAIRY MAID TRADITIONAL TEAPOT ,176,6.926744186046512,1209.2,4.02,10,Medium Profit
21530,DAIRY MAID TOASTRACK,756,1.072857142857143,690.12,3.9,5,Low Profit
21531,RED RETROSPOT SUGAR JAM BOWL,1469,2.506730769230769,3448.95,3.76,0,Medium Profit
21533,RETROSPOT LARGE MILK JUG,1307,4.882475884244373,6217.650000000001,3.79,0,High Profit
21534,DAIRY MAID LARGE MILK JUG,321,4.9332,1563.75,3.99,10,Medium Profit
21535,RED RETROSPOT SMALL MILK JUG,2450,2.5341853035143767,5804.7,3.56,0,High Profit
21537,RED RETROSPOT PUDDING BOWL,326,4.232456140350878,1337.5,3.99,10,Medium Profit
21538,DAIRY MAID  PUDDING BOWL,5,3.75,18.75,4.05,10,Low Profit
21539,RED RETROSPOT BUTTER DISH,936,4.903990610328639,4414.8,3.87,5,Medium Profit
21544,SKULLS  WATER TRANSFER TATTOOS ,1869,0.8447368421052631,1519.85,3.68,0,Medium Profit
21547,CERAMIC BIRDHOUSE CRESTED TIT SMALL,72,2.95,212.40000000000003,4.04,10,Low Profit
21555,CERAMIC STRAWBERRY TRINKET TRAY,55,2.55,140.25,4.04,10,Low Profit
21556,CERAMIC STRAWBERRY MONEY BOX,804,2.524468085106383,1859.3999999999999,3.89,5,Medium Profit
21557,SET OF 6 FUNKY BEAKERS,300,3.2153846153846155,854.0400000000001,3.99,10,Low Profit
21558,SKULL LUNCH BOX WITH CUTLERY ,1940,2.5299256505576206,4609.5,3.66,0,Medium Profit
21559,STRAWBERRY LUNCH BOX WITH CUTLERY,3711,2.5574133949191684,8721.89,3.31,0,High Profit
21561,DINOSAUR LUNCH BOX WITH CUTLERY,1227,2.563571428571428,2868.7799999999997,3.81,0,Medium Profit
21562,HAWAIIAN GRASS SKIRT ,319,1.2272,368.35,3.99,10,Low Profit
21563,RED HEART SHAPE LOVE BUCKET ,1358,2.7335820895522387,2591.02,3.78,0,Medium Profit
21564,PINK  HEART SHAPE LOVE BUCKET ,1016,2.743009708737864,1686.5200000000002,3.85,0,Medium Profit
21576,LETS GO SHOPPING COTTON TOTE BAG,177,2.367826086956522,403.67,4.02,10,Low Profit
21577,SAVE THE PLANET COTTON TOTE BAG,549,2.25,1235.25,3.94,5,Medium Profit
21578,WOODLAND DESIGN  COTTON TOTE BAG,583,2.25,1311.75,3.94,5,Medium Profit
21579,LOLITA  DESIGN  COTTON TOTE BAG,152,2.25,342.0,4.02,10,Low Profit
21580,RABBIT  DESIGN  COTTON TOTE BAG,90,2.25,202.5,4.03,10,Low Profit
21581,SKULLS  DESIGN  COTTON TOTE BAG,165,2.25,371.25,4.02,10,Low Profit
21584,RETROSPOT SMALL TUBE MATCHES,1059,1.6487012987012986,1743.35,3.84,0,Medium Profit
21586,KINGS CHOICE GIANT TUBE MATCHES,731,2.502272727272727,1691.25,3.91,5,Medium Profit
21587,COSY HOUR GIANT TUBE MATCHES,195,2.5344827586206895,475.65,4.01,10,Low Profit
21588,RETROSPOT GIANT TUBE MATCHES,1494,2.5266666666666664,3442.5,3.75,0,Medium Profit
21591,COSY HOUR CIGAR BOX MATCHES ,1183,1.2487333333333333,1451.39,3.82,0,Medium Profit
21592,RETROSPOT CIGAR BOX MATCHES ,2138,1.1293548387096775,2135.32,3.63,0,Medium Profit
21609,SET 12 LAVENDER  BOTANICAL T-LIGHTS,760,2.922972972972973,2069.2,3.9,5,Medium Profit
21613,S/12 VANILLA  BOTANICAL T-LIGHTS,221,2.9394736842105265,632.7500000000001,4.01,10,Low Profit
21614,SET OF 12 ROSE BOTANICAL T-LIGHTS,48,2.95,141.60000000000002,4.04,10,Low Profit
21615,4 LAVENDER BOTANICAL DINNER CANDLES,839,1.6868932038834952,1193.75,3.88,5,Medium Profit
21616,4 PEAR BOTANICAL DINNER CANDLES,755,1.6898148148148149,1093.75,3.9,5,Medium Profit
21617,4 LILY  BOTANICAL DINNER CANDLES,470,2.2884615384615383,848.0,3.96,10,Low Profit
21618,4 WILDFLOWER BOTANICAL CANDLES,301,1.9956140350877194,471.25,3.99,10,Low Profit
21619,4 VANILLA BOTANICAL CANDLES,896,1.6188524590163935,1247.5,3.87,5,Medium Profit
21620,SET OF 4 ROSE BOTANICAL CANDLES,795,1.746031746031746,1188.75,3.89,5,Medium Profit
21621,VINTAGE UNION JACK BUNTING,2538,8.505375,20945.16,3.55,0,High Profit
21622,VINTAGE UNION JACK CUSHION COVER,358,4.942391304347826,1755.3000000000002,3.98,10,Medium Profit
21623,VINTAGE UNION JACK MEMOBOARD,3252,9.764536585365853,22679.28,3.4,0,High Profit
21624,VINTAGE UNION JACK DOORSTOP,203,5.9261904761904765,1184.8500000000001,4.01,10,Medium Profit
21625,VINTAGE UNION JACK APRON,303,6.995438596491228,2112.3900000000003,3.99,10,Medium Profit
21626,VINTAGE UNION JACK PENNANT,741,1.95,1444.95,3.9,5,Medium Profit
21627,ELEPHANT CARNIVAL POUFFE,38,14.949999999999998,568.0999999999999,4.04,10,Low Profit
21628,TRIANGULAR POUFFE VINTAGE ,43,14.674999999999999,605.4499999999999,4.04,10,Low Profit
21629,SQUARE FLOOR CUSHION VINTAGE RED,51,7.87,395.45000000000005,4.04,10,Low Profit
21630,FLOOR CUSHION ELEPHANT CARNIVAL,54,8.813636363636363,461.3,4.04,10,Low Profit
21631,HIPPY CHIC DECORATIVE PARASOL,155,7.25,761.85,4.02,10,Low Profit
21632,VINTAGE PINK DECORATIVE PARASOL,60,3.95,237.00000000000003,4.04,10,Low Profit
21633,SUNFLOWER DECORATIVE PARASOL,87,10.235714285714286,528.45,4.03,10,Low Profit
21634,ASSORTED MINI MADRAS NOTEBOOK,948,0.5769565217391304,462.6,3.86,5,Low Profit
21635,MADRAS NOTEBOOK LARGE ,270,1.9166666666666667,367.5,4.0,10,Low Profit
21636,MADRAS NOTEBOOK MEDIUM,911,0.7993150684931507,699.45,3.87,5,Low Profit
21637,ASSORTED SANSKRIT MINI NOTEBOOK,109,1.25,136.25,4.03,10,Low Profit
21638,ASSORTED TUTTI FRUTTI NOTEBOOK,233,2.1,489.30000000000007,4.01,10,Low Profit
21640,ASSORTED TUTTI FRUTTI  FOB NOTEBOOK,529,0.8475,437.16999999999996,3.95,5,Low Profit
21641,ASSORTED TUTTI FRUTTI KEYRING BALL,1102,0.4791304347826087,367.97999999999996,3.83,0,Low Profit
21642,ASSORTED TUTTI FRUTTI PEN,2451,0.3752173913043478,800.9499999999999,3.56,0,Low Profit
21643,ASSORTED TUTTI FRUTTI MIRROR,490,1.2377419354838708,594.26,3.95,10,Low Profit
21644,ASSORTED TUTTI FRUTTI HEART BOX,215,1.25,268.75,4.01,10,Low Profit
21647,ASSORTED TUTTI FRUTTI LARGE PURSE,106,2.1,222.60000000000002,4.03,10,Low Profit
21648,ASSORTED TUTTI FRUTTI SMALL PURSE,646,1.2377419354838708,780.14,3.92,5,Low Profit
21650,ASSORTED TUTTI FRUTTI BRACELET,2197,0.24411764705882355,440.89000000000004,3.61,0,Low Profit
21651,HANGING GLASS ETCHED TEALIGHT,125,1.6099999999999999,191.84999999999997,4.03,10,Low Profit
21654,RIDGED GLASS FINGER BOWL,934,0.655,427.86,3.87,5,Low Profit
21655,HANGING RIDGE GLASS T-LIGHT HOLDER,36,1.69,60.84,4.04,10,Low Profit
21656,RIDGED GLASS POSY VASE ,117,1.45,169.64999999999998,4.03,10,Low Profit
21657,MILK BOTTLE WITH GLASS STOPPER ,28,6.95,194.60000000000002,4.05,10,Low Profit
21658,GLASS  BEURRE DISH,770,3.89992125984252,2862.2200000000003,3.9,5,Medium Profit
21661,VINTAGE GLASS TEA CADDY,3,5.95,17.85,4.05,10,Low Profit
21662,VINTAGE GLASS COFFEE CADDY,74,5.91875,416.3,4.04,10,Low Profit
21664,RIDGED GLASS STORAGE JAR CREAM LID,96,3.73,342.72,4.03,10,Low Profit
21666,RIDGED GLASS T-LIGHT HOLDER,384,0.65,249.60000000000002,3.98,10,Low Profit
21667,GLASS CAKE COVER AND PLATE,2,14.95,29.9,4.05,10,Low Profit
21668,RED STRIPE CERAMIC DRAWER KNOB,5001,1.305029761904762,6177.53,3.05,0,High Profit
21669,BLUE STRIPE CERAMIC DRAWER KNOB,4936,1.3255710306406685,6239.4,3.07,0,High Profit
21670,BLUE SPOT CERAMIC DRAWER KNOB,3962,1.2992758620689655,4971.22,3.26,0,Medium Profit
21671,RED SPOT CERAMIC DRAWER KNOB,4061,1.2883214285714286,5018.65,3.24,0,High Profit
21672,WHITE SPOT RED CERAMIC DRAWER KNOB,4534,1.2922508038585208,5578.14,3.15,0,High Profit
21673,WHITE SPOT BLUE CERAMIC DRAWER KNOB,3971,1.2998924731182797,4929.95,3.26,0,Medium Profit
21675,BUTTERFLIES STICKERS,519,0.9392156862745098,442.71,3.95,5,Low Profit
21676,FLOWERS  STICKERS,211,1.09375,191.04999999999998,4.01,10,Low Profit
21677,HEARTS  STICKERS,766,0.916625,655.0,3.9,5,Low Profit
21678,PAISLEY PATTERN  STICKERS,104,0.85,88.39999999999999,4.03,10,Low Profit
21679,SKULLS  STICKERS,1054,0.8485057471264367,891.2199999999999,3.84,0,Low Profit
21680,WOODLAND  STICKERS,804,0.85,683.4,3.89,5,Low Profit
21681,GIANT MEDINA STAMPED METAL BOWL ,2,9.95,19.9,4.05,10,Low Profit
21682,LARGE MEDINA STAMPED METAL BOWL ,177,5.0502,881.1600000000001,4.02,10,Low Profit
21683,MEDIUM MEDINA STAMPED METAL BOWL ,297,2.9500000000000006,876.1500000000001,3.99,10,Low Profit
21684,SMALL MEDINA STAMPED METAL BOWL ,752,0.8888888888888888,565.21,3.9,5,Low Profit
21686,MEDINA STAMPED METAL STOOL,33,39.672222222222224,1268.3500000000001,4.05,10,Medium Profit
21688,SILVER PLATE CANDLE BOWL SMALL,316,2.95,932.2000000000002,3.99,10,Low Profit
21689,SILVER VANILLA  FLOWER CANDLE POT,92,3.75,345.0,4.03,10,Low Profit
21690,SILVER  CANDLEPOT JARDIN ,22,3.75,82.5,4.05,10,Low Profit
21692,SILVER LATTICE VANILLA CANDLE POT,17,3.75,63.75,4.05,10,Low Profit
21693,SMALL HAMMERED SILVER CANDLEPOT ,346,2.95,1020.7000000000002,3.98,10,Medium Profit
21694,SMALL REGAL  SILVER CANDLEPOT ,303,2.91,817.0500000000001,3.99,10,Low Profit
21695,SMALL SILVER FLOWER CANDLE POT,277,2.95,817.1500000000001,4.0,10,Low Profit
21696,SMALL SILVER TRELLIS CANDLEPOT,220,2.95,649.0000000000001,4.01,10,Low Profit
21698,MOCK LOBSTER FRIDGE MAGNET,266,0.49454545454545457,116.62,4.0,10,Low Profit
21700,BIG DOUGHNUT FRIDGE MAGNETS,1266,0.85,1076.1,3.8,0,Medium Profit
21703,BAG 125g SWIRLY MARBLES,9272,0.4274898785425101,3431.35,2.2,0,Medium Profit
21704,BAG 250g SWIRLY MARBLES,5004,0.8637878787878788,3856.3799999999997,3.05,0,Medium Profit
21705,BAG 500g SWIRLY MARBLES,1377,1.5144642857142858,1299.2099999999998,3.78,0,Medium Profit
21706,FOLDING UMBRELLA RED/WHITE POLKADOT,228,5.076764705882353,1129.63,4.01,10,Medium Profit
21707,FOLDING UMBRELLA BLACKBLUE POLKADOT,120,5.148297872340425,601.22,4.03,10,Low Profit
21708,FOLDING UMBRELLA CREAM POLKADOT,138,4.90625,677.5,4.02,10,Low Profit
21709,FOLDING UMBRELLA CHOCOLATE POLKADOT,87,5.089032258064516,430.06,4.03,10,Low Profit
21710,FOLDING UMBRELLA PINKWHITE POLKADOT,84,5.066451612903226,412.41,4.03,10,Low Profit
21711,FOLDING UMBRELLA WHITE/RED POLKADOT,86,4.889130434782609,420.1,4.03,10,Low Profit
21713,CITRONELLA CANDLE FLOWERPOT,692,2.098031496062992,1429.2,3.91,5,Medium Profit
21714,CITRONELLA CANDLE GARDEN POT,1079,1.25,1348.75,3.84,0,Medium Profit
21715,GIRLS VINTAGE TIN SEASIDE BUCKET,1141,2.5176258992805756,2736.75,3.82,0,Medium Profit
21716,BOYS VINTAGE TIN SEASIDE BUCKET,1190,2.5523357664233575,2880.92,3.81,0,Medium Profit
21717,EASTER TIN BUCKET,405,2.5026315789473683,931.95,3.97,10,Low Profit
21718,RED METAL BEACH SPADE ,1288,1.2668055555555555,1612.42,3.79,0,Medium Profit
21719,LOVELY BONBON STICKER SHEET,301,0.85,255.85,3.99,10,Low Profit
21720,CAKE SHOP  STICKER SHEET,57,0.85,48.449999999999996,4.04,10,Low Profit
21721,CANDY SHOP  STICKER SHEET,175,0.85,148.75,4.02,10,Low Profit
21722,SWEET PUDDING STICKER SHEET,65,0.85,55.24999999999999,4.04,10,Low Profit
21723,ALPHABET HEARTS STICKER SHEET,367,0.85,311.95,3.98,10,Low Profit
21724,PANDA AND BUNNIES STICKER SHEET,372,0.85,316.2,3.98,10,Low Profit
21725,SWEETIES  STICKERS,274,0.85,232.89999999999998,4.0,10,Low Profit
21726,MULTI HEARTS  STICKERS,231,0.85,196.35,4.01,10,Low Profit
21730,GLASS STAR FROSTED T-LIGHT HOLDER,497,4.929243697478992,2319.19,3.95,10,Medium Profit
21731,RED TOADSTOOL LED NIGHT LIGHT,12863,1.6596212121212122,19831.71,1.49,0,High Profit
21733,RED HANGING HEART T-LIGHT HOLDER,7749,2.9483744557329463,22595.190000000002,2.51,0,High Profit
21735,TWO DOOR CURIO CABINET,210,12.535975609756099,2551.95,4.01,10,Medium Profit
21736,GOLD SCROLL GLASS T-LIGHT HOLDER,80,1.8150000000000002,137.22000000000003,4.04,10,Low Profit
21738,COSY SLIPPER SHOES SMALL  RED ,43,2.95,126.85000000000001,4.04,10,Low Profit
21739,COSY SLIPPER SHOES SMALL GREEN,141,2.878541666666667,411.54,4.02,10,Low Profit
21741,COSY SLIPPER SHOES LARGE GREEN,131,2.95,386.45000000000005,4.03,10,Low Profit
21742,LARGE ROUND WICKER PLATTER ,192,5.95,1142.4,4.01,10,Medium Profit
21743,STAR PORTABLE TABLE LIGHT ,274,2.924193548387097,750.7,4.0,10,Low Profit
21744,SNOWFLAKE PORTABLE TABLE LIGHT ,365,3.1924390243902443,1122.19,3.98,10,Medium Profit
21745,GAOLERS KEYS DECORATIVE GARDEN ,926,3.7783495145631067,3400.94,3.87,5,Medium Profit
21746,SMALL RED RETROSPOT WINDMILL,2974,1.2572192513368983,3521.7000000000003,3.46,0,Medium Profit
21747,SMALL SKULL WINDMILL,437,1.2407142857142857,527.53,3.96,10,Low Profit
21749,LARGE RED RETROSPOT WINDMILL,1900,2.074299065420561,3645.0000000000005,3.67,0,Medium Profit
21750,LARGE SKULL WINDMILL,77,2.1,161.70000000000002,4.04,10,Low Profit
21754,HOME BUILDING BLOCK WORD,2633,6.018143884892086,15504.51,3.53,0,High Profit
21755,LOVE BUILDING BLOCK WORD,1923,6.018232142857143,11398.710000000001,3.67,0,High Profit
21756,BATH BUILDING BLOCK WORD,778,6.03880658436214,4644.530000000001,3.9,5,Medium Profit
21757,LIGHTHOUSE PRINTED METAL SIGN,6,4.95,29.700000000000003,4.05,10,Low Profit
21758,VINTAGE SHELLS PRINT,32,6.414285714285714,202.4,4.05,10,Low Profit
21761,WOOD AND GLASS MEDICINE CABINET,10,29.95,299.5,4.05,10,Low Profit
21763,VINTAGE WOODEN BAR STOOL,6,27.4625,169.75,4.05,10,Low Profit
21769,VINTAGE POST OFFICE CABINET,11,66.36,607.6500000000001,4.05,10,Low Profit
21770,OPEN CLOSED METAL SIGN,1574,4.944181286549708,7296.51,3.74,0,High Profit
21773,DECORATIVE ROSE BATHROOM BOTTLE,920,1.0779661016949154,693.52,3.87,5,Low Profit
21774,DECORATIVE CATS BATHROOM BOTTLE,835,1.150576923076923,647.03,3.89,5,Low Profit
21775,DECORATIVE FLORE BATHROOM BOTTLE,283,1.2297560975609756,313.91,4.0,10,Low Profit
21777,RECIPE BOX WITH METAL HEART,7,7.95,55.65,4.05,10,Low Profit
21781,MA CAMPAGNE CUTLERY BOX,137,14.868518518518517,1997.55,4.02,10,Medium Profit
21784,SHOE SHINE BOX ,51,9.95,507.44999999999993,4.04,10,Low Profit
21785,RAIN PONCHO ,410,0.8,267.1,3.97,10,Low Profit
21786,POLKADOT RAIN HAT ,1586,0.4564516129032258,629.89,3.74,0,Low Profit
21787,RAIN PONCHO RETROSPOT,8752,0.8634054054054053,6962.08,2.31,0,High Profit
21788,KIDS RAIN MAC BLUE,1199,0.852686567164179,933.53,3.81,0,Low Profit
21789,KIDS RAIN MAC PINK,796,0.8585294117647058,672.5799999999999,3.89,5,Low Profit
21790,VINTAGE SNAP CARDS,13329,0.8515458276333789,10441.47,1.39,0,High Profit
21791,VINTAGE HEADS AND TAILS CARD GAME ,7118,1.271002044989775,8500.16,2.63,0,High Profit
21792,CLASSIC FRENCH STYLE BASKET GREEN ,331,4.59,1388.65,3.99,10,Medium Profit
21793,CLASSIC FRENCH STYLE BASKET BROWN,296,4.293582089552239,1240.44,3.99,10,Medium Profit
21794,CLASSIC FRENCH STYLE BASKET NATURAL,501,4.395913978494623,2064.4700000000003,3.95,5,Medium Profit
21801,CHRISTMAS TREE DECORATION WITH BELL,457,0.42,191.94,3.96,10,Low Profit
21802,CHRISTMAS TREE HEART DECORATION,997,0.42,418.74,3.85,5,Low Profit
21803,CHRISTMAS TREE STAR DECORATION,1101,0.42,462.41999999999996,3.83,0,Low Profit
21804,WHITE CHRISTMAS GARLAND STARS TREES,178,3.7236585365853654,656.7,4.02,10,Low Profit
21807,WHITE CHRISTMAS STAR DECORATION,414,0.42,173.88,3.97,10,Low Profit
21808,"CHRISTMAS GARLAND STARS,TREES",99,3.630952380952381,366.25,4.03,10,Low Profit
21809,CHRISTMAS HANGING TREE WITH BELL,1857,0.7421348314606742,993.66,3.68,0,Low Profit
21810,CHRISTMAS HANGING STAR WITH BELL,5200,0.5715760869565217,2402.12,3.01,0,Medium Profit
21811,CHRISTMAS HANGING HEART WITH BELL,216,1.25,270.0,4.01,10,Low Profit
21811,HANGING HEART WITH BELL,4112,0.5571232876712329,1906.58,3.23,0,Medium Profit
21812,GARLAND WITH HEARTS AND BELLS,217,4.9,1032.15,4.01,10,Medium Profit
21813,GARLAND WITH STARS AND BELLS,250,4.898780487804878,1187.1000000000001,4.0,10,Medium Profit
21814,HEART T-LIGHT HOLDER ,71,1.4499999999999997,102.95,4.04,10,Low Profit
21815,STAR  T-LIGHT HOLDER ,131,1.45,189.95,4.03,10,Low Profit
21816,CHRISTMAS TREE T-LIGHT HOLDER,33,1.45,47.849999999999994,4.05,10,Low Profit
21817,GLITTER CHRISTMAS TREE,902,0.5029824561403509,405.14000000000004,3.87,5,Low Profit
21818,GLITTER CHRISTMAS HEART ,262,0.8499999999999999,222.7,4.0,10,Low Profit
21818,GLITTER HEART DECORATION,2434,0.463049645390071,1056.3400000000001,3.57,0,Medium Profit
21819,GLITTER CHRISTMAS STAR ,2462,0.49283464566929136,1053.46,3.56,0,Medium Profit
21820,GLITTER HEART GARLAND WITH BELLS ,288,3.793833333333333,1068.59,3.99,10,Medium Profit
21821,GLITTER STAR GARLAND WITH BELLS ,223,3.732439024390244,825.45,4.01,10,Low Profit
21822,GLITTER CHRISTMAS TREE WITH BELLS,573,1.028709677419355,527.65,3.94,5,Low Profit
21823,PAINTED METAL HEART WITH HOLLY BELL,1195,0.7526315789473684,687.5899999999999,3.81,0,Low Profit
21824,PAINTED METAL STAR WITH HOLLY BELLS,1449,0.5992105263157894,697.61,3.76,0,Low Profit
21826,EIGHT PIECE DINOSAUR SET,92,1.25,115.0,4.03,10,Low Profit
21827,EIGHT PIECE CREEPY CRAWLIE SET,6,1.25,7.5,4.05,10,Low Profit
21828,EIGHT PIECE SNAKE  SET,311,1.25,388.75,3.99,10,Low Profit
21829,DINOSAUR KEYRINGS ASSORTED,6354,0.21227272727272728,1310.25,2.78,0,Medium Profit
21830,ASSORTED CREEPY CRAWLIES,2551,0.4382222222222222,1073.47,3.54,0,Medium Profit
21832,CHOCOLATE CALCULATOR,779,1.7348275862068965,1296.83,3.9,5,Medium Profit
21833,CAMOUFLAGE LED TORCH,2628,1.6816666666666664,4278.12,3.53,0,Medium Profit
21836,GINGHAM OVEN GLOVE RED HEART ,3,3.75,11.25,4.05,10,Low Profit
21839,MUMMY MOUSE RED GINGHAM RIBBON,1,5.45,5.45,4.05,10,Low Profit
21841,BABY MOUSE RED GINGHAM DRESS,72,4.25,306.0,4.04,10,Low Profit
21843,RED RETROSPOT CAKE STAND,1808,10.862559241706162,17918.8,3.69,0,High Profit
21844,RED RETROSPOT MUG,1813,2.9025925925925926,4969.150000000001,3.69,0,Medium Profit
21845,DAIRY MAID STRIPE MUG,1906,1.101219512195122,1720.3000000000002,3.67,0,Medium Profit
21846,PINK DIAMANTE PEN IN GIFT BOX,72,5.616666666666667,365.62,4.04,10,Low Profit
21847,GREEN  DIAMANTE PEN IN GIFT BOX,9,4.95,44.550000000000004,4.05,10,Low Profit
21849,SILVER DIAMANTE PEN IN GIFT BOX,50,5.089166666666666,250.84000000000003,4.04,10,Low Profit
21850,BLUE  DIAMANTE PEN IN GIFT BOX,60,4.916666666666667,271.8,4.04,10,Low Profit
21851,LILAC DIAMANTE PEN IN GIFT BOX,26,5.617999999999999,138.72,4.05,10,Low Profit
21864,UNION JACK FLAG PASSPORT COVER ,609,2.0748979591836734,1190.3400000000001,3.93,5,Medium Profit
21865,PINK UNION JACK  PASSPORT COVER ,220,2.0881159420289856,457.08000000000004,4.01,10,Low Profit
21866,UNION JACK FLAG LUGGAGE TAG,534,1.3029906542056073,666.71,3.95,5,Low Profit
21867,PINK UNION JACK  LUGGAGE TAG,261,1.276547619047619,330.02,4.0,10,Low Profit
21868,POTTING SHED TEA MUG,2344,1.335579399141631,2924.48,3.58,0,Medium Profit
21870,I CAN ONLY PLEASE ONE PERSON MUG,1349,1.2472661870503599,1658.89,3.78,0,Medium Profit
21871,SAVE THE PLANET MUG,5264,1.3753284671532846,6150.13,3.0,0,High Profit
21872,GLAMOROUS  MUG,1265,1.3589166666666666,1365.73,3.8,0,Medium Profit
21873,IF YOU CAN'T STAND THE HEAT MUG,1583,1.2793181818181818,1748.59,3.74,0,Medium Profit
21874,GIN AND TONIC MUG,2845,1.3487113402061854,3715.6099999999997,3.48,0,Medium Profit
21875,KINGS CHOICE MUG,2000,1.3656249999999999,2249.56,3.65,0,Medium Profit
21876,POTTERING MUG,3541,1.3846464646464645,4049.61,3.35,0,Medium Profit
21877,HOME SWEET HOME MUG,5340,1.4184353741496598,6698.56,2.99,0,High Profit
21878,PACK OF 6 SANDCASTLE FLAGS ASSORTED,2396,0.8525,1972.8999999999999,3.57,0,Medium Profit
21879,HEARTS GIFT TAPE,1025,0.4596551724137931,301.93,3.85,0,Low Profit
21880,RED RETROSPOT TAPE,1458,0.5488000000000001,668.94,3.76,0,Low Profit
21881,CUTE CATS TAPE,975,0.5708888888888889,315.55,3.86,5,Low Profit
21882,SKULLS TAPE,598,0.5202564102564102,189.98000000000002,3.93,5,Low Profit
21883,STARS GIFT TAPE ,1368,0.5566666666666668,581.0600000000001,3.78,0,Low Profit
21884,CAKES AND BOWS GIFT  TAPE,1017,0.5036363636363637,318.81,3.85,0,Low Profit
21888,BINGO SET,1551,3.83375,5718.21,3.74,0,High Profit
21889,WOODEN BOX OF DOMINOES,5766,1.2802603036876357,7200.95,2.9,0,High Profit
21890,S/6 WOODEN SKITTLES IN COTTON BAG,1070,3.241818181818182,3247.16,3.84,0,Medium Profit
21891,TRADITIONAL WOODEN SKIPPING ROPE,7904,1.3939884393063584,9998.32,2.48,0,High Profit
21892,TRADITIONAL WOODEN CATCH CUP GAME ,2910,1.2969767441860465,3651.75,3.47,0,Medium Profit
21894,POTTING SHED SEED ENVELOPES,471,1.3172222222222223,604.48,3.96,10,Low Profit
21895,POTTING SHED SOW 'N' GROW SET,1,4.25,4.25,4.05,10,Low Profit
21896,POTTING SHED TWINE,946,2.1061111111111113,2152.2000000000003,3.86,5,Medium Profit
21897,POTTING SHED CANDLE CITRONELLA,402,2.88,1250.82,3.97,10,Medium Profit
21898,POTTING SHED ROSE CANDLE,445,3.0157142857142856,1423.03,3.96,10,Medium Profit
21899,GARAGE KEY FOB,730,0.7091379310344827,489.20000000000005,3.91,5,Low Profit
21899,"KEY FOB , GARAGE DESIGN",1870,0.6477142857142858,1140.6200000000001,3.68,0,Medium Profit
21900,"KEY FOB , SHED",3081,0.6859398496240602,1959.13,3.44,0,Medium Profit
21901,"KEY FOB , BACK DOOR ",1742,0.6779668049792532,1140.26,3.7,0,Medium Profit
21902,"KEY FOB , FRONT  DOOR ",1902,0.6784146341463415,1168.2800000000002,3.67,0,Medium Profit
21903,MAN FLU METAL SIGN,1127,2.2381045751633986,2356.38,3.83,0,Medium Profit
21904,HOUSE WRECKING METAL SIGN ,50,2.1,105.0,4.04,10,Low Profit
21905,MORE BUTTER METAL SIGN ,684,1.2827272727272727,705.3100000000001,3.92,5,Low Profit
21906,PHARMACIE FIRST AID TIN,483,6.732736842105263,3220.81,3.96,10,Medium Profit
21907,I'M ON HOLIDAY METAL SIGN,2292,2.1131515151515154,4757.35,3.59,0,Medium Profit
21908,CHOCOLATE THIS WAY METAL SIGN,3633,2.140395778364116,7204.320000000001,3.33,0,High Profit
21910,WAY OUT METAL SIGN ,36,1.65,59.39999999999999,4.04,10,Low Profit
21911,GARDEN METAL SIGN ,105,1.65,173.24999999999997,4.03,10,Low Profit
21912,VINTAGE SNAKES & LADDERS,1571,3.8400373134328363,5508.53,3.74,0,High Profit
21913,VINTAGE SEASIDE JIGSAW PUZZLES,305,3.8293258426966292,1142.53,3.99,10,Medium Profit
21914,BLUE HARMONICA IN BOX ,7431,1.2808778625954198,9218.88,2.57,0,High Profit
21915,RED  HARMONICA IN BOX ,20945,1.2612056737588653,23756.43,0.1,0,High Profit
21916,SET 12 RETRO WHITE CHALK STICKS,4362,0.43220472440944885,1771.12,3.18,0,Medium Profit
21917,SET 12 KIDS  WHITE CHALK STICKS,4090,0.4275268817204301,1651.14,3.24,0,Medium Profit
21918,SET 12 KIDS COLOUR  CHALK STICKS,7012,0.42715789473684207,2814.2799999999997,2.65,0,Medium Profit
21922,UNION STRIPE WITH FRINGE  HAMMOCK,758,7.950238095238096,5674.14,3.9,5,High Profit
21925,UNION STRIPE CUSHION COVER ,403,1.25,503.75,3.97,10,Low Profit
21926,RED/CREAM STRIPE CUSHION COVER ,414,1.2468333333333335,509.9,3.97,10,Low Profit
21927,BLUE/CREAM STRIPE CUSHION COVER ,622,1.2480808080808081,769.9,3.93,5,Low Profit
21928,JUMBO BAG SCANDINAVIAN BLUE PAISLEY,7754,2.0591832229580573,14626.73,2.51,0,High Profit
21928,JUMBO BAG SCANDINAVIAN PAISLEY,1945,1.9141304347826087,3426.75,3.66,0,Medium Profit
21929,JUMBO BAG PINK VINTAGE PAISLEY,9888,2.0408760330578515,18427.9,2.08,0,High Profit
21930,JUMBO STORAGE BAG SKULLS,5694,2.027384937238494,10865.83,2.92,0,High Profit
21931,JUMBO STORAGE BAG SUKI,11513,2.0288589743589744,21784.84,1.76,0,High Profit
21932,SCANDINAVIAN PAISLEY PICNIC BAG,2463,1.854953560371517,4357.06,3.56,0,Medium Profit
21933,PINK VINTAGE PAISLEY PICNIC BAG,2406,1.8455172413793102,4289.26,3.57,0,Medium Profit
21934,SKULL SHOULDER BAG,1288,1.6458041958041958,2081.2,3.79,0,Medium Profit
21935,SUKI  SHOULDER BAG,1763,1.6440487804878048,2824.37,3.7,0,Medium Profit
21936,RED RETROSPOT PICNIC BAG,3756,2.949378238341969,10365.76,3.3,0,High Profit
21937,STRAWBERRY   PICNIC BAG,1590,2.9268115942028987,4430.5,3.73,0,Medium Profit
21942,SKULLS DESIGN FLANNEL,161,0.83,134.54999999999998,4.02,10,Low Profit
21943,CAKES AND RABBITS DESIGN FLANNEL ,57,0.85,48.449999999999996,4.04,10,Low Profit
21944,KITTENS DESIGN FLANNEL,232,0.7688235294117647,177.88,4.01,10,Low Profit
21945,STRAWBERRIES  DESIGN FLANNEL ,225,0.8346666666666667,190.79,4.01,10,Low Profit
21946,PARTY TIME DESIGN FLANNEL,72,0.8081818181818182,58.9,4.04,10,Low Profit
21947,SET OF 6 HEART CHOPSTICKS,594,1.3603488372093022,741.48,3.93,5,Low Profit
21948,SET OF 6 CAKE CHOPSTICKS,417,1.404,541.82,3.97,10,Low Profit
21949,SET OF 6 STRAWBERRY CHOPSTICKS,613,1.305084745762712,725.49,3.93,5,Low Profit
21955,DOORMAT UNION JACK GUNS AND ROSES,1157,7.755064102564102,6619.41,3.82,0,High Profit
21967,PACK OF 12 SKULL TISSUES,5162,0.32386363636363635,1504.9799999999998,3.02,0,Medium Profit
21972,SET OF 36 DINOSAUR PAPER DOILIES,292,1.45,423.4,3.99,10,Low Profit
21973,SET OF 36 MUSHROOM PAPER DOILIES,159,1.45,230.54999999999998,4.02,10,Low Profit
21974,SET OF 36 PAISLEY FLOWER DOILIES,2036,1.494061135371179,2942.5099999999998,3.65,0,Medium Profit
21975,PACK OF 60 DINOSAUR CAKE CASES,12106,0.5587661141804788,5919.280000000001,1.64,0,High Profit
21976,PACK OF 60 MUSHROOM CAKE CASES,4936,0.5523843416370107,2496.08,3.07,0,Medium Profit
21977,PACK OF 60 PINK PAISLEY CAKE CASES,24230,0.5514201183431954,11611.0,0.1,0,High Profit
21980,PACK OF 12 RED RETROSPOT TISSUES ,6521,0.32844,2002.7299999999998,2.75,0,Medium Profit
21981,PACK OF 12 WOODLAND TISSUES ,5281,0.3369270833333333,1508.87,3.0,0,Medium Profit
21982,PACK OF 12 SUKI TISSUES ,6907,0.3419924812030075,1995.05,2.67,0,Medium Profit
21983,PACK OF 12 BLUE PAISLEY TISSUES ,2223,0.352258064516129,712.7299999999999,3.61,0,Low Profit
21984,PACK OF 12 PINK PAISLEY TISSUES ,3294,0.3552830188679245,999.5999999999999,3.39,0,Low Profit
21985,PACK OF 12 HEARTS DESIGN TISSUES ,8541,0.334438202247191,2542.17,2.35,0,Medium Profit
21986,PACK OF 12 PINK POLKADOT TISSUES,3985,0.33987261146496817,1129.79,3.26,0,Medium Profit
21987,PACK OF 6 SKULL PAPER CUPS,2050,0.6476315789473684,1254.74,3.64,0,Medium Profit
21988,PACK OF 6 SKULL PAPER PLATES,2194,0.8401342281879194,1663.3,3.61,0,Medium Profit
21989,PACK OF 20 SKULL PAPER NAPKINS,2065,0.8464903846153846,1672.6899999999998,3.64,0,Medium Profit
21990,MODERN FLORAL STATIONERY SET,1212,1.5006666666666666,1734.6,3.81,0,Medium Profit
21991,BOHEMIAN COLLAGE STATIONERY SET,471,1.5112621359223302,675.53,3.96,10,Low Profit
21992,VINTAGE PAISLEY STATIONERY SET,1151,1.5270243902439025,1640.29,3.82,0,Medium Profit
21993,FLORAL FOLK STATIONERY SET,1360,1.5254589371980676,1927.3500000000001,3.78,0,Medium Profit
22021,BLUE FELT EASTER EGG BASKET,350,1.65,577.4999999999999,3.98,10,Low Profit
22023,EMPIRE BIRTHDAY CARD,1131,0.4296470588235294,476.25,3.83,0,Low Profit
22024,RAINY LADIES BIRTHDAY CARD,2280,0.42852713178294577,918.91,3.6,0,Low Profit
22025,RING OF ROSES BIRTHDAY CARD,1764,0.4152272727272727,702.0,3.7,0,Low Profit
22026,BANQUET BIRTHDAY  CARD  ,1560,0.4182,642.24,3.74,0,Low Profit
22027,TEA PARTY BIRTHDAY CARD,4141,0.42441064638783266,1692.71,3.23,0,Medium Profit
22028,PENNY FARTHING BIRTHDAY CARD,2903,0.4309677419354839,1198.45,3.47,0,Medium Profit
22029,SPACEBOY BIRTHDAY CARD,7834,0.4234683544303797,3120.14,2.49,0,Medium Profit
22030,SWALLOWS GREETING CARD,5337,0.41921810699588474,2120.55,2.99,0,Medium Profit
22031,BOTANICAL LAVENDER BIRTHDAY CARD,363,0.47125,158.61,3.98,10,Low Profit
22032,BOTANICAL LILY GREETING CARD,361,0.42,151.62,3.98,10,Low Profit
22033,BOTANICAL ROSE GREETING CARD,336,0.42000000000000004,141.12,3.98,10,Low Profit
22034,ROBIN CHRISTMAS CARD,3,0.42,1.26,4.05,10,Low Profit
22035,VINTAGE CARAVAN GREETING CARD ,1394,0.42666666666666664,569.02,3.77,0,Low Profit
22037,ROBOT BIRTHDAY CARD,3747,0.42065891472868217,1552.96,3.3,0,Medium Profit
22038,BOTANICAL LAVENDER GIFT WRAP ,475,0.42,199.5,3.96,10,Low Profit
22039,BOTANICAL LILY GIFT WRAP,250,0.42,105.0,4.0,10,Low Profit
22040,BOTANICAL ROSE GIFT WRAP,725,0.42,304.5,3.91,5,Low Profit
22041,"RECORD FRAME 7"" SINGLE SIZE ",3812,2.492964824120603,8450.82,3.29,0,High Profit
22042,CHRISTMAS CARD SINGING ANGEL,360,0.42,151.2,3.98,10,Low Profit
22043,CHRISTMAS CARD SCREEN PRINT ,1188,0.23674418604651162,283.32,3.81,0,Low Profit
22044,CHRISTMAS CARD STACK OF PRESENTS,816,0.2602777777777778,196.44,3.89,5,Low Profit
22045,SPACEBOY GIFT WRAP,6477,0.4186407766990291,2652.34,2.76,0,Medium Profit
22046,TEA PARTY  WRAPPING PAPER ,2250,0.4189333333333333,929.0,3.6,0,Low Profit
22047,EMPIRE GIFT WRAP,3350,0.41790476190476183,1363.0,3.38,0,Medium Profit
22048,BIRTHDAY BANQUET GIFT WRAP,975,0.4175,393.5,3.86,5,Low Profit
22049,WRAP CHRISTMAS SCREEN PRINT,1000,0.26419354838709674,270.5,3.85,0,Low Profit
22050,PINK PAISLEY ROSE GIFT WRAP,1225,0.418,498.5,3.81,0,Low Profit
22051,BLUE SCANDINAVIAN PAISLEY WRAP,975,0.42,409.5,3.86,5,Low Profit
22052,VINTAGE CARAVAN GIFT WRAP,571,0.42,239.82,3.94,5,Low Profit
22053,EMPIRE DESIGN ROSETTE,4236,1.2261538461538461,3596.4199999999996,3.21,0,Medium Profit
22055,MINI CAKE STAND  HANGING STRAWBERY,1246,1.4532876712328766,1661.78,3.8,0,Medium Profit
22057,CERAMIC PLATE STRAWBERRY DESIGN,578,1.2457142857142858,648.18,3.94,5,Low Profit
22059,CERAMIC STRAWBERRY DESIGN MUG,1739,1.2993150684931507,1960.47,3.7,0,Medium Profit
22060,LARGE CAKE STAND HANGING HEARTS,231,5.28,1111.05,4.01,10,Medium Profit
22061,LARGE CAKE STAND  HANGING STRAWBERY,564,8.989844961240308,3854.68,3.94,5,Medium Profit
22062,CERAMIC BOWL WITH LOVE HEART DESIGN,554,1.164736842105263,599.74,3.94,5,Low Profit
22063,CERAMIC BOWL WITH STRAWBERRY DESIGN,537,2.7042857142857146,1106.5500000000002,3.94,5,Medium Profit
22064,PINK DOUGHNUT TRINKET POT ,1602,1.6364705882352941,2132.7,3.73,0,Medium Profit
22065,CHRISTMAS PUDDING TRINKET POT ,6418,0.6191954022988505,2883.44,2.77,0,Medium Profit
22066,LOVE HEART TRINKET POT,2232,0.6193333333333333,1029.1399999999999,3.61,0,Medium Profit
22067,CHOC TRUFFLE GOLD TRINKET POT ,385,1.51734693877551,562.53,3.97,10,Low Profit
22068,BLACK PIRATE TREASURE CHEST,432,1.4195121951219511,502.37999999999994,3.97,10,Low Profit
22069,BROWN  PIRATE TREASURE CHEST ,218,1.417894736842105,237.47999999999996,4.01,10,Low Profit
22070,SMALL RED RETROSPOT MUG IN BOX ,873,3.895882352941176,2030.68,3.88,5,Medium Profit
22071,SMALL WHITE RETROSPOT MUG IN BOX ,710,3.628243243243243,1295.04,3.91,5,Medium Profit
22072,RED RETROSPOT TEA CUP AND SAUCER ,807,3.4602097902097904,2519.19,3.89,5,Medium Profit
22073,RED RETROSPOT STORAGE JAR,298,3.7040425531914893,1067.1,3.99,10,Medium Profit
22074,6 RIBBONS SHIMMERING PINKS ,1000,1.2107894736842104,772.9399999999999,3.85,0,Low Profit
22075,6 RIBBONS ELEGANT CHRISTMAS ,1538,1.5267213114754097,2004.9199999999998,3.75,0,Medium Profit
22076,6 RIBBONS EMPIRE  ,1034,1.4291150442477873,1302.7199999999998,3.85,0,Medium Profit
22077,6 RIBBONS RUSTIC CHARM,8594,1.7792577597840753,14969.839999999998,2.34,0,High Profit
22078,RIBBON REEL LACE DESIGN ,1288,2.0932432432432435,2584.8,3.79,0,Medium Profit
22079,RIBBON REEL HEARTS DESIGN ,1701,1.6994736842105262,2808.89,3.71,0,Medium Profit
22080,RIBBON REEL POLKADOTS ,1167,1.6468749999999999,1877.55,3.82,0,Medium Profit
22081,RIBBON REEL FLORA + FAUNA ,585,1.741111111111111,978.37,3.94,5,Low Profit
22082,RIBBON REEL STRIPES DESIGN ,2525,1.6825882352941175,4154.33,3.55,0,Medium Profit
22083,PAPER CHAIN KIT RETROSPOT,4265,2.9541348314606743,11935.310000000001,3.2,0,High Profit
22084,PAPER CHAIN KIT EMPIRE,4885,2.9068421052631583,13411.550000000001,3.08,0,High Profit
22085,PAPER CHAIN KIT SKULLS ,507,2.9283783783783788,1415.65,3.95,5,Medium Profit
22086,PAPER CHAIN KIT 50'S CHRISTMAS ,15591,2.9369990029910267,42584.130000000005,0.94,0,High Profit
22087,PAPER BUNTING WHITE LACE,3772,2.8797709923664123,10243.400000000001,3.3,0,High Profit
22088,PAPER BUNTING COLOURED LACE,1698,2.905555555555556,4683.1,3.71,0,Medium Profit
22089,PAPER BUNTING VINTAGE PAISLEY,1189,2.934615384615385,3395.55,3.81,0,Medium Profit
22090,PAPER BUNTING RETROSPOT,6877,2.9045359019264447,18785.99,2.68,0,High Profit
22091,EMPIRE TISSUE BOX,1937,0.5529230769230769,919.6700000000001,3.67,0,Low Profit
22092,BLUE PAISLEY TISSUE BOX,666,0.5076136363636364,311.56,3.92,5,Low Profit
22093,MOTORING TISSUE BOX,1823,0.5210967741935484,804.8100000000001,3.69,0,Low Profit
22094,RED RETROSPOT TISSUE BOX,2081,0.5692567567567568,930.0400000000001,3.64,0,Low Profit
22095,LADS ONLY TISSUE BOX,1571,0.6488990825688074,1427.59,3.74,0,Medium Profit
22096,PINK PAISLEY SQUARE TISSUE BOX ,1357,0.5224778761061947,561.75,3.78,0,Low Profit
22097,SWALLOW SQUARE TISSUE BOX,1577,0.5312857142857143,685.5500000000001,3.74,0,Low Profit
22098,BOUDOIR SQUARE TISSUE BOX,1955,0.6672483221476511,910.08,3.66,0,Low Profit
22099,CARAVAN SQUARE TISSUE BOX,1399,0.6066929133858268,703.57,3.77,0,Low Profit
22100,SKULLS SQUARE TISSUE BOX,727,0.6389473684210527,304.17,3.91,5,Low Profit
22101,MIRROR MOSAIC VOTIVE HOLDER,837,1.9366666666666668,631.62,3.88,5,Low Profit
22102,MIRROR MOSAIC T-LIGHT HOLDER ,1533,1.51,715.05,3.75,0,Low Profit
22103,MIRROR MOSAIC T-LIGHT HOLDER ROUND,1153,1.4553333333333331,694.29,3.82,0,Low Profit
22104,MIRROR MOSAIC CANDLE PLATE,151,1.3641666666666667,120.07,4.02,10,Low Profit
22105,MIRROR MOSAIC GOBLET CANDLE HOLDER,506,3.59,566.5,3.95,5,Low Profit
22106,MIRROR MOSAIC HURRICANE LAMP ,286,5.566666666666666,584.9,3.99,10,Low Profit
22107,PIZZA PLATE IN BOX,291,3.5616666666666665,962.48,3.99,10,Low Profit
22108,PING! MICROWAVE PLATE,101,2.855,246.53,4.03,10,Low Profit
22109,FULL ENGLISH BREAKFAST PLATE,1381,3.837515527950311,4985.55,3.78,0,Medium Profit
22110,BIRD HOUSE HOT WATER BOTTLE,617,2.5775308641975307,1562.06,3.93,5,Medium Profit
22111,SCOTTIE DOG HOT WATER BOTTLE,4248,4.902571860816944,20049.9,3.2,0,High Profit
22112,CHOCOLATE HOT WATER BOTTLE,5152,4.87300283286119,23584.64,3.02,0,High Profit
22113,GREY HEART HOT WATER BOTTLE,3145,4.03241054613936,12148.9,3.42,0,High Profit
22114,HOT WATER BOTTLE TEA AND SYMPATHY,3729,4.213062015503876,15386.07,3.31,0,High Profit
22115,METAL SIGN EMPIRE TEA,1495,1.5037297297297296,1706.8100000000002,3.75,0,Medium Profit
22116,METAL SIGN HIS DINNER IS SERVED,505,1.2240000000000002,493.39000000000004,3.95,5,Low Profit
22117,METAL SIGN HER DINNER IS SERVED ,1290,2.785416666666667,3802.5,3.79,0,Medium Profit
22118,JOY WOODEN BLOCK LETTERS,217,4.2676923076923075,742.63,4.01,10,Low Profit
22119,PEACE WOODEN BLOCK LETTERS,342,6.1648571428571435,1699.66,3.98,10,Medium Profit
22120,WELCOME  WOODEN BLOCK LETTERS,502,9.865329341317365,4826.67,3.95,5,Medium Profit
22121,NOEL WOODEN BLOCK LETTERS ,332,6.063391304347827,1924.94,3.99,10,Medium Profit
22123,PING MICROWAVE APRON,442,2.1576712328767123,793.5999999999999,3.96,10,Low Profit
22124,SET OF 2 TEA TOWELS PING MICROWAVE,78,2.2886956521739132,127.42,4.04,10,Low Profit
22125,UNION JACK HOT WATER BOTTLE ,4,5.95,23.8,4.05,10,Low Profit
22127,PARTY CONES CARNIVAL ASSORTED,402,1.2409523809523808,479.7,3.97,10,Low Profit
22128,PARTY CONES CANDY ASSORTED,1729,1.2368055555555555,2042.69,3.71,0,Medium Profit
22129,PARTY CONES CANDY DECORATION,296,1.4375,233.27999999999997,3.99,10,Low Profit
22129,PARTY CONES CANDY TREE DECORATION,690,0.8360714285714286,552.18,3.91,5,Low Profit
22130,PARTY CONE CHRISTMAS DECORATION ,1505,0.8485714285714285,1260.53,3.75,0,Medium Profit
22131,FOOD CONTAINER SET 3 LOVE HEART ,1884,2.0398378378378377,3358.72,3.68,0,Medium Profit
22132,RED LOVE HEART SHAPE CUP,935,0.8562650602409638,772.91,3.87,5,Low Profit
22133,PINK LOVE HEART SHAPE CUP,702,0.8738333333333334,585.78,3.91,5,Low Profit
22134,LADLE LOVE HEART RED ,6,0.42,2.52,4.05,10,Low Profit
22134,MINI LADLE LOVE HEART RED ,630,0.4636363636363636,252.24,3.93,5,Low Profit
22135,LADLE LOVE HEART PINK,19,0.42,7.98,4.05,10,Low Profit
22135,MINI LADLE LOVE HEART PINK,242,0.46555555555555556,106.56,4.0,10,Low Profit
22136,LOVE HEART SOCK HANGER,333,1.646153846153846,530.25,3.99,10,Low Profit
22137,BATHROOM SET LOVE HEART DESIGN,68,2.913636363636364,191.0,4.04,10,Low Profit
22138,BAKING SET 9 PIECE RETROSPOT ,4786,4.989149184149185,22953.100000000002,3.1,0,High Profit
22139,RETROSPOT TEA SET CERAMIC 11 PC ,4239,4.998460606060607,20426.23,3.21,0,High Profit
22141,CHRISTMAS CRAFT TREE TOP ANGEL,2443,2.1466197183098594,5015.080000000001,3.56,0,High Profit
22142,CHRISTMAS CRAFT WHITE FAIRY ,3070,1.4966666666666666,4334.94,3.44,0,Medium Profit
22144,CHRISTMAS CRAFT LITTLE FRIENDS,3459,2.148,7109.200000000001,3.36,0,High Profit
22145,CHRISTMAS CRAFT HEART STOCKING ,30,2.1,63.0,4.05,10,Low Profit
22146,EASTER CRAFT IVY WREATH WITH CHICK,1,1.95,1.95,4.05,10,Low Profit
22147,FELTCRAFT BUTTERFLY HEARTS,6123,1.464311111111111,8308.75,2.83,0,High Profit
22148,EASTER CRAFT 4 CHICKS ,1813,1.9370370370370371,3355.35,3.69,0,Medium Profit
22149,FELTCRAFT 6 FLOWER FRIENDS,5882,2.103468950749465,11549.59,2.88,0,High Profit
22150,3 STRIPEY MICE FELTCRAFT,2914,1.9642857142857142,5460.5,3.47,0,High Profit
22151,PLACE SETTING WHITE HEART,14853,0.42983108108108103,5912.19,1.09,0,High Profit
22152,PLACE SETTING WHITE STAR,2350,0.4318556701030928,967.13,3.58,0,Low Profit
22153,ANGEL DECORATION STARS ON DRESS,2399,0.4186813186813187,987.42,3.57,0,Low Profit
22154,ANGEL DECORATION 3 BUTTONS ,3528,0.4194782608695652,1455.84,3.35,0,Medium Profit
22155,STAR DECORATION RUSTIC,2201,0.42,924.42,3.61,0,Low Profit
22156,HEART DECORATION WITH PEARLS ,1873,0.86656050955414,1586.4599999999998,3.68,0,Medium Profit
22157,ANGEL DECORATION WITH LACE PADDED,212,0.85,180.2,4.01,10,Low Profit
22158,3 HEARTS HANGING DECORATION RUSTIC,2845,2.9765648854961833,8013.71,3.48,0,High Profit
22161,HEART DECORATION RUSTIC HANGING ,4138,0.23141176470588237,855.9200000000001,3.23,0,Low Profit
22162,HEART GARLAND RUSTIC PADDED,106,2.95,312.7,4.03,10,Low Profit
22163,HEART STRING MEMO HOLDER HANGING,626,1.3829411764705883,580.94,3.93,5,Low Profit
22164,STRING OF STARS CARD HOLDER,71,2.9500000000000006,209.45000000000005,4.04,10,Low Profit
22165,"DIAMANTE HEART SHAPED WALL MIRROR, ",267,10.328947368421053,1490.65,4.0,10,Medium Profit
22166,WALL MIRROR RECTANGLE DIAMANTE PINK,122,7.6375,489.9000000000001,4.03,10,Low Profit
22167, OVAL WALL MIRROR DIAMANTE ,120,9.84655172413793,1050.0,4.03,10,Medium Profit
22168,ORGANISER WOOD ANTIQUE WHITE ,139,8.488666666666667,1171.3,4.02,10,Medium Profit
22169,FAMILY ALBUM WHITE PICTURE FRAME,1074,8.388251748251749,8408.14,3.84,0,High Profit
22170,PICTURE FRAME WOOD TRIPLE PORTRAIT,1023,6.747155555555555,6378.150000000001,3.85,0,High Profit
22171,3 HOOK PHOTO SHELF ANTIQUE WHITE,1706,8.364671052631579,12160.08,3.71,0,High Profit
22173,METAL 4 HOOK HANGER FRENCH CHATEAU,2149,3.067294117647059,6267.39,3.62,0,High Profit
22174,PHOTO CUBE,2667,1.728081395348837,3997.91,3.52,0,Medium Profit
22175,PINK OWL SOFT TOY,839,2.9413669064748205,2379.05,3.88,5,Medium Profit
22176,BLUE OWL SOFT TOY,488,2.946,1420.4,3.95,10,Medium Profit
22178,VICTORIAN GLASS HANGING T-LIGHT,22404,1.4308302808302806,28735.36,0.1,0,High Profit
22179,SET 10 LIGHTS NIGHT OWL,407,6.698717948717949,2593.65,3.97,10,Medium Profit
22179,SET 10 NIGHT OWL LIGHTS,388,6.759126213592234,2510.34,3.97,10,Medium Profit
22180,RETROSPOT LAMP,299,9.91679389312977,2922.85,3.99,10,Medium Profit
22181,SNOWSTORM PHOTO FRAME FRIDGE MAGNET,577,0.8471739130434782,477.96999999999997,3.94,5,Low Profit
22182,CAKE STAND VICTORIAN FILIGREE SMALL,204,4.436111111111112,713.8000000000001,4.01,10,Low Profit
22183,CAKE STAND VICTORIAN FILIGREE MED,74,6.435294117647059,466.95000000000005,4.04,10,Low Profit
22184,CAKE STAND VICTORIAN FILIGREE LARGE,8,8.5,68.0,4.05,10,Low Profit
22185,SLATE TILE NATURAL HANGING,1390,1.5909375,1974.1999999999998,3.77,0,Medium Profit
22186,RED STAR CARD HOLDER,801,2.3194117647058823,1723.79,3.89,5,Medium Profit
22187,GREEN CHRISTMAS TREE CARD HOLDER,1183,2.560612244897959,2562.27,3.82,0,Medium Profit
22188,BLACK HEART CARD HOLDER,4843,3.7978915662650605,12257.95,3.09,0,High Profit
22189,CREAM HEART CARD HOLDER,8188,3.876057268722467,22687.920000000002,2.42,0,High Profit
22190,LOCAL CAFE MUG,566,1.8186538461538464,785.13,3.94,5,Low Profit
22191,IVORY DINER WALL CLOCK,1419,8.461167512690356,11527.7,3.77,0,High Profit
22192,BLUE DINER WALL CLOCK,907,8.483816568047338,7528.93,3.87,5,High Profit
22193,RED DINER WALL CLOCK,1349,8.49733173076923,11048.890000000001,3.78,0,High Profit
22194,BLACK DINER WALL CLOCK,53,8.5,450.5,4.04,10,Low Profit
22195,LARGE HEART MEASURING SPOONS,1696,1.7356888888888888,2836.9199999999996,3.71,0,Medium Profit
22196,SMALL HEART MEASURING SPOONS,2379,0.8705533596837944,2008.6299999999999,3.58,0,Medium Profit
22197,POPCORN HOLDER,30919,0.8432312404287902,23417.51,0.1,0,High Profit
22197,SMALL POPCORN HOLDER,18241,0.8327518427518428,13789.369999999999,0.41,0,High Profit
22198,LARGE POPCORN HOLDER ,873,1.6273584905660377,1370.4499999999998,3.88,5,Medium Profit
22199,FRYING PAN RED POLKADOT ,1,4.25,4.25,4.05,10,Low Profit
22199,FRYING PAN RED RETROSPOT,382,3.7963917525773194,1323.0,3.98,10,Medium Profit
22200,FRYING PAN PINK POLKADOT,326,3.886883116883117,1209.54,3.99,10,Medium Profit
22201,FRYING PAN BLUE POLKADOT,108,3.7875,366.0,4.03,10,Low Profit
22202,MILK PAN PINK POLKADOT,39,3.75,146.25,4.04,10,Low Profit
22203,MILK PAN RED RETROSPOT,310,3.556813186813187,996.13,3.99,10,Low Profit
22204,MILK PAN BLUE POLKADOT,96,3.346774193548387,302.5,4.03,10,Low Profit
22207,FRYING PAN UNION FLAG,1199,4.4386725663716815,4727.11,3.81,0,Medium Profit
22208,WOOD STAMP SET THANK YOU,1283,0.9914146341463413,1229.12,3.8,0,Medium Profit
22209,WOOD STAMP SET HAPPY BIRTHDAY,820,0.9953278688524589,798.67,3.89,5,Low Profit
22210,WOOD STAMP SET BEST WISHES,912,0.9662837837837838,820.91,3.87,5,Low Profit
22211,WOOD STAMP SET FLOWERS,782,0.9824427480916029,806.7299999999999,3.9,5,Low Profit
22212,FOUR HOOK  WHITE LOVEBIRDS,1416,2.1098449612403103,2904.8700000000003,3.77,0,Medium Profit
22214,CANDLE PLATE LACE WHITE,114,2.3823809523809523,246.7,4.03,10,Low Profit
22215,CAKE STAND WHITE TWO TIER LACE,330,7.41123595505618,2254.5,3.99,10,Medium Profit
22216,T-LIGHT HOLDER WHITE LACE,327,0.7144999999999999,182.31,3.99,10,Low Profit
22217,T-LIGHT HOLDER HANGING LACE,764,0.9946875000000001,646.26,3.9,5,Low Profit
22218,CAKE STAND LACE WHITE,1,4.25,4.25,4.05,10,Low Profit
22219,LOVEBIRD HANGING DECORATION WHITE ,3367,0.86096875,2814.37,3.38,0,Medium Profit
22220,CAKE STAND LOVEBIRD 2 TIER WHITE,213,8.397297297297296,1489.55,4.01,10,Medium Profit
22221,CAKE STAND LOVEBIRD 2 TIER PINK,124,9.121590909090909,964.4,4.03,10,Low Profit
22222,CAKE PLATE LOVEBIRD WHITE,824,4.307046979865772,2599.2,3.89,5,Medium Profit
22223,CAKE PLATE LOVEBIRD PINK,315,4.096511627906977,902.85,3.99,10,Low Profit
22224,WHITE LOVEBIRD LANTERN,687,2.9051724137931036,1970.65,3.91,5,Medium Profit
22227,HANGING HEART MIRROR DECORATION ,1969,0.6648351648351648,1276.8500000000001,3.66,0,Medium Profit
22228,BUNNY WOODEN PAINTED WITH BIRD ,851,0.6966666666666665,597.31,3.88,5,Low Profit
22229,BUNNY WOODEN PAINTED WITH FLOWER ,495,0.6703125,334.27,3.95,10,Low Profit
22230,JIGSAW TREE WITH WATERING CAN,925,0.5484615384615384,356.16999999999996,3.87,5,Low Profit
22231,JIGSAW TREE WITH BIRDHOUSE,867,0.9371559633027522,821.13,3.88,5,Low Profit
22232,JIGSAW TOADSTOOLS 3 PIECE,623,0.9027868852459017,506.42999999999995,3.93,5,Low Profit
22233,JIGSAW RABBIT AND BIRDHOUSE,540,1.02725,514.6999999999999,3.94,5,Low Profit
22236,CAKE STAND 3 TIER MAGIC GARDEN,308,12.525,3624.5999999999995,3.99,10,Medium Profit
22241,GARLAND WOODEN HAPPY EASTER,1762,1.2477245508982036,2147.78,3.7,0,Medium Profit
22242,5 HOOK HANGER MAGIC TOADSTOOL,631,1.6277777777777775,964.3499999999999,3.93,5,Low Profit
22243,5 HOOK HANGER RED MAGIC TOADSTOOL,3054,1.6318181818181818,4595.099999999999,3.44,0,Medium Profit
22244,3 HOOK HANGER MAGIC GARDEN,1615,1.924736842105263,2911.6499999999996,3.73,0,Medium Profit
22245,"HOOK, 1 HANGER ,MAGIC GARDEN",1198,0.8431578947368421,965.26,3.81,0,Low Profit
22246,"GARLAND, MAGIC GARDEN 1.8M",12,1.95,23.4,4.05,10,Low Profit
22246,MAGIC GARDEN FELT GARLAND ,266,2.1991428571428573,531.78,4.0,10,Low Profit
22247,BUNNY DECORATION MAGIC GARDEN,483,0.8477966101694915,406.39,3.96,10,Low Profit
22248,DECORATION  PINK CHICK MAGIC GARDEN,382,0.8471739130434782,320.53999999999996,3.98,10,Low Profit
22249,DECORATION WHITE CHICK MAGIC GARDEN,629,0.8483333333333334,530.49,3.93,5,Low Profit
22250,DECORATION  BUTTERFLY  MAGIC GARDEN,447,0.8477586206896552,375.78999999999996,3.96,10,Low Profit
22251,BIRDHOUSE DECORATION MAGIC GARDEN,518,1.2474324324324324,642.94,3.95,5,Low Profit
22252,BIRDCAGE DECORATION TEALIGHT HOLDER,643,1.236231884057971,761.57,3.92,5,Low Profit
22254,FELT TOADSTOOL LARGE,594,1.2453658536585366,706.02,3.93,5,Low Profit
22255,FELT TOADSTOOL  SMALL,542,0.85,460.7,3.94,5,Low Profit
22256,FELT FARM ANIMAL CHICKEN,257,1.25,321.25,4.0,10,Low Profit
22257,FELT FARM ANIMAL SHEEP,283,1.1577777777777778,194.39,4.0,10,Low Profit
22258,FELT FARM ANIMAL RABBIT,722,1.1347222222222222,543.9399999999999,3.91,5,Low Profit
22259,FELT FARM ANIMAL HEN,384,1.0547058823529412,240.96,3.98,10,Low Profit
22260,FELT EGG COSY BLUE RABBIT ,410,0.9124,351.62,3.97,10,Low Profit
22261,FELT EGG COSY WHITE RABBIT ,514,0.8927397260273973,442.35999999999996,3.95,5,Low Profit
22262,FELT EGG COSY CHICKEN,920,0.866421052631579,785.12,3.87,5,Low Profit
22263,FELT EGG COSY LADYBIRD ,255,0.868,124.83,4.0,10,Low Profit
22264,FELT FARM ANIMAL WHITE BUNNY ,1391,0.6614285714285715,517.07,3.77,0,Low Profit
22265,EASTER DECORATION NATURAL CHICK,510,0.65,331.50000000000006,3.95,5,Low Profit
22266,EASTER DECORATION HANGING BUNNY,1860,0.46058823529411763,562.7,3.68,0,Low Profit
22267,EASTER DECORATION EGG BUNNY ,828,0.9683116883116883,654.7,3.89,5,Low Profit
22268,DECORATION SITTING BUNNY,1335,0.20534883720930233,257.61,3.79,0,Low Profit
22268,EASTER DECORATION SITTING BUNNY,501,0.8476785714285714,407.13,3.95,5,Low Profit
22269,EGG CUP NATURAL CHICKEN,840,0.9270454545454545,520.48,3.88,5,Low Profit
22270,HAPPY EASTER HANGING DECORATION,210,3.7418181818181817,770.22,4.01,10,Low Profit
22271,FELTCRAFT DOLL ROSIE,1648,2.967519379844961,4702.120000000001,3.72,0,Medium Profit
22272,FELTCRAFT DOLL MARIA,194,2.9414893617021276,553.1,4.01,10,Low Profit
22273,FELTCRAFT DOLL MOLLY,4464,2.9673220338983053,11748.24,3.16,0,High Profit
22274,FELTCRAFT DOLL EMILY,1294,2.988787878787879,3711.5000000000005,3.79,0,Medium Profit
22275,WEEKEND BAG VINTAGE ROSE PAISLEY,69,7.65,527.85,4.04,10,Low Profit
22276,WASH BAG VINTAGE ROSE PAISLEY,253,2.55,645.15,4.0,10,Low Profit
22277,COSMETIC BAG VINTAGE ROSE PAISLEY,355,2.224920634920635,728.62,3.98,10,Low Profit
22278,OVERNIGHT BAG VINTAGE ROSE PAISLEY,243,4.95,1202.8500000000001,4.0,10,Medium Profit
22279,POCKET BAG BLUE PAISLEY RED SPOT,477,1.27125,574.66,3.96,10,Low Profit
22280,POCKET BAG PINK PAISELY BROWN SPOT,176,1.3670967741935485,223.63,4.02,10,Low Profit
22281,EASTER TREE YELLOW BIRDS,108,5.95,642.6,4.03,10,Low Profit
22282,12 EGG HOUSE PAINTED WOOD,111,12.91265625,1425.27,4.03,10,Medium Profit
22283,6 EGG HOUSE PAINTED WOOD,256,8.017008547008547,2043.04,4.0,10,Medium Profit
22284,HEN HOUSE DECORATION,874,1.65,1442.1,3.88,5,Medium Profit
22285,"DECORATION HEN ON NEST, HANGING",39,1.6499999999999997,64.35,4.04,10,Low Profit
22285,HANGING HEN ON NEST DECORATION,794,1.65,1310.1,3.89,5,Medium Profit
22286,"DECORATION , WOBBLY RABBIT , METAL ",272,1.65,448.79999999999995,4.0,10,Low Profit
22286,DECORATION WOBBLY RABBIT METAL ,753,0.6699999999999999,375.57,3.9,5,Low Profit
22287,"DECORATION , WOBBLY CHICKEN, METAL ",227,1.65,374.54999999999995,4.01,10,Low Profit
22287,DECORATION WOBBLY CHICKEN,521,0.6506896551724138,256.11,3.95,5,Low Profit
22288,HANGING METAL RABBIT DECORATION,452,1.25,565.0,3.96,10,Low Profit
22289,HANGING METAL CHICKEN DECORATION,122,1.25,152.5,4.03,10,Low Profit
22291,HANGING CHICK CREAM DECORATION,1215,1.45,1761.7499999999998,3.81,0,Medium Profit
22292,HANGING CHICK  YELLOW DECORATION,1085,1.4478260869565216,1515.6499999999999,3.84,0,Medium Profit
22293,HANGING CHICK GREEN DECORATION,817,1.45,1184.6499999999999,3.89,5,Medium Profit
22294,HEART FILIGREE DOVE  SMALL,5362,1.245511811023622,6574.82,2.98,0,High Profit
22295,HEART FILIGREE DOVE LARGE,2719,1.6691627906976745,4390.469999999999,3.51,0,Medium Profit
22296,HEART IVORY TRELLIS LARGE,3039,1.6588888888888889,4962.429999999999,3.45,0,Medium Profit
22297,HEART IVORY TRELLIS SMALL,3856,1.257345132743363,4706.28,3.28,0,Medium Profit
22299,PIG KEYRING WITH LIGHT & SOUND ,1316,1.0452380952380953,1231.34,3.79,0,Medium Profit
22300,COFFEE MUG DOG + BALL DESIGN,1436,2.5337062937062935,3011.64,3.77,0,Medium Profit
22301,COFFEE MUG CAT + BIRD DESIGN,2098,2.5197237569060773,4478.34,3.63,0,Medium Profit
22302,COFFEE MUG PEARS  DESIGN,2287,2.5197905759162302,4957.3,3.6,0,Medium Profit
22303,COFFEE MUG APPLES DESIGN,2764,2.5190434782608695,6108.85,3.5,0,High Profit
22304,COFFEE MUG BLUE PAISLEY DESIGN,738,2.6125531914893614,1252.76,3.9,5,Medium Profit
22305,COFFEE MUG PINK PAISLEY DESIGN,684,2.693863636363636,1559.44,3.92,5,Medium Profit
22306,SILVER MUG BONE CHINA TREE OF LIFE,1126,1.1482178217821781,1290.5700000000002,3.83,0,Medium Profit
22307,GOLD MUG BONE CHINA TREE OF LIFE,729,1.162741935483871,835.61,3.91,5,Low Profit
22308,TEA COSY BLUE STRIPE,145,2.8052777777777775,356.89,4.02,10,Low Profit
22309,TEA COSY RED  STRIPE,292,2.647384615384615,706.8299999999999,3.99,10,Low Profit
22310,IVORY KNITTED MUG COSY ,531,1.7896226415094338,841.79,3.95,5,Low Profit
22311,OFFICE MUG WARMER BLACK+SILVER ,1049,3.159684210526316,2910.75,3.84,0,Medium Profit
22312,OFFICE MUG WARMER POLKADOT,499,3.016595744680851,1443.1900000000003,3.95,10,Medium Profit
22313,OFFICE MUG WARMER PINK,553,2.8417857142857144,1482.89,3.94,5,Medium Profit
22314,OFFICE MUG WARMER CHOC+BLUE,516,3.0390526315789477,1431.14,3.95,5,Medium Profit
22315,200 RED + WHITE BENDY STRAWS,759,1.2468333333333335,912.27,3.9,5,Low Profit
22316,200 BENDY SKULL STRAWS,637,1.2360975609756097,705.0500000000001,3.92,5,Low Profit
22317,FIVE CATS HANGING DECORATION,171,3.0751282051282054,503.37000000000006,4.02,10,Low Profit
22318,FIVE HEART HANGING DECORATION,396,2.941111111111111,1161.0000000000002,3.97,10,Medium Profit
22319,HAIRCLIPS FORTIES FABRIC ASSORTED,1322,0.5670491803278689,572.26,3.79,0,Low Profit
22320,BIRDS MOBILE VINTAGE DESIGN,183,6.1146376811594205,1100.21,4.02,10,Medium Profit
22321,BIRD DECORATION RED RETROSPOT,736,0.85,625.5999999999999,3.9,5,Low Profit
22322,BIRD DECORATION GREEN POLKADOT,390,0.85,331.5,3.97,10,Low Profit
22323,PINK POLKADOT KIDS BAG,1,1.95,1.95,4.05,10,Low Profit
22324,BLUE POLKADOT KIDS BAG,228,2.4486666666666665,456.35999999999996,4.01,10,Low Profit
22325,MOBILE VINTAGE HEARTS ,152,4.93793103448276,750.3000000000001,4.02,10,Low Profit
22326,ROUND SNACK BOXES SET OF4 WOODLAND ,8075,2.9354362416107382,22101.77,2.44,0,High Profit
22327,ROUND SNACK BOXES SET OF 4 SKULLS,821,2.9403030303030304,2325.9500000000003,3.89,5,Medium Profit
22328,ROUND SNACK BOXES SET OF 4 FRUITS ,6469,2.927527114967462,17569.59,2.76,0,High Profit
22329,ROUND CONTAINER SET OF 5 RETROSPOT,1386,1.6394736842105262,2181.2999999999997,3.78,0,Medium Profit
22331,WOODLAND PARTY BAG + STICKER SET,1768,1.656153846153846,2750.96,3.7,0,Medium Profit
22332,SKULLS PARTY BAG + STICKER SET,981,1.6438461538461537,1561.05,3.86,5,Medium Profit
22333,RETROSPOT PARTY BAG + STICKER SET,4389,1.634,6745.929999999999,3.18,0,High Profit
22334,DINOSAUR PARTY BAG + STICKER SET,684,1.663478260869565,1101.44,3.92,5,Medium Profit
22335,HEART DECORATION PAINTED ZINC ,2018,0.66015625,1246.3000000000002,3.65,0,Medium Profit
22336,DOVE DECORATION PAINTED ZINC ,2281,0.44461538461538463,667.71,3.6,0,Low Profit
22337,ANGEL DECORATION PAINTED ZINC ,635,0.6870370370370371,383.95000000000005,3.93,5,Low Profit
22338,STAR DECORATION PAINTED ZINC ,4175,0.3158333333333333,924.95,3.22,0,Low Profit
22339,CHRISTMAS TREE PAINTED ZINC ,2283,0.26854545454545453,569.2900000000001,3.6,0,Low Profit
22340,NOEL GARLAND PAINTED ZINC ,980,0.44868852459016395,425.15999999999997,3.86,5,Low Profit
22341,LOVE GARLAND PAINTED ZINC ,405,1.8002439024390244,672.6499999999999,3.97,10,Low Profit
22342,HOME GARLAND PAINTED ZINC ,833,0.9826923076923078,769.65,3.89,5,Low Profit
22343,PARTY PIZZA DISH RED RETROSPOT,1702,0.5561904761904761,744.3399999999999,3.71,0,Low Profit
22344,PARTY PIZZA DISH PINK POLKADOT,1046,0.5860869565217391,372.74,3.84,0,Low Profit
22345,PARTY PIZZA DISH BLUE POLKADOT,969,0.5490697674418604,317.90999999999997,3.86,5,Low Profit
22346,PARTY PIZZA DISH GREEN POLKADOT,882,0.5551515151515152,309.12,3.88,5,Low Profit
22348,TEA BAG PLATE RED RETROSPOT,3861,0.866692607003891,3221.79,3.28,0,Medium Profit
22349,DOG BOWL CHASING BALL DESIGN,1339,3.762434782608696,5220.429999999999,3.78,0,High Profit
22350,ILLUSTRATED CAT BOWL ,1356,2.5531460674157302,3586.3199999999997,3.78,0,Medium Profit
22351,DOTCOMGIFTSHOP TEA TOWEL,12,1.65,19.799999999999997,4.05,10,Low Profit
22352,LUNCH BOX WITH CUTLERY RETROSPOT ,2848,2.554723926380368,6705.04,3.48,0,High Profit
22353,LUNCH BOX WITH CUTLERY FAIRY CAKES ,60,2.55,153.0,4.04,10,Low Profit
22354,RETROSPOT PADDED SEAT CUSHION,700,3.8087692307692307,2502.82,3.91,5,Medium Profit
22355,CHARLOTTE BAG SUKI DESIGN,8947,0.8513220338983051,7114.85,2.27,0,High Profit
22356,CHARLOTTE BAG PINK POLKADOT,7303,0.8615789473684211,5838.09,2.6,0,High Profit
22357,KINGS CHOICE BISCUIT TIN,324,4.2058620689655175,1332.6,3.99,10,Medium Profit
22358,KINGS CHOICE TEA CADDY ,454,2.9975675675675677,1335.38,3.96,10,Medium Profit
22359,GLASS JAR KINGS CHOICE,161,2.9958064516129035,477.7900000000001,4.02,10,Low Profit
22360,GLASS JAR ENGLISH CONFECTIONERY,880,3.015277777777778,2438.2000000000003,3.88,5,Medium Profit
22361,GLASS JAR DAISY FRESH COTTON WOOL,537,2.9370967741935488,1507.3500000000001,3.94,5,Medium Profit
22362,GLASS JAR PEACOCK BATH SALTS,349,3.015185185185185,987.23,3.98,10,Low Profit
22363,GLASS JAR MARMALADE ,453,2.971016949152543,1223.99,3.96,10,Medium Profit
22364,GLASS JAR DIGESTIVE BISCUITS,516,2.9970833333333338,1421.1200000000001,3.95,5,Medium Profit
22365,DOORMAT RESPECTABLE HOUSE,729,7.862063492063492,4865.19,3.91,5,Medium Profit
22366,DOORMAT AIRMAIL ,722,7.803141025641025,4887.82,3.91,5,Medium Profit
22367,CHILDRENS APRON SPACEBOY DESIGN,3537,1.9843680709534366,6560.79,3.35,0,High Profit
22371,AIRLINE BAG VINTAGE TOKYO 78,825,4.366706827309237,3468.63,3.89,5,Medium Profit
22372,AIRLINE BAG VINTAGE WORLD CHAMPION ,221,4.318118811881188,935.33,4.01,10,Low Profit
22374,AIRLINE BAG VINTAGE JET SET RED,445,4.262356687898089,1870.0900000000001,3.96,10,Medium Profit
22375,AIRLINE BAG VINTAGE JET SET BROWN,250,4.234375,1043.3,4.0,10,Medium Profit
22376,AIRLINE BAG VINTAGE JET SET WHITE,191,4.290952380952381,812.19,4.01,10,Low Profit
22377,BOTTLE BAG RETROSPOT ,1038,1.9532380952380952,1510.89,3.84,0,Medium Profit
22378,WALL TIDY RETROSPOT ,1680,1.83375,2082.06,3.72,0,Medium Profit
22379,RECYCLING BAG RETROSPOT ,6074,2.125110024449878,11913.03,2.84,0,High Profit
22380,TOY TIDY SPACEBOY  ,1152,2.1285714285714286,2266.35,3.82,0,Medium Profit
22381,TOY TIDY PINK POLKADOT,3167,2.124505119453925,6225.38,3.42,0,High Profit
22382,LUNCH BAG SPACEBOY DESIGN ,9875,1.6557603222557904,15820.15,2.08,0,High Profit
22383,LUNCH BAG SUKI  DESIGN ,2118,1.6391891891891892,3334.7,3.63,0,Medium Profit
22383,LUNCH BAG SUKI DESIGN ,9570,1.6533224043715846,15332.9,2.14,0,High Profit
22384,LUNCH BAG PINK POLKADOT,10226,1.6517428267800212,16303.3,2.01,0,High Profit
22385,JUMBO BAG SPACEBOY DESIGN,8231,2.036376811594203,15320.75,2.41,0,High Profit
22386,JUMBO BAG PINK POLKADOT,20148,2.018337104072398,37254.36,0.1,0,High Profit
22389,PAPERWEIGHT SAVE THE PLANET,329,1.9886111111111109,596.91,3.99,10,Low Profit
22390,PAPERWEIGHT CHILDHOOD MEMORIES,259,2.356666666666667,405.62,4.0,10,Low Profit
22391,PAPERWEIGHT HOME SWEET HOME,146,1.5977777777777777,186.05999999999997,4.02,10,Low Profit
22393,PAPERWEIGHT VINTAGE COLLAGE,485,1.9755102040816326,612.28,3.96,10,Low Profit
22394,PAPERWEIGHT KINGS CHOICE ,160,1.61375,190.79999999999998,4.02,10,Low Profit
22395,PAPERWEIGHT VINTAGE PAISLEY,134,1.3153333333333335,130.26,4.02,10,Low Profit
22396,MAGNETS PACK OF 4 RETRO PHOTO,1176,0.631588785046729,568.76,3.82,0,Low Profit
22398,MAGNETS PACK OF 4 SWALLOWS,2544,0.6372294372294371,1528.29,3.54,0,Medium Profit
22399,MAGNETS PACK OF 4 CHILDHOOD MEMORY,1130,1.2390804597701148,1309.9,3.83,0,Medium Profit
22400,MAGNETS PACK OF 4 HOME SWEET HOME,1386,0.5846206896551723,711.87,3.78,0,Low Profit
22402,MAGNETS PACK OF 4 VINTAGE COLLAGE,1701,0.6233793103448276,1005.72,3.71,0,Medium Profit
22403,MAGNETS PACK OF 4 VINTAGE LABELS ,1222,0.5850588235294119,569.36,3.81,0,Low Profit
22405,MONEY BOX POCKET MONEY DESIGN,345,1.1225925925925926,348.69,3.98,10,Low Profit
22406,MONEY BOX KINGS CHOICE DESIGN,319,1.215625,336.89,3.99,10,Low Profit
22407,MONEY BOX FIRST ADE DESIGN,50,1.25,62.5,4.04,10,Low Profit
22407,MONEY BOX FIRST AID DESIGN,43,1.199,34.32,4.04,10,Low Profit
22408,MONEY BOX CONFECTIONERY DESIGN,136,1.1877272727272727,140.25,4.02,10,Low Profit
22409,MONEY BOX BISCUITS DESIGN,216,1.25,270.0,4.01,10,Low Profit
22410,MONEY BOX HOUSEKEEPING DESIGN,223,1.1454347826086957,212.88,4.01,10,Low Profit
22411,JUMBO SHOPPER VINTAGE RED PAISLEY,10490,2.037440100882724,20116.38,1.96,0,High Profit
22412,METAL SIGN NEIGHBOURHOOD WITCH ,874,2.093421052631579,1778.4,3.88,5,Medium Profit
22413,METAL SIGN TAKE IT OR LEAVE IT ,3687,2.9645070422535214,10638.45,3.32,0,High Profit
22414,DOORMAT NEIGHBOURHOOD WITCH ,253,8.289,1645.67,4.0,10,Medium Profit
22415,WHITE TISSUE REAM,19,7.950000000000001,151.05,4.05,10,Low Profit
22416,SET OF 36 DOILIES SPACEBOY DESIGN ,800,1.4428571428571428,1102.3999999999999,3.89,5,Medium Profit
22416,SET OF 36 SPACEBOY PAPER DOILIES,50,1.45,72.5,4.04,10,Low Profit
22417,PACK OF 60 SPACEBOY CAKE CASES,8097,0.5528019323671498,4128.39,2.44,0,Medium Profit
22418,10 COLOUR SPACEBOY PEN,6267,0.8724691358024691,5209.17,2.8,0,High Profit
22419,LIPSTICK PEN RED,2803,0.44703703703703707,1232.34,3.49,0,Medium Profit
22420,LIPSTICK PEN BABY PINK,1198,0.47779069767441856,499.90999999999997,3.81,0,Low Profit
22421,LIPSTICK PEN FUSCHIA,1924,0.4568852459016393,794.78,3.67,0,Low Profit
22422,TOOTHPASTE TUBE PEN,970,0.6606578947368421,396.6,3.86,5,Low Profit
22423,REGENCY CAKESTAND 3 TIER,12374,12.482895504962055,142264.75,1.58,0,High Profit
22424,ENAMEL BREAD BIN CREAM,711,12.658220858895705,8493.5,3.91,5,High Profit
22425,ENAMEL COLANDER CREAM,434,4.960709219858156,2086.11,3.97,10,Medium Profit
22426,ENAMEL WASH BOWL CREAM,659,3.661724137931035,2228.05,3.92,5,Medium Profit
22427,ENAMEL FLOWER JUG CREAM,1991,5.9109909909909915,11421.130000000001,3.65,0,High Profit
22428,ENAMEL FIRE BUCKET CREAM,221,7.015,1528.73,4.01,10,Medium Profit
22429,ENAMEL MEASURING JUG CREAM,1184,4.259589905362776,4916.04,3.82,0,Medium Profit
22430,ENAMEL WATERING CAN CREAM,539,4.928395061728395,2621.85,3.94,5,Medium Profit
22431,WATERING CAN BLUE ELEPHANT,1979,1.970649819494585,3682.7499999999995,3.66,0,Medium Profit
22432,WATERING CAN PINK BUNNY,1644,1.9490677966101693,3092.7799999999997,3.72,0,Medium Profit
22433,WATERING CAN GREEN DINOSAUR,1341,1.950418848167539,2487.5299999999997,3.78,0,Medium Profit
22434,BALLOON PUMP WITH 10 BALLOONS,774,1.9694642857142857,1511.48,3.9,5,Medium Profit
22435,SET OF 9 HEART SHAPED BALLOONS,2671,1.2559534883720929,3245.79,3.52,0,Medium Profit
22436,12 COLOURED PARTY BALLOONS,2089,0.6626760563380282,1359.65,3.64,0,Medium Profit
22437,SET OF 9 BLACK SKULL BALLOONS,2725,0.8477586206896551,2261.65,3.51,0,Medium Profit
22438,BALLOON ART MAKE YOUR OWN FLOWERS,887,1.5042857142857142,801.45,3.87,5,Low Profit
22439,6 ROCKET BALLOONS ,1762,0.690625,1172.9,3.7,0,Medium Profit
22440,BALLOON WATER BOMB PACK OF 35,5873,0.4174468085106383,2244.06,2.88,0,Medium Profit
22441,GROW YOUR OWN BASIL IN ENAMEL MUG,990,2.0970414201183436,2061.0,3.85,5,Medium Profit
22442,GROW YOUR OWN FLOWERS SET OF 3,292,6.295945945945946,1177.8,3.99,10,Medium Profit
22443,GROW YOUR OWN HERBS SET OF 3,152,7.95,1208.4,4.02,10,Medium Profit
22444,GROW YOUR OWN PLANT IN A CAN ,762,1.2442424242424244,934.26,3.9,5,Low Profit
22445,PENCIL CASE LIFE IS BEAUTIFUL,469,3.0577551020408165,1359.3500000000001,3.96,10,Medium Profit
22446,PIN CUSHION BABUSHKA PINK,161,3.2551219512195124,432.99,4.02,10,Low Profit
22447,PIN CUSHION BABUSHKA BLUE,75,3.0875,223.95000000000002,4.04,10,Low Profit
22448,PIN CUSHION BABUSHKA RED,187,3.199411764705882,576.3100000000001,4.01,10,Low Profit
22449,SILK PURSE BABUSHKA PINK,364,3.3252272727272727,1214.3300000000002,3.98,10,Medium Profit
22450,SILK PURSE BABUSHKA BLUE,183,3.3424528301886793,610.6500000000001,4.02,10,Low Profit
22451,SILK PURSE BABUSHKA RED,201,3.3394736842105264,654.1500000000001,4.01,10,Low Profit
22452,MEASURING TAPE BABUSHKA PINK,388,2.8935294117647063,1094.8000000000002,3.97,10,Medium Profit
22453,MEASURING TAPE BABUSHKA BLUE,333,2.9239130434782608,948.7500000000001,3.99,10,Low Profit
22454,MEASURING TAPE BABUSHKA RED,228,2.918421052631579,639.0,4.01,10,Low Profit
22456,NATURAL SLATE CHALKBOARD LARGE ,1448,4.887828947368422,6813.400000000001,3.76,0,High Profit
22457,NATURAL SLATE HEART CHALKBOARD ,8427,2.975267489711934,24089.170000000002,2.37,0,High Profit
22458,CAST IRON HOOK GARDEN FORK,513,2.57,1371.4299999999998,3.95,5,Medium Profit
22459,CAST IRON HOOK GARDEN TROWEL,375,2.529333333333333,962.73,3.98,10,Low Profit
22460,EMBOSSED GLASS TEALIGHT HOLDER,2368,1.286604938271605,2855.59,3.58,0,Medium Profit
22461,SAVOY ART DECO CLOCK,231,7.7411111111111115,1251.25,4.01,10,Medium Profit
22464,HANGING METAL HEART LANTERN,3179,1.5950179211469533,4789.709999999999,3.42,0,Medium Profit
22465,HANGING METAL STAR LANTERN,1958,1.530496894409938,2828.0799999999995,3.66,0,Medium Profit
22466,FAIRY TALE COTTAGE NIGHT LIGHT,912,1.9390243902439024,1717.1999999999998,3.87,5,Medium Profit
22466,FAIRY TALE COTTAGE NIGHTLIGHT,2016,1.9137681159420288,3352.7999999999997,3.65,0,Medium Profit
22467,GUMBALL COAT RACK,7652,2.498700173310225,17488.55,2.53,0,High Profit
22468,BABUSHKA LIGHTS STRING OF 10,467,6.758103448275863,3032.39,3.96,10,Medium Profit
22469,HEART OF WICKER SMALL,16768,1.6394279877425946,28217.089999999997,0.71,0,High Profit
22470,HEART OF WICKER LARGE,9577,2.956905055487053,28479.65,2.14,0,High Profit
22471,TV DINNER TRAY AIR HOSTESS ,359,4.3521875,1092.73,3.98,10,Medium Profit
22472,TV DINNER TRAY DOLLY GIRL,291,4.759,1224.17,3.99,10,Medium Profit
22473,TV DINNER TRAY VINTAGE PAISLEY,437,4.238607594936709,1239.39,3.96,10,Medium Profit
22474,SPACEBOY TV DINNER TRAY,244,4.597469879518073,1009.0400000000001,4.0,10,Medium Profit
22475,SKULL DESIGN TV DINNER TRAY,278,4.637272727272728,1211.1000000000001,4.0,10,Medium Profit
22476,EMPIRE UNION JACK TV DINNER TRAY,810,4.96025641025641,2145.8199999999997,3.89,5,Medium Profit
22477,WATERING CAN GARDEN MARKER,1280,1.2565714285714285,1765.6,3.8,0,Medium Profit
22478,BIRDHOUSE GARDEN MARKER ,1411,1.2560526315789473,1929.35,3.77,0,Medium Profit
22479,DAISY GARDEN MARKER,1078,1.2585185185185184,1513.1,3.84,0,Medium Profit
22480,RED TEA TOWEL CLASSIC DESIGN,612,1.2443283582089553,728.52,3.93,5,Low Profit
22481,BLACK TEA TOWEL CLASSIC DESIGN,692,1.0524418604651162,607.74,3.91,5,Low Profit
22482,BLUE TEA TOWEL CLASSIC DESIGN,448,1.2420833333333332,523.52,3.96,10,Low Profit
22483,RED GINGHAM TEDDY BEAR ,722,2.9813846153846155,2029.9800000000002,3.91,5,Medium Profit
22485,SET OF 2 WOODEN MARKET CRATES,462,12.629999999999999,5652.9,3.96,10,High Profit
22486,PLASMATRONIC LAMP,52,7.904000000000001,288.94,4.04,10,Low Profit
22487,WHITE WOOD GARDEN PLANT LADDER,723,9.769815303430079,6768.86,3.91,5,High Profit
22488,NATURAL SLATE RECTANGLE CHALKBOARD,2910,1.6542443729903538,4635.259999999999,3.47,0,Medium Profit
22489,PACK OF 12 TRADITIONAL CRAYONS,9313,0.4321495327102804,3754.47,2.19,0,Medium Profit
22491,PACK OF 12 COLOURED PENCILS,3898,0.8557920792079208,3120.64,3.27,0,Medium Profit
22492,MINI PAINT SET VINTAGE ,26076,0.656523076923077,16039.240000000002,0.1,0,High Profit
22493,PAINT YOUR OWN CANVAS SET,2352,1.7007865168539327,3737.2799999999997,3.58,0,Medium Profit
22494,EMERGENCY FIRST AID TIN ,890,1.3484873949579832,1102.64,3.87,5,Medium Profit
22495,SET OF 2 ROUND TINS CAMEMBERT ,241,2.5844615384615386,512.23,4.0,10,Low Profit
22496,SET OF 2 ROUND TINS DUTCH CHEESE,242,2.6682608695652177,474.14000000000004,4.0,10,Low Profit
22497,SET OF 2 TINS VINTAGE BATHROOM ,177,4.25,752.25,4.02,10,Low Profit
22498,WOODEN REGATTA BUNTING,228,5.95,1356.6000000000001,4.01,10,Medium Profit
22499,WOODEN UNION JACK BUNTING,1734,5.945016722408027,9928.83,3.71,0,High Profit
22500,SET OF 2 TINS JARDIN DE PROVENCE,235,4.122941176470588,826.5500000000001,4.0,10,Low Profit
22501,PICNIC BASKET WICKER LARGE,1192,9.778482490272372,10799.0,3.81,0,High Profit
22502,PICNIC BASKET WICKER 60 PIECES,61,649.5,39619.5,4.04,10,High Profit
22502,PICNIC BASKET WICKER SMALL,1424,5.809188034188034,7728.85,3.77,0,High Profit
22503,CABIN BAG VINTAGE PAISLEY,64,23.95,1279.2,4.04,10,Medium Profit
22504,CABIN BAG VINTAGE RETROSPOT,160,22.50897435897436,3012.4,4.02,10,Medium Profit
22505,MEMO BOARD COTTAGE DESIGN,1361,4.924393939393939,6286.39,3.78,0,High Profit
22507,MEMO BOARD RETROSPOT  DESIGN,2786,4.937327586206897,12411.02,3.5,0,High Profit
22508,DOORSTOP RETROSPOT HEART,1511,3.838093220338983,5919.46,3.75,0,High Profit
22509,SEWING BOX RETROSPOT DESIGN ,203,11.7625,1923.85,4.01,10,Medium Profit
22510,GINGHAM BABUSHKA DOORSTOP,209,2.4070731707317075,400.87,4.01,10,Low Profit
22511,RETROSPOT BABUSHKA DOORSTOP,245,2.3329166666666667,455.87,4.0,10,Low Profit
22512,DOORSTOP RACING CAR DESIGN,117,2.6490625,232.25,4.03,10,Low Profit
22513,DOORSTOP FOOTBALL DESIGN,134,3.780980392156863,404.98,4.02,10,Low Profit
22514,CHILDS GARDEN SPADE BLUE,260,2.0966666666666667,537.0,4.0,10,Low Profit
22515,CHILDS GARDEN SPADE PINK,237,2.096031746031746,488.70000000000005,4.0,10,Low Profit
22516,CHILDS GARDEN RAKE BLUE,170,2.094186046511628,348.00000000000006,4.02,10,Low Profit
22517,CHILDS GARDEN RAKE PINK,179,2.0953703703703703,366.90000000000003,4.02,10,Low Profit
22518,CHILDS GARDEN BRUSH BLUE,333,2.0824561403508772,663.3000000000001,3.99,10,Low Profit
22519,CHILDS GARDEN BRUSH PINK,370,2.0846153846153848,741.0000000000001,3.98,10,Low Profit
22520,CHILDS GARDEN TROWEL BLUE ,705,0.85,599.25,3.91,5,Low Profit
22521,CHILDS GARDEN TROWEL PINK,598,0.85,508.29999999999995,3.93,5,Low Profit
22522,CHILDS GARDEN FORK BLUE ,921,0.8489344262295081,757.89,3.87,5,Low Profit
22523,CHILDS GARDEN FORK PINK,843,0.85,716.55,3.88,5,Low Profit
22524,CHILDRENS GARDEN GLOVES BLUE,592,1.247121212121212,721.0,3.93,5,Low Profit
22525,CHILDRENS GARDEN GLOVES PINK,458,1.246346153846154,553.5,3.96,10,Low Profit
22526,WHEELBARROW FOR CHILDREN ,112,12.72313432835821,1406.4,4.03,10,Medium Profit
22529,MAGIC DRAWING SLATE GO TO THE FAIR ,814,0.4180327868852459,328.92,3.89,5,Low Profit
22530,MAGIC DRAWING SLATE DOLLY GIRL ,3511,0.4160655737704918,1430.7,3.35,0,Medium Profit
22531,MAGIC DRAWING SLATE CIRCUS PARADE  ,3291,0.4196341463414634,1347.66,3.4,0,Medium Profit
22532,MAGIC DRAWING SLATE LEAP FROG ,1063,0.4133823529411765,360.06,3.84,0,Low Profit
22533,MAGIC DRAWING SLATE BAKE A CAKE ,1740,0.41115384615384615,605.52,3.7,0,Low Profit
22534,MAGIC DRAWING SLATE SPACEBOY ,4331,0.41739130434782606,1735.5,3.19,0,Medium Profit
22535,MAGIC DRAWING SLATE BUNNIES ,1713,0.41481818181818175,630.1800000000001,3.71,0,Low Profit
22536,MAGIC DRAWING SLATE PURDEY,4718,0.41275862068965513,1780.92,3.11,0,Medium Profit
22537,MAGIC DRAWING SLATE DINOSAUR,1816,0.42,762.72,3.69,0,Low Profit
22538,MINI JIGSAW GO TO THE FAIR,386,0.41115384615384615,151.07999999999998,3.97,10,Low Profit
22539,MINI JIGSAW DOLLY GIRL,2821,0.403448275862069,1049.1499999999999,3.49,0,Medium Profit
22540,MINI JIGSAW CIRCUS PARADE ,2451,0.41215384615384615,915.78,3.56,0,Low Profit
22541,MINI JIGSAW LEAP FROG,465,0.4257142857142857,180.62,3.96,10,Low Profit
22543,MINI JIGSAW BAKE A CAKE ,1434,0.3758974358974359,515.77,3.77,0,Low Profit
22544,MINI JIGSAW SPACEBOY,4411,0.41056,1627.04,3.17,0,Medium Profit
22545,MINI JIGSAW BUNNIES,1088,0.4004255319148936,390.69,3.83,0,Low Profit
22546,MINI JIGSAW PURDEY,2064,0.39864406779661016,767.41,3.64,0,Low Profit
22547,MINI JIGSAW DINOSAUR ,738,0.43764705882352944,279.51,3.9,5,Low Profit
22548,HEADS AND TAILS SPORTING FUN,1871,1.2591758241758242,2095.46,3.68,0,Medium Profit
22549,PICTURE DOMINOES,2991,1.5166666666666666,4235.59,3.46,0,Medium Profit
22550,HOLIDAY FUN LUDO,1102,3.83,3810.71,3.83,0,Medium Profit
22551,PLASTERS IN TIN SPACEBOY,7656,1.6571672354948803,12138.599999999999,2.53,0,High Profit
22553,PLASTERS IN TIN SKULLS,4009,1.6464365256124722,6461.249999999999,3.25,0,High Profit
22554,PLASTERS IN TIN WOODLAND ANIMALS,7297,1.6501344537815126,11620.929999999998,2.6,0,High Profit
22555,PLASTERS IN TIN STRONGMAN,5874,1.6487719298245613,9444.14,2.88,0,High Profit
22556,PLASTERS IN TIN CIRCUS PARADE ,5947,1.6582732447817836,9588.71,2.87,0,High Profit
22557,PLASTERS IN TIN VINTAGE PAISLEY ,4564,1.6786298568507156,7331.839999999999,3.14,0,High Profit
22558,CLOTHES PEGS RETROSPOT PACK 24 ,8405,1.5957165109034268,12525.21,2.38,0,High Profit
22559,SEASIDE FLYING DISC,387,1.3643589743589744,472.77,3.97,10,Low Profit
22560,TRADITIONAL MODELLING CLAY,7990,1.272857142857143,9281.47,2.46,0,High Profit
22561,WOODEN SCHOOL COLOURING SET,5690,1.6562376237623762,9064.619999999999,2.92,0,High Profit
22562,MONSTERS STENCIL CRAFT,1390,1.2651052631578947,1710.42,3.77,0,Medium Profit
22563,HAPPY STENCIL CRAFT,2777,1.2560392156862745,3244.6000000000004,3.5,0,Medium Profit
22564,ALPHABET STENCIL CRAFT,2668,1.2604848484848483,2999.19,3.52,0,Medium Profit
22565,FELTCRAFT HAIRBANDS PINK AND WHITE ,817,0.921559633027523,711.6099999999999,3.89,5,Low Profit
22566,FELTCRAFT HAIRBAND PINK AND PURPLE,828,0.8951239669421488,716.28,3.89,5,Low Profit
22567,20 DOLLY PEGS RETROSPOT,2346,1.3523913043478262,3017.5,3.58,0,Medium Profit
22568,FELTCRAFT CUSHION OWL,3277,3.786205250596659,11756.8,3.4,0,High Profit
22569,FELTCRAFT CUSHION BUTTERFLY,2692,3.7369932432432433,9632.98,3.51,0,High Profit
22570,FELTCRAFT CUSHION RABBIT,3012,3.7371253822629966,10672.31,3.45,0,High Profit
22571,ROCKING HORSE RED CHRISTMAS ,2200,0.8463888888888889,1807.6,3.61,0,Medium Profit
22572,ROCKING HORSE GREEN CHRISTMAS ,1252,0.847984496124031,1039.24,3.8,0,Medium Profit
22573,STAR WOODEN CHRISTMAS DECORATION,2440,0.9087096774193548,2036.56,3.57,0,Medium Profit
22574,HEART WOODEN CHRISTMAS DECORATION,2121,0.8982389937106918,1851.99,3.63,0,Medium Profit
22575,METAL MERRY CHRISTMAS WREATH,619,1.9383116883116882,1154.25,3.93,5,Medium Profit
22576,SWALLOW WOODEN CHRISTMAS DECORATION,1418,0.8913178294573643,1217.78,3.77,0,Medium Profit
22577,WOODEN HEART CHRISTMAS SCANDINAVIAN,9782,0.4231941544885177,3415.8999999999996,2.1,0,Medium Profit
22578,WOODEN STAR CHRISTMAS SCANDINAVIAN,9628,0.37855875831485586,3164.0799999999995,2.13,0,Medium Profit
22579,WOODEN TREE CHRISTMAS SCANDINAVIAN,4805,0.40540069686411145,1664.2899999999997,3.09,0,Medium Profit
22580,ADVENT CALENDAR GINGHAM SACK,834,6.0849397590361445,4775.780000000001,3.89,5,Medium Profit
22581,WOOD STOCKING CHRISTMAS SCANDISPOT,1088,0.7408823529411764,704.02,3.83,0,Low Profit
22582,PACK OF 6 SWEETIE GIFT BOXES,1029,2.5691139240506327,2496.7599999999998,3.85,0,Medium Profit
22583,PACK OF 6 HANDBAG GIFT BOXES,528,2.55,1346.3999999999999,3.95,5,Medium Profit
22584,PACK OF 6 PANETTONE GIFT BOXES,226,2.69,513.91,4.01,10,Low Profit
22584,PACK OF 6 PANNETONE GIFT BOXES,2012,2.5715714285714286,4975.03,3.65,0,Medium Profit
22585,PACK OF 6 BIRDY GIFT TAGS,6051,1.259093655589124,7135.95,2.85,0,High Profit
22586,FELTCRAFT HAIRBAND PINK AND BLUE,796,0.85,676.5999999999999,3.89,5,Low Profit
22587,FELTCRAFT HAIRBAND RED AND BLUE,842,0.85,715.6999999999999,3.88,5,Low Profit
22588,CARD HOLDER GINGHAM HEART,602,2.9497037037037037,1724.42,3.93,5,Medium Profit
22589,CARDHOLDER GINGHAM STAR,323,3.1558620689655172,940.49,3.99,10,Low Profit
22591,CARDHOLDER GINGHAM CHRISTMAS TREE,374,3.7039682539682537,1250.84,3.98,10,Medium Profit
22592,CARDHOLDER HOLLY WREATH METAL,506,3.926153846153846,1886.08,3.95,5,Medium Profit
22593,CHRISTMAS GINGHAM STAR,2047,0.9094285714285714,1735.27,3.64,0,Medium Profit
22594,CHRISTMAS GINGHAM TREE,1744,0.9222222222222223,1480.06,3.7,0,Medium Profit
22595,CHRISTMAS GINGHAM HEART,552,0.8456666666666667,450.47999999999996,3.94,5,Low Profit
22595,GINGHAM HEART DECORATION,5951,0.86,4817.33,2.87,0,Medium Profit
22596,CHRISTMAS STAR WISH LIST CHALKBOARD,3264,1.1650210970464137,3535.2,3.4,0,Medium Profit
22597,CHRISTMAS MUSICAL ZINC HEART ,35,0.85,29.75,4.04,10,Low Profit
22597,MUSICAL ZINC HEART DECORATION ,2498,0.4867521367521367,943.64,3.55,0,Low Profit
22598,CHRISTMAS MUSICAL ZINC TREE,811,0.475,290.16999999999996,3.89,5,Low Profit
22599,CHRISTMAS MUSICAL ZINC STAR,1489,0.47901408450704225,528.2099999999999,3.75,0,Low Profit
22600,CHRISTMAS RETROSPOT STAR WOOD,1538,0.8924305555555555,1301.84,3.75,0,Medium Profit
22601,CHRISTMAS RETROSPOT ANGEL WOOD,2235,0.8987499999999999,1824.87,3.61,0,Medium Profit
22602,CHRISTMAS RETROSPOT HEART WOOD,110,0.85,93.5,4.03,10,Low Profit
22602,RETROSPOT WOODEN HEART DECORATION,1850,0.8615384615384615,1552.2199999999998,3.68,0,Medium Profit
22603,CHRISTMAS RETROSPOT TREE WOOD,1293,0.89,1088.1299999999999,3.79,0,Medium Profit
22604,SET OF 4 NAPKIN CHARMS CUTLERY,1171,2.535357142857143,2642.86,3.82,0,Medium Profit
22605,WOODEN CROQUET GARDEN SET,709,14.353443983402489,9555.98,3.91,5,High Profit
22606,WOODEN SKITTLES GARDEN SET,303,15.204135338345864,4304.849999999999,3.99,10,Medium Profit
22607,WOODEN ROUNDERS GARDEN SET ,1265,9.77453947368421,11561.34,3.8,0,High Profit
22608,PENS ASSORTED FUNKY JEWELED ,4897,0.20833333333333334,977.89,3.08,0,Low Profit
22609,PENS ASSORTED SPACEBALL,5564,0.27487394957983197,1206.2,2.94,0,Medium Profit
22610,PENS ASSORTED FUNNY FACE,9110,0.2294186046511628,2313.74,2.24,0,Medium Profit
22611,VINTAGE UNION JACK SHOPPING BAG,219,4.898780487804878,1016.85,4.01,10,Medium Profit
22613,PACK OF 20 SPACEBOY NAPKINS,1488,0.8474782608695651,1150.3799999999999,3.76,0,Medium Profit
22614,PACK OF 12 SPACEBOY TISSUES,2955,0.34630057803468206,960.6099999999999,3.46,0,Low Profit
22615,PACK OF 12 CIRCUS PARADE TISSUES ,2022,0.33347826086956517,617.8399999999999,3.65,0,Low Profit
22616,PACK OF 12 LONDON TISSUES ,25329,0.32581632653061227,7261.7699999999995,0.1,0,High Profit
22617,BAKING SET SPACEBOY DESIGN,2153,5.038665105386418,10210.890000000001,3.62,0,High Profit
22618,COOKING SET RETROSPOT,66,9.8916,621.66,4.04,10,Low Profit
22619,SET OF 6 SOLDIER SKITTLES,2290,3.869649122807018,8571.25,3.6,0,High Profit
22620,4 TRADITIONAL SPINNING TOPS,4486,1.4299191374663074,5952.83,3.16,0,High Profit
22621,TRADITIONAL KNITTING NANCY,5893,1.6412909441233139,9294.57,2.88,0,High Profit
22622,BOX OF VINTAGE ALPHABET BLOCKS,1295,11.122554112554113,13035.66,3.79,0,High Profit
22623,BOX OF VINTAGE JIGSAW BLOCKS ,918,5.82972602739726,5019.67,3.87,5,High Profit
22624,IVORY KITCHEN SCALES,1765,8.585887096774194,14638.73,3.7,0,High Profit
22625,RED KITCHEN SCALES,1469,8.441473214285715,11836.23,3.76,0,High Profit
22626,BLACK KITCHEN SCALES,501,8.507267759562842,4134.03,3.95,5,Medium Profit
22627,MINT KITCHEN SCALES,789,8.470526315789474,6574.29,3.89,5,High Profit
22628,PICNIC BOXES SET OF 3 RETROSPOT ,774,4.932352941176471,3607.3,3.9,5,Medium Profit
22629,SPACEBOY LUNCH BOX ,13908,1.9308744710860366,24673.14,1.28,0,High Profit
22630,DOLLY GIRL LUNCH BOX,11323,1.9508988764044946,20104.09,1.79,0,High Profit
22631,CIRCUS PARADE LUNCH BOX ,3371,1.93988416988417,6114.83,3.38,0,High Profit
22632,HAND WARMER RED POLKA DOT,120,1.8638888888888892,225.00000000000003,4.03,10,Low Profit
22632,HAND WARMER RED RETROSPOT,4268,2.0874425287356324,8513.52,3.2,0,High Profit
22633,HAND WARMER UNION JACK,4730,2.0825714285714287,9516.960000000001,3.11,0,High Profit
22634,CHILDS BREAKFAST SET SPACEBOY ,728,9.70951219512195,6652.0,3.91,5,High Profit
22635,CHILDS BREAKFAST SET DOLLY GIRL ,656,9.789779005524862,6053.049999999999,3.92,5,High Profit
22636,CHILDS BREAKFAST SET CIRCUS PARADE,565,8.425274725274726,4656.3,3.94,5,Medium Profit
22637,PIGGY BANK RETROSPOT ,2615,2.528091603053435,6298.37,3.53,0,High Profit
22638,SET OF 4 NAPKIN CHARMS CROWNS ,255,2.246052631578947,394.41999999999996,4.0,10,Low Profit
22639,SET OF 4 NAPKIN CHARMS HEARTS,762,2.4765384615384614,1730.82,3.9,5,Medium Profit
22640,SET OF 4 NAPKIN CHARMS 3 KEYS ,185,2.3797560975609753,341.66999999999996,4.01,10,Low Profit
22641,SET OF 4 NAPKIN CHARMS INSTRUMENT,112,2.4058333333333333,225.92,4.03,10,Low Profit
22642,SET OF 4 NAPKIN CHARMS STARS   ,253,2.2315555555555555,516.8,4.0,10,Low Profit
22643,SET OF 4 NAPKIN CHARMS LEAVES   ,183,2.0826666666666664,331.28999999999996,4.02,10,Low Profit
22644,CERAMIC CHERRY CAKE MONEY BANK,2043,1.3367021276595743,2315.73,3.64,0,Medium Profit
22645,CERAMIC HEART FAIRY CAKE MONEY BANK,1748,1.4098290598290597,2243.94,3.7,0,Medium Profit
22646,CERAMIC STRAWBERRY CAKE MONEY BANK,3919,1.3881560283687941,4745.3099999999995,3.27,0,Medium Profit
22647,CERAMIC LOVE HEART MONEY BANK,721,0.9299999999999999,429.84999999999997,3.91,5,Low Profit
22649,STRAWBERRY FAIRY CAKE TEAPOT,748,4.928658536585366,3638.9,3.9,5,Medium Profit
22650,CERAMIC PIRATE CHEST MONEY BANK,791,1.4424528301886792,1122.95,3.89,5,Medium Profit
22651,GENTLEMAN SHIRT REPAIR KIT ,1992,0.8942553191489362,1602.7199999999998,3.65,0,Medium Profit
22652,TRAVEL SEWING KIT,4859,1.6593702770780856,7779.11,3.08,0,High Profit
22653,BUTTON BOX ,1071,1.939090909090909,2020.71,3.84,0,Medium Profit
22654,DELUXE SEWING KIT ,1057,6.071434977578476,5968.67,3.84,0,High Profit
22655,VINTAGE RED KITCHEN CABINET,60,143.42105263157896,8125.0,4.04,10,High Profit
22656,VINTAGE BLUE KITCHEN CABINET,26,146.75,3685.0,4.05,10,Medium Profit
22659,LUNCH BOX I LOVE LONDON,11075,1.9266666666666665,19316.17,1.84,0,High Profit
22660,DOORMAT I LOVE LONDON,327,7.934782608695652,2157.33,3.99,10,Medium Profit
22661,CHARLOTTE BAG DOLLY GIRL DESIGN,5065,0.8455043227665706,4011.19,3.04,0,Medium Profit
22662,LUNCH BAG DOLLY GIRL DESIGN,6527,1.656006600660066,10330.99,2.75,0,High Profit
22663,JUMBO BAG DOLLY GIRL DESIGN,3096,2.0553312302839117,6006.33,3.43,0,High Profit
22664,TOY TIDY DOLLY GIRL DESIGN,642,2.1175490196078433,1178.18,3.92,5,Medium Profit
22665,RECIPE BOX BLUE SKETCHBOOK DESIGN,1218,2.9801298701298706,3422.0600000000004,3.81,0,Medium Profit
22666,RECIPE BOX PANTRY YELLOW DESIGN,7366,2.962523923444976,20838.620000000003,2.58,0,High Profit
22667,RECIPE BOX RETROSPOT ,2851,2.9214285714285717,7896.85,3.48,0,High Profit
22668,PINK BABY BUNTING,1954,2.974313725490196,5415.66,3.66,0,High Profit
22669,RED BABY BUNTING ,1027,2.9428143712574855,2969.65,3.85,0,Medium Profit
22670,FRENCH WC SIGN BLUE METAL,1753,1.2654761904761904,2192.74,3.7,0,Medium Profit
22671,FRENCH LAUNDRY SIGN BLUE METAL,918,1.7098058252427184,1463.6599999999999,3.87,5,Medium Profit
22672,FRENCH BATHROOM SIGN BLUE METAL,1382,1.65775,2227.62,3.78,0,Medium Profit
22673,FRENCH GARDEN SIGN BLUE METAL,769,1.2683783783783784,956.83,3.9,5,Low Profit
22674,FRENCH TOILET SIGN BLUE METAL,1270,1.2543537414965986,1531.71,3.8,0,Medium Profit
22675,FRENCH KITCHEN SIGN BLUE METAL,1173,1.30352,1420.14,3.82,0,Medium Profit
22676,FRENCH BLUE METAL DOOR SIGN 1,1038,1.2758695652173913,1301.14,3.84,0,Medium Profit
22677,FRENCH BLUE METAL DOOR SIGN 2,874,1.2601769911504426,1092.51,3.88,5,Medium Profit
22678,FRENCH BLUE METAL DOOR SIGN 3,750,1.2731372549019608,939.93,3.9,5,Low Profit
22679,FRENCH BLUE METAL DOOR SIGN 4,646,1.2759340659340659,809.32,3.92,5,Low Profit
22680,FRENCH BLUE METAL DOOR SIGN 5,743,1.2731372549019608,929.97,3.9,5,Low Profit
22681,FRENCH BLUE METAL DOOR SIGN 6,627,1.278433734939759,785.57,3.93,5,Low Profit
22682,FRENCH BLUE METAL DOOR SIGN 7,618,1.264375,773.11,3.93,5,Low Profit
22683,FRENCH BLUE METAL DOOR SIGN 8,575,1.2795,720.57,3.94,5,Low Profit
22684,FRENCH BLUE METAL DOOR SIGN 9,462,1.2489999999999999,576.9,3.96,10,Low Profit
22685,FRENCH BLUE METAL DOOR SIGN 0,543,1.249142857142857,678.15,3.94,5,Low Profit
22686,FRENCH BLUE METAL DOOR SIGN No,859,1.2554794520547945,997.2,3.88,5,Low Profit
22687,DOORMAT CHRISTMAS VILLAGE,568,8.836,2991.7,3.94,5,Medium Profit
22688,DOORMAT PEACE ON EARTH BLUE,700,7.9585185185185185,3442.04,3.91,5,Medium Profit
22689,DOORMAT MERRY CHRISTMAS RED ,614,8.764513274336283,4340.44,3.93,5,Medium Profit
22690,DOORMAT HOME SWEET HOME BLUE ,1595,7.8720610687022905,9619.99,3.73,0,High Profit
22691,DOORMAT WELCOME SUNRISE,343,7.94042105263158,2260.69,3.98,10,Medium Profit
22692,DOORMAT WELCOME TO OUR HOME,1376,7.915147928994084,9451.58,3.78,0,High Profit
22693,GROW A FLYTRAP OR SUNFLOWER IN TIN,15940,1.2353974895397488,17226.2,0.87,0,High Profit
22694,WICKER STAR ,1608,2.096753246753247,3328.8,3.73,0,Medium Profit
22695,WICKER WREATH SMALL,695,1.333469387755102,850.87,3.91,5,Low Profit
22696,WICKER WREATH LARGE,692,1.989375,1303.4599999999998,3.91,5,Medium Profit
22697,GREEN REGENCY TEACUP AND SAUCER,6406,2.942057142857143,17735.54,2.77,0,High Profit
22698,PINK REGENCY TEACUP AND SAUCER,5307,2.9347584973166367,14663.29,2.99,0,High Profit
22699,ROSES REGENCY TEACUP AND SAUCER ,9119,2.92314791403287,24827.25,2.23,0,High Profit
22700,BLACK AND WHITE DOG BOWL,1192,2.3668750000000003,2578.78,3.81,0,Medium Profit
22701,PINK DOG BOWL,436,2.240754716981132,613.24,3.96,10,Low Profit
22702,BLACK AND WHITE CAT BOWL,1357,1.7930232558139536,2661.8999999999996,3.78,0,Medium Profit
22703,PINK CAT BOWL,168,1.61,249.42000000000002,4.02,10,Low Profit
22704,WRAP RED APPLES ,5250,0.4190751445086705,2157.0,3.0,0,Medium Profit
22705,WRAP GREEN PEARS ,1875,0.42,787.5,3.68,0,Low Profit
22706,WRAP COWBOYS  ,2050,0.41884057971014493,845.0,3.64,0,Low Profit
22707,WRAP MONSTER FUN ,1250,0.42,525.0,3.8,0,Low Profit
22708,WRAP DOLLY GIRL,2775,0.41919191919191917,1149.5,3.5,0,Medium Profit
22709,WRAP WEDDING DAY,1325,0.41641025641025636,528.5,3.79,0,Low Profit
22710,WRAP I LOVE LONDON ,4425,0.41619999999999996,1742.5,3.17,0,Medium Profit
22711,WRAP CIRCUS PARADE,2827,0.4192,1171.34,3.49,0,Medium Profit
22712,CARD DOLLY GIRL ,4271,0.4355868544600939,1701.21,3.2,0,Medium Profit
22713,CARD I LOVE LONDON ,3249,0.42146666666666666,1286.92,3.4,0,Medium Profit
22714,CARD BIRTHDAY COWBOY,3367,0.4206451612903226,1324.8899999999999,3.38,0,Medium Profit
22715,CARD WEDDING DAY,1506,0.4181632653061224,615.24,3.75,0,Low Profit
22716,CARD CIRCUS PARADE,3076,0.4243457943925234,1267.23,3.44,0,Medium Profit
22717,CARD DOG AND BALL ,1170,0.41931034482758617,487.08,3.82,0,Low Profit
22718,CARD CAT AND TREE ,1536,0.4188461538461538,636.48,3.75,0,Low Profit
22719,GUMBALL MONOCHROME COAT RACK,463,1.1941176470588235,508.07000000000005,3.96,10,Low Profit
22720,SET OF 3 CAKE TINS PANTRY DESIGN ,7010,4.953637152777778,33298.3,2.65,0,High Profit
22721,SET OF 3 CAKE TINS SKETCHBOOK,908,4.831295546558704,3942.82,3.87,5,Medium Profit
22722,SET OF 6 SPICE TINS PANTRY DESIGN,5360,3.9169683257918555,20482.600000000002,2.98,0,High Profit
22723,SET OF 6 HERB TINS SKETCHBOOK,1054,3.7472268907563024,3686.1400000000003,3.84,0,Medium Profit
22725,ALARM CLOCK BAKELIKE CHOCOLATE,1772,3.8015384615384615,6559.26,3.7,0,High Profit
22726,ALARM CLOCK BAKELIKE GREEN,5630,3.7915809284818067,20839.15,2.93,0,High Profit
22727,ALARM CLOCK BAKELIKE RED ,7206,3.7669525959367944,25868.95,2.61,0,High Profit
22728,ALARM CLOCK BAKELIKE PINK,5066,3.7872697899838452,18539.09,3.04,0,High Profit
22729,ALARM CLOCK BAKELIKE ORANGE,2179,3.7664285714285715,7984.38,3.62,0,High Profit
22730,ALARM CLOCK BAKELIKE IVORY,2721,3.7555531914893616,10259.36,3.51,0,High Profit
22731,3D CHRISTMAS STAMPS STICKERS ,1075,1.350943396226415,1361.95,3.84,0,Medium Profit
22732,3D VINTAGE CHRISTMAS STICKERS ,1522,1.3437795275590552,1930.38,3.75,0,Medium Profit
22733,3D TRADITIONAL CHRISTMAS STICKERS,1471,1.3340277777777778,1882.31,3.76,0,Medium Profit
22734,SET OF 6 RIBBONS VINTAGE CHRISTMAS,2839,2.89165191740413,8040.27,3.49,0,High Profit
22735,RIBBON REEL SOCKS AND MITTENS,668,1.7409090909090907,1097.88,3.92,5,Medium Profit
22736,RIBBON REEL MAKING SNOWMEN ,1091,1.7242105263157894,1807.31,3.83,0,Medium Profit
22737,RIBBON REEL CHRISTMAS PRESENT ,1226,1.7367724867724867,2073.74,3.81,0,Medium Profit
22738,RIBBON REEL SNOWY VILLAGE,1991,1.6999435028248586,3193.03,3.65,0,Medium Profit
22739,RIBBON REEL CHRISTMAS SOCK BAUBLE,1571,1.7441062801932365,2676.39,3.74,0,Medium Profit
22740,POLKADOT PEN,6625,0.8451401869158878,5475.25,2.73,0,High Profit
22741,FUNKY DIVA PEN,8328,0.8541935483870968,7010.94,2.39,0,High Profit
22742,MAKE YOUR OWN PLAYTIME CARD KIT,624,2.6263636363636365,1236.24,3.93,5,Medium Profit
22743,MAKE YOUR OWN FLOWERPOWER CARD KIT,863,2.8079865771812083,2018.8100000000002,3.88,5,Medium Profit
22744,MAKE YOUR OWN MONSOON CARD KIT,830,2.689189189189189,1892.14,3.89,5,Medium Profit
22745,POPPY'S PLAYHOUSE BEDROOM ,1780,2.1152201257861636,3673.15,3.7,0,Medium Profit
22746,POPPY'S PLAYHOUSE LIVINGROOM ,1315,2.129130434782609,2724.6200000000003,3.79,0,Medium Profit
22747,POPPY'S PLAYHOUSE BATHROOM,876,2.0956140350877193,1794.6000000000001,3.88,5,Medium Profit
22748,POPPY'S PLAYHOUSE KITCHEN,1887,2.12621776504298,3916.9100000000003,3.68,0,Medium Profit
22749,FELTCRAFT PRINCESS CHARLOTTE DOLL,2210,3.7540686274509807,8022.76,3.61,0,High Profit
22750,FELTCRAFT PRINCESS LOLA DOLL,1945,3.7669291338582678,7095.69,3.66,0,High Profit
22751,FELTCRAFT PRINCESS OLIVIA DOLL,1511,3.7944268774703556,5434.85,3.75,0,High Profit
22752,SET 7 BABUSHKA NESTING BOXES,1651,8.403545150501671,12639.79,3.72,0,High Profit
22753,SMALL YELLOW BABUSHKA NOTEBOOK ,917,0.7711976047904191,613.78,3.87,5,Low Profit
22754,SMALL RED BABUSHKA NOTEBOOK ,1800,0.7683505154639175,1104.74,3.69,0,Medium Profit
22755,SMALL PURPLE BABUSHKA NOTEBOOK ,1574,0.7906666666666667,1010.2299999999999,3.74,0,Medium Profit
22756,LARGE YELLOW BABUSHKA NOTEBOOK ,554,1.1112903225806452,546.88,3.94,5,Low Profit
22757,LARGE RED BABUSHKA NOTEBOOK ,1008,1.1206194690265487,949.21,3.85,0,Low Profit
22758,LARGE PURPLE BABUSHKA NOTEBOOK  ,1120,1.115625,939.52,3.83,0,Low Profit
22759,SET OF 3 NOTEBOOKS IN PARCEL,5197,1.688532110091743,8267.25,3.02,0,High Profit
22760,"TRAY, BREAKFAST IN BED",259,12.504545454545454,3089.85,4.0,10,Medium Profit
22761,CHEST 7 DRAWER MA CAMPAGNE,34,24.575,821.3,4.04,10,Low Profit
22762,CUPBOARD 3 DRAWER MA CAMPAGNE,145,14.772988505747126,2070.95,4.02,10,Medium Profit
22763,KEY CABINET MA CAMPAGNE,190,9.903225806451612,1855.6999999999998,4.01,10,Medium Profit
22764,"RUSTIC WOODEN CABINET, GLASS DOORS",3,24.95,74.85,4.05,10,Low Profit
22765,NEWSPAPER STAND,25,13.263333333333334,257.37,4.05,10,Low Profit
22766,PHOTO FRAME CORNICE,3176,2.955098468271335,9277.28,3.42,0,High Profit
22767,TRIPLE PHOTO FRAME CORNICE ,761,9.849230769230768,6932.83,3.9,5,High Profit
22768,FAMILY PHOTO FRAME CORNICE,836,9.909401709401708,7636.889999999999,3.89,5,High Profit
22769,CHALKBOARD KITCHEN ORGANISER,6,23.95,137.7,4.05,10,Low Profit
22770,MIRROR CORNICE,83,14.909999999999998,1223.25,4.04,10,Medium Profit
22771,CLEAR DRAWER KNOB ACRYLIC EDWARDIAN,5657,1.2447400611620794,6803.17,2.92,0,High Profit
22772,PINK DRAWER KNOB ACRYLIC EDWARDIAN,3269,1.2471345029239767,3831.72,3.4,0,Medium Profit
22773,GREEN DRAWER KNOB ACRYLIC EDWARDIAN,1840,1.2489261744966442,2227.52,3.68,0,Medium Profit
22774,RED DRAWER KNOB ACRYLIC EDWARDIAN,1983,1.238673469387755,2292.27,3.66,0,Medium Profit
22775,PURPLE DRAWERKNOB ACRYLIC EDWARDIAN,2492,1.25751677852349,3017.37,3.55,0,Medium Profit
22776,"CAKESTAND, 3 TIER, LOVEHEART",2,9.95,19.9,4.05,10,Low Profit
22776,SWEETHEART 3 TIER CAKE STAND ,222,9.92642276422764,2174.1,4.01,10,Medium Profit
22776,SWEETHEART CAKESTAND 3 TIER,891,9.83435582822086,8366.65,3.87,5,High Profit
22777,GLASS BELL JAR LARGE,2,8.5,17.0,4.05,10,Low Profit
22777,GLASS CLOCHE LARGE,329,8.334146341463414,2581.4500000000003,3.99,10,Medium Profit
22778,GLASS BELL JAR SMALL,4,3.95,15.8,4.05,10,Low Profit
22778,GLASS CLOCHE SMALL,753,3.8692792792792794,2727.95,3.9,5,Medium Profit
22779,WOODEN OWLS LIGHT GARLAND ,1532,4.18261744966443,5768.6,3.75,0,High Profit
22780,LIGHT GARLAND BUTTERFILES PINK,1340,4.1843939393939396,5018.84,3.78,0,High Profit
22781,GUMBALL MAGAZINE RACK,532,7.702687500000001,3909.1400000000003,3.95,5,Medium Profit
22782,SET 3 WICKER STORAGE BASKETS ,241,19.355405405405406,3399.95,4.0,10,Medium Profit
22783,SET 3 WICKER OVAL BASKETS W LIDS,462,13.858125,5922.12,3.96,10,High Profit
22784,LANTERN CREAM GAZEBO ,1205,4.981178707224334,5676.87,3.81,0,High Profit
22785,SQUARECUSHION COVER PINK UNION FLAG,62,6.718,415.3,4.04,10,Low Profit
22785,SQUARECUSHION COVER PINK UNION JACK,150,6.103793103448275,382.14,4.02,10,Low Profit
22786,CUSHION COVER PINK UNION JACK,108,5.934864864864865,576.64,4.03,10,Low Profit
22788,BROCANTE COAT RACK,205,9.81804347826087,1734.05,4.01,10,Medium Profit
22789,T-LIGHT HOLDER SWEETHEART HANGING,822,1.9896850393700787,1574.6399999999999,3.89,5,Medium Profit
22791,T-LIGHT GLASS FLUTED ANTIQUE,7264,1.23360153256705,8288.890000000001,2.6,0,High Profit
22792,FLUTED ANTIQUE CANDLE HOLDER,2289,0.865234375,1867.9099999999999,3.6,0,Medium Profit
22794,SWEETHEART WIRE MAGAZINE RACK,300,7.94235668789809,2373.0,3.99,10,Medium Profit
22795,SWEETHEART RECIPE BOOK STAND,1098,6.686551724137931,7077.900000000001,3.83,0,High Profit
22796,PHOTO FRAME 3 CLASSIC HANGING,552,9.895794392523364,5357.549999999999,3.94,5,High Profit
22797,CHEST OF DRAWERS GINGHAM HEART ,146,17.080886075949365,2459.04,4.02,10,Medium Profit
22798,ANTIQUE GLASS DRESSING TABLE POT,1642,2.9761702127659575,4684.06,3.72,0,Medium Profit
22799,SWEETHEART WIRE FRUIT BOWL,197,8.127215189873418,1489.3,4.01,10,Medium Profit
22800,ANTIQUE TALL SWIRLGLASS TRINKET POT,764,3.7959420289855075,2813.38,3.9,5,Medium Profit
22801,ANTIQUE GLASS PEDESTAL BOWL,887,3.764601226993865,3212.1,3.87,5,Medium Profit
22802,FAUX FUR CHOCOLATE THROW,65,18.008823529411764,1035.75,4.04,10,Medium Profit
22803,IVORY EMBROIDERED QUILT ,46,38.102000000000004,1715.9,4.04,10,Medium Profit
22804,CANDLEHOLDER PINK HANGING HEART,2035,2.941034482758621,5739.33,3.65,0,High Profit
22804,PINK HANGING HEART T-LIGHT HOLDER,823,3.186060606060606,1476.13,3.89,5,Medium Profit
22805,BLUE DRAWER KNOB ACRYLIC EDWARDIAN,1560,1.2453278688524592,1906.68,3.74,0,Medium Profit
22806,SET OF 6 T-LIGHTS WEDDING CAKE ,243,2.632142857142857,595.6500000000001,4.0,10,Low Profit
22807,SET OF 6 T-LIGHTS TOADSTOOLS,669,2.79348623853211,1786.1900000000003,3.92,5,Medium Profit
22808,SET OF 6 T-LIGHTS EASTER CHICKS,320,2.855555555555556,899.8000000000002,3.99,10,Low Profit
22809,SET OF 6 T-LIGHTS SANTA,1184,3.128742857142857,3476.36,3.82,0,Medium Profit
22810,SET OF 6 T-LIGHTS SNOWMEN,900,3.1647826086956523,2768.48,3.87,5,Medium Profit
22811,SET OF 6 T-LIGHTS CACTI ,775,3.0098214285714286,1987.9299999999998,3.9,5,Medium Profit
22812,PACK 3 BOXES CHRISTMAS PANETTONE,39,2.495,95.67,4.04,10,Low Profit
22812,PACK 3 BOXES CHRISTMAS PANNETONE,1531,2.106315789473684,2867.1499999999996,3.75,0,Medium Profit
22813,PACK 3 BOXES BIRD PANETTONE ,177,2.551428571428571,340.33,4.02,10,Low Profit
22813,PACK 3 BOXES BIRD PANNETONE ,2088,2.012857142857143,3862.9999999999995,3.64,0,Medium Profit
22814,CARD PARTY GAMES ,1569,0.4168421052631579,628.74,3.74,0,Low Profit
22815,CARD PSYCHEDELIC APPLES,1798,0.4184070796460177,742.2,3.69,0,Low Profit
22816,CARD MOTORBIKE SANTA,3402,0.41830508474576267,1405.08,3.37,0,Medium Profit
22817,CARD SUKI BIRTHDAY,1858,0.4180952380952381,763.08,3.68,0,Low Profit
22818,CARD CHRISTMAS VILLAGE,3138,0.4192592592592593,1309.32,3.43,0,Medium Profit
22819,"BIRTHDAY CARD, RETRO SPOT",1848,0.41857142857142854,758.88,3.68,0,Low Profit
22820,GIFT BAG BIRTHDAY,761,0.653913043478261,494.83000000000004,3.9,5,Low Profit
22821,GIFT BAG PSYCHEDELIC APPLES,822,0.6554545454545454,534.6600000000001,3.89,5,Low Profit
22822,CREAM WALL PLANTER HEART SHAPED,416,5.9465972222222225,2396.71,3.97,10,Medium Profit
22823,CHEST NATURAL WOOD 20 DRAWERS,24,118.07692307692308,2745.0,4.05,10,Medium Profit
22824,3 TIER SWEETHEART GARDEN SHELF,55,35.67093023255814,1938.2500000000002,4.04,10,Medium Profit
22825,DECORATIVE PLANT POT WITH FRIEZE,70,7.902,544.5,4.04,10,Low Profit
22826,LOVE SEAT ANTIQUE WHITE METAL,58,114.02439024390245,6210.0,4.04,10,High Profit
22827,RUSTIC  SEVENTEEN DRAWER SIDEBOARD,35,158.07692307692307,5415.0,4.04,10,High Profit
22828,REGENCY MIRROR WITH SHUTTERS,10,156.42857142857142,1530.0,4.05,10,Medium Profit
22829,SWEETHEART WIRE WALL TIDY,213,9.860309278350515,2046.85,4.01,10,Medium Profit
22830,UTILTY CABINET WITH HOOKS,131,21.771666666666665,2610.29,4.03,10,Medium Profit
22831,WHITE BROCANTE SOAP DISH,684,2.9462264150943396,1960.2000000000003,3.92,5,Medium Profit
22832,BROCANTE SHELF WITH HOOKS,155,10.726811594202898,1645.45,4.02,10,Medium Profit
22833,HALL CABINET WITH 3 DRAWERS,75,45.635000000000005,2503.5299999999997,4.04,10,Medium Profit
22834,HAND WARMER BABUSHKA DESIGN,4604,1.8825255972696247,6118.43,3.13,0,High Profit
22835,HOT WATER BOTTLE I AM SO POORLY,2939,4.8586390532544375,13685.130000000001,3.47,0,High Profit
22837,HOT WATER BOTTLE BABUSHKA ,983,4.620149253731343,4437.35,3.86,5,Medium Profit
22837,HOT WATER BOTTLE BABUSHKA LARGE,8,4.65,37.2,4.05,10,Low Profit
22838,3 TIER CAKE TIN RED AND CREAM,652,14.75470588235294,8737.78,3.92,5,High Profit
22839,3 TIER CAKE TIN GREEN AND CREAM,362,14.93992700729927,4924.66,3.98,10,Medium Profit
22840,ROUND CAKE TIN VINTAGE RED,888,7.92104,6576.88,3.87,5,High Profit
22841,ROUND CAKE TIN VINTAGE GREEN,515,7.958844221105528,3887.53,3.95,5,Medium Profit
22842,BISCUIT TIN VINTAGE RED,572,6.640410958904109,3609.8,3.94,5,Medium Profit
22843,BISCUIT TIN VINTAGE GREEN,433,6.693684210526317,2685.13,3.97,10,Medium Profit
22844,VINTAGE CREAM DOG FOOD CONTAINER,823,8.53778156996587,6753.85,3.89,5,High Profit
22845,VINTAGE CREAM CAT FOOD CONTAINER,703,6.380550847457627,4201.74,3.91,5,Medium Profit
22846,BREAD BIN DINER STYLE RED ,626,16.34538152610442,9597.31,3.93,5,High Profit
22847,BREAD BIN DINER STYLE IVORY,847,16.527947214076246,13131.89,3.88,5,High Profit
22847,"BREAD BIN, DINER STYLE, IVORY",4,14.95,59.8,4.05,10,Low Profit
22848,BREAD BIN DINER STYLE PINK,301,16.20882882882883,4581.4,3.99,10,Medium Profit
22849,BREAD BIN DINER STYLE MINT,302,16.26084745762712,4612.66,3.99,10,Medium Profit
22849,"BREAD BIN, DINER STYLE, MINT",4,14.95,59.8,4.05,10,Low Profit
22851,SET 20 NAPKINS FAIRY CAKES DESIGN ,2601,0.863448275862069,2141.43,3.53,0,Medium Profit
22852,DOG BOWL VINTAGE CREAM,354,4.248796296296296,1507.92,3.98,10,Medium Profit
22853,CAT BOWL VINTAGE CREAM,431,3.247029702970297,1396.95,3.97,10,Medium Profit
22854,CREAM SWEETHEART EGG HOLDER,750,4.917114093959731,3547.3,3.9,5,Medium Profit
22855,FINE WICKER HEART ,2506,1.2351396648044692,2982.02,3.55,0,Medium Profit
22856,ASSORTED EASTER DECORATIONS  BELLS,564,1.2413636363636362,650.28,3.94,5,Low Profit
22857,ASSORTED EASTER GIFT TAGS,1142,0.8455172413793103,933.26,3.82,0,Low Profit
22858,EASTER TIN KEEPSAKE,1078,1.6445945945945943,1713.8999999999999,3.84,0,Medium Profit
22859,EASTER TIN BUNNY BOUQUET,1144,1.6453488372093024,1822.7999999999997,3.82,0,Medium Profit
22860,EASTER TIN CHICKS PINK DAISY,560,1.65,923.9999999999999,3.94,5,Low Profit
22861,EASTER TIN CHICKS IN GARDEN,292,1.65,481.79999999999995,3.99,10,Low Profit
22862,LOVE HEART NAPKIN BOX ,139,4.25,590.75,4.02,10,Low Profit
22863,SOAP DISH BROCANTE,691,2.928494623655914,1942.45,3.91,5,Medium Profit
22865,HAND WARMER OWL DESIGN,8056,2.1128938356164384,16113.730000000001,2.45,0,High Profit
22866,HAND WARMER SCOTTY DOG DESIGN,6097,2.088904958677686,12204.660000000002,2.84,0,High Profit
22867,HAND WARMER BIRD DESIGN,5993,2.1101871101871104,12064.630000000001,2.86,0,High Profit
22868,NUMBER TILE COTTAGE GARDEN 0 ,53,1.95,103.35,4.04,10,Low Profit
22869,NUMBER TILE COTTAGE GARDEN 1,69,1.95,134.54999999999998,4.04,10,Low Profit
22870,NUMBER TILE COTTAGE GARDEN 2,66,1.95,128.7,4.04,10,Low Profit
22871,NUMBER TILE COTTAGE GARDEN 3 ,52,1.95,101.39999999999999,4.04,10,Low Profit
22872,NUMBER TILE COTTAGE GARDEN 4,55,1.9499999999999997,107.25,4.04,10,Low Profit
22873,NUMBER TILE COTTAGE GARDEN 5,47,1.9499999999999997,91.64999999999999,4.04,10,Low Profit
22874,NUMBER TILE COTTAGE GARDEN 6,54,1.95,105.3,4.04,10,Low Profit
22875,NUMBER TILE COTTAGE GARDEN 7,51,1.95,99.45,4.04,10,Low Profit
22876,NUMBER TILE COTTAGE GARDEN 8,52,1.95,101.39999999999999,4.04,10,Low Profit
22877,NUMBER TILE COTTAGE GARDEN 9,56,1.9499999999999997,109.2,4.04,10,Low Profit
22878,NUMBER TILE COTTAGE GARDEN No,52,2.1,109.2,4.04,10,Low Profit
22879,NUMBER TILE VINTAGE FONT 0,62,1.595,69.34,4.04,10,Low Profit
22880,NUMBER TILE VINTAGE FONT 1,70,1.6918181818181817,84.94,4.04,10,Low Profit
22881,NUMBER TILE VINTAGE FONT 2,79,1.7315384615384615,102.49,4.04,10,Low Profit
22882,NUMBER TILE VINTAGE FONT 3,83,1.8079999999999998,110.28999999999999,4.04,10,Low Profit
22883,NUMBER TILE VINTAGE FONT 4,78,1.6918181818181817,100.53999999999999,4.04,10,Low Profit
22884,NUMBER TILE VINTAGE FONT 5,75,1.7725,94.69,4.04,10,Low Profit
22885,NUMBER TILE VINTAGE FONT 6 ,79,1.7133333333333332,102.49,4.04,10,Low Profit
22886,NUMBER TILE VINTAGE FONT 7,74,1.7315384615384615,92.74,4.04,10,Low Profit
22887,NUMBER TILE VINTAGE FONT 8,66,1.6918181818181817,77.14,4.04,10,Low Profit
22888,NUMBER TILE VINTAGE FONT 9 ,63,1.595,71.28999999999999,4.04,10,Low Profit
22889,NUMBER TILE VINTAGE FONT No ,143,1.7242857142857144,156.18,4.02,10,Low Profit
22890,NOVELTY BISCUITS CAKE STAND 3 TIER,360,10.00847222222222,3445.4199999999996,3.98,10,Medium Profit
22891,TEA FOR ONE POLKADOT,341,4.628846153846154,1502.01,3.98,10,Medium Profit
22892,SET OF SALT AND PEPPER TOADSTOOLS,2455,1.2451530612244899,3000.35,3.56,0,Medium Profit
22893,MINI CAKE STAND T-LIGHT HOLDER,1464,0.41727272727272724,591.84,3.76,0,Low Profit
22894,TABLECLOTH RED APPLES DESIGN ,291,9.696363636363635,2821.95,3.99,10,Medium Profit
22895,SET OF 2 TEA TOWELS APPLE AND PEARS,1975,3.1868333333333334,5839.59,3.66,0,High Profit
22896,PEG BAG APPLE DESIGN,100,2.1,210.0,4.03,10,Low Profit
22896,PEG BAG APPLES DESIGN,1390,2.5948648648648645,3336.37,3.77,0,Medium Profit
22897,OVEN MITT APPLES DESIGN,1296,1.549421965317919,1847.76,3.79,0,Medium Profit
22898,CHILDRENS APRON APPLES DESIGN,2189,1.946774193548387,4097.45,3.62,0,Medium Profit
22899,CHILDREN'S APRON DOLLY GIRL ,1981,2.1264367816091956,3984.78,3.66,0,Medium Profit
22900, SET 2 TEA TOWELS I LOVE LONDON ,2621,3.0300507614213203,7190.95,3.53,0,High Profit
22900,SET 2 TEA TOWELS I LOVE LONDON ,1947,3.2240331491712704,5839.75,3.66,0,High Profit
22902,TOTE BAG I LOVE LONDON,1204,2.052021276595745,2289.78,3.81,0,Medium Profit
22903,CALENDAR FAMILY FAVOURITES,153,2.7590625,427.43,4.02,10,Low Profit
22904,CALENDAR PAPER CUT DESIGN,1764,2.977510548523207,5060.84,3.7,0,High Profit
22905,CALENDAR IN SEASON DESIGN,477,2.7483823529411766,1222.54,3.96,10,Medium Profit
22906,12 MESSAGE CARDS WITH ENVELOPES,1621,1.6417525773195876,2578.6499999999996,3.73,0,Medium Profit
22907,PACK OF 20 NAPKINS PANTRY DESIGN,6088,0.8506498194945848,4954.42,2.84,0,Medium Profit
22908,PACK OF 20 NAPKINS RED APPLES,4229,0.84778125,3326.39,3.21,0,Medium Profit
22909,SET OF 20 VINTAGE CHRISTMAS NAPKINS,8111,0.8453585657370518,6520.91,2.43,0,High Profit
22910,PAPER CHAIN KIT VINTAGE CHRISTMAS,9423,2.9364022662889515,25639.77,2.17,0,High Profit
22911,PAPER CHAIN KIT LONDON,437,2.975185185185185,1243.99,3.96,10,Medium Profit
22912,YELLOW COAT RACK PARIS FASHION,270,4.9326373626373625,1222.74,4.0,10,Medium Profit
22913,RED COAT RACK PARIS FASHION,327,4.926,1479.69,3.99,10,Medium Profit
22914,BLUE COAT RACK PARIS FASHION,427,4.933111111111112,1974.69,3.97,10,Medium Profit
22915,ASSORTED BOTTLE TOP  MAGNETS ,2928,0.39932835820895524,1104.36,3.47,0,Medium Profit
22916,HERB MARKER THYME,1816,0.649476439790576,1168.4,3.69,0,Medium Profit
22917,HERB MARKER ROSEMARY,1851,0.649476439790576,1191.15,3.68,0,Medium Profit
22918,HERB MARKER PARSLEY,1771,0.6489473684210527,1119.15,3.7,0,Medium Profit
22919,HERB MARKER MINT,1665,0.6494845360824743,1070.25,3.72,0,Medium Profit
22920,HERB MARKER BASIL,3325,0.6489473684210527,1997.7500000000002,3.39,0,Medium Profit
22921,HERB MARKER CHIVES ,1643,0.6494011976047904,1055.95,3.72,0,Medium Profit
22922,FRIDGE MAGNETS US DINER ASSORTED,1482,0.8563636363636363,1226.3999999999999,3.76,0,Medium Profit
22923,FRIDGE MAGNETS LES ENFANTS ASSORTED,1269,0.8448,1031.85,3.8,0,Medium Profit
22924,FRIDGE MAGNETS LA VIE EN ROSE,1170,0.8464864864864865,963.3,3.82,0,Low Profit
22925,BLUE GIANT GARDEN THERMOMETER,426,5.9838036809815955,2511.7200000000003,3.97,10,Medium Profit
22926,IVORY GIANT GARDEN THERMOMETER,566,5.939071038251367,3295.7000000000003,3.94,5,Medium Profit
22927,GREEN GIANT GARDEN THERMOMETER,395,5.934496124031008,2278.25,3.97,10,Medium Profit
22928,YELLOW GIANT GARDEN THERMOMETER,251,6.382499999999999,1535.5700000000002,4.0,10,Medium Profit
22929,SCHOOL DESK AND CHAIR ,19,63.91538461538461,1199.75,4.05,10,Medium Profit
22930,BAKING MOULD HEART MILK CHOCOLATE,1040,2.5655479452054792,2513.12,3.84,0,Medium Profit
22931,BAKING MOULD HEART WHITE CHOCOLATE,792,2.5514414414414412,1873.51,3.89,5,Medium Profit
22932,BAKING MOULD TOFFEE CUP  CHOCOLATE,6,2.55,15.299999999999999,4.05,10,Low Profit
22932,BAKING MOULD TOFFEE CUP CHOCOLATE,866,2.5,1935.6000000000001,3.88,5,Medium Profit
22933,BAKING MOULD EASTER EGG MILK CHOC,876,2.922826086956522,2272.2000000000003,3.88,5,Medium Profit
22934,BAKING MOULD EASTER EGG WHITE CHOC,560,2.9152173913043478,1527.2,3.94,5,Medium Profit
22935,BAKING MOULD ROSE MILK CHOCOLATE,673,3.1634615384615383,1964.25,3.92,5,Medium Profit
22936,BAKING MOULD ROSE WHITE CHOCOLATE,258,3.3037142857142854,766.88,4.0,10,Low Profit
22937,BAKING MOULD CHOCOLATE CUP CAKES,12,2.55,30.599999999999998,4.05,10,Low Profit
22937,BAKING MOULD CHOCOLATE CUPCAKES,915,2.6142647058823525,2358.89,3.87,5,Medium Profit
22937,BAKING MOULD CUPCAKE CHOCOLATE,12,2.55,30.599999999999998,4.05,10,Low Profit
22938,CUPCAKE LACE PAPER SET 6,2321,1.9417441860465117,4355.33,3.59,0,Medium Profit
22939,ADULT APRON APPLE DELIGHT,179,5.8085,891.9300000000001,4.02,10,Low Profit
22939,APRON APPLE DELIGHT,267,4.938709677419355,1286.65,4.0,10,Medium Profit
22940,FELTCRAFT CHRISTMAS FAIRY,1881,4.353571428571429,7658.93,3.68,0,High Profit
22941,CHRISTMAS LIGHTS 10 REINDEER,1570,8.447233201581028,12133.0,3.74,0,High Profit
22942,CHRISTMAS LIGHTS 10 SANTAS ,580,7.437786259541985,4100.25,3.94,5,Medium Profit
22943,CHRISTMAS LIGHTS 10 VINTAGE BAUBLES,1274,4.97062893081761,5939.280000000001,3.8,0,High Profit
22944,CHRISTMAS METAL POSTCARD WITH BELLS,2704,0.519,1125.94,3.51,0,Medium Profit
22945,CHRISTMAS METAL TAGS ASSORTED ,2857,0.8922302158273381,2395.93,3.48,0,Medium Profit
22946,WOODEN ADVENT CALENDAR CREAM,369,16.319444444444443,5323.05,3.98,10,High Profit
22947,WOODEN ADVENT CALENDAR RED,536,10.323076923076922,5047.6,3.94,5,High Profit
22948,METAL DECORATION NAUGHTY CHILDREN ,1454,0.9241346153846154,1284.86,3.76,0,Medium Profit
22949,36 DOILIES DOLLY GIRL,893,1.45,1294.85,3.87,5,Medium Profit
22949,SET OF 36 DOLLY GIRL PAPER DOILIES,42,1.45,60.9,4.04,10,Low Profit
22950,36 DOILIES VINTAGE CHRISTMAS,5152,1.4362499999999998,7004.799999999999,3.02,0,High Profit
22950,SET OF 36 VINTAGE CHRISTMAS DOILIES,27,1.45,39.15,4.05,10,Low Profit
22951,60 CAKE CASES DOLLY GIRL DESIGN,7211,0.5632033426183845,3735.61,2.61,0,Medium Profit
22952,60 CAKE CASES VINTAGE CHRISTMAS,14712,0.5424008350730689,7405.200000000001,1.12,0,High Profit
22952,72 CAKE CASES VINTAGE CHRISTMAS,24,0.55,13.200000000000001,4.05,10,Low Profit
22953,BIRTHDAY BANNER TAPE,24,1.25,30.0,4.05,10,Low Profit
22953,BIRTHDAY PARTY CORDON BARRIER TAPE,436,1.2795121951219512,548.63,3.96,10,Low Profit
22954,HEN PARTY CORDON BARRIER TAPE,160,1.25,200.0,4.02,10,Low Profit
22955,36 FOIL STAR CAKE CASES ,997,2.0110185185185183,1912.3400000000001,3.85,5,Medium Profit
22956,36 FOIL HEART CAKE CASES,1998,2.0497109826589597,3814.3700000000003,3.65,0,Medium Profit
22957,SET 3 PAPER VINTAGE CHICK PAPER EGG,1746,2.92979797979798,4872.3,3.7,0,Medium Profit
22959,WRAP CHRISTMAS VILLAGE,4876,0.4184285714285714,2003.92,3.08,0,Medium Profit
22960,JAM MAKING SET WITH JARS,8140,4.18311717861206,32616.22,2.43,0,High Profit
22961,JAM MAKING SET PRINTED,15039,1.4717126436781607,21147.55,1.05,0,High Profit
22962,JAM JAR WITH PINK LID,3675,0.8457723577235773,2947.47,3.32,0,Medium Profit
22963,JAM JAR WITH BLUE LID,24,0.72,17.28,4.05,10,Low Profit
22963,JAM JAR WITH GREEN LID,3046,0.8456459330143541,2433.88,3.44,0,Medium Profit
22964,3 PIECE SPACEBOY COOKIE CUTTER SET,2510,2.134046822742475,5026.240000000001,3.55,0,High Profit
22965,3 TRADITIONAL COOKIE CUTTERS  SET,162,2.0375,304.20000000000005,4.02,10,Low Profit
22965,3 TRADITIONAl BISCUIT CUTTERS  SET,1154,2.127536945812808,2418.0200000000004,3.82,0,Medium Profit
22966,GINGERBREAD MAN COOKIE CUTTER,7196,1.2614159292035398,8615.130000000001,2.62,0,High Profit
22967,SET 3 SONG BIRD PAPER EGGS ASSORTED,1159,2.9286259541984734,3224.65,3.82,0,Medium Profit
22968,ROSE COTTAGE KEEPSAKE BOX ,728,9.718402777777776,6565.0,3.91,5,High Profit
22969,HOMEMADE JAM SCENTED CANDLES,12080,1.4507335907335908,17504.2,1.64,0,High Profit
22970,LONDON BUS COFFEE MUG,4213,2.4917266187050355,9582.15,3.21,0,High Profit
22971,QUEENS GUARD COFFEE MUG,2365,2.5219574468085106,5603.57,3.58,0,High Profit
22972,CHILDREN'S SPACEBOY MUG,1688,1.6535754189944134,2746.1599999999994,3.72,0,Medium Profit
22972,CHILDRENS SPACEBOY MUG,24,1.65,39.599999999999994,4.05,10,Low Profit
22973,CHILDREN'S CIRCUS PARADE MUG,1186,1.6723423423423422,1914.5799999999997,3.82,0,Medium Profit
22974,CHILDRENS DOLLY GIRL MUG,1514,1.6864556962025314,2443.14,3.75,0,Medium Profit
22975,SPACEBOY CHILDRENS EGG CUP,1118,1.2752083333333333,1405.97,3.83,0,Medium Profit
22976,CIRCUS PARADE CHILDRENS EGG CUP ,1022,1.26070796460177,1282.34,3.85,0,Medium Profit
22977,DOLLY GIRL CHILDRENS EGG CUP,904,1.2608035714285715,1131.21,3.87,5,Medium Profit
22978,PANTRY ROLLING PIN,2406,3.752284263959391,9180.529999999999,3.57,0,High Profit
22979,PANTRY WASHING UP BRUSH,3913,1.4965686274509804,5785.71,3.27,0,High Profit
22980,PANTRY SCRUBBING BRUSH,2286,1.674590163934426,3656.9399999999996,3.6,0,Medium Profit
22981,PANTRY APPLE CORER,435,1.4473333333333334,601.9499999999999,3.96,10,Low Profit
22982,PANTRY PASTRY BRUSH,1044,1.3150000000000002,1307.05,3.84,0,Medium Profit
22983,CARD BILLBOARD FONT,5026,0.42737951807228913,2067.75,3.05,0,Medium Profit
22984,CARD GINGHAM ROSE ,2654,0.42157142857142854,1063.66,3.52,0,Medium Profit
22985,WRAP BILLBOARD FONTS DESIGN,1800,0.42,756.0,3.69,0,Low Profit
22985,"WRAP, BILLBOARD FONTS DESIGN",1950,0.4152941176470588,731.0,3.66,0,Low Profit
22986,GINGHAM ROSE WRAP,1825,0.42,766.5,3.69,0,Low Profit
22986,WRAP GINGHAM ROSE ,2276,0.41926829268292676,943.92,3.6,0,Low Profit
22987,WRAP SUMMER ROSE DESIGN,100,0.42,42.0,4.03,10,Low Profit
22988,SOLDIERS EGG CUP ,8757,1.2576060606060606,10070.220000000001,2.31,0,High Profit
22989,SET 2 PANTRY DESIGN TEA TOWELS,2693,3.2294637223974765,8310.17,3.51,0,High Profit
22990,COTTON APRON PANTRY DESIGN,602,4.760140845070423,2670.54,3.93,5,Medium Profit
22991,GIRAFFE WOODEN RULER,3708,2.0506694560669456,6816.84,3.31,0,High Profit
22992,REVOLVER WOODEN RULER ,4914,1.9620819112627985,8944.439999999999,3.07,0,High Profit
22993,SET OF 4 PANTRY JELLY MOULDS,11769,1.2570034052213395,14151.42,1.7,0,High Profit
22994,TRAVEL CARD WALLET RETROSPOT,2104,0.4196273291925466,882.24,3.63,0,Low Profit
22995,TRAVEL CARD WALLET SUKI,2228,0.4193513513513513,932.88,3.61,0,Low Profit
22996,TRAVEL CARD WALLET VINTAGE TICKET,4540,0.4193959731543624,1875.12,3.15,0,Medium Profit
22997,TRAVEL CARD WALLET UNION JACK,2477,0.41967032967032963,1038.9,3.56,0,Medium Profit
22998,TRAVEL CARD WALLET KEEP CALM,11645,0.42781818181818176,4641.32,1.73,0,Medium Profit
22999,TRAVEL CARD WALLET RETRO PETALS,1489,0.4193406593406593,623.94,3.75,0,Low Profit
22999,TRAVEL CARD WALLET VINTAGE LEAF,1320,0.42000000000000004,554.4,3.79,0,Low Profit
23000,TRAVEL CARD WALLET TRANSPORT,3042,0.41970873786407764,1274.76,3.45,0,Medium Profit
23002,TRAVEL CARD WALLET SKULLS,2052,0.41957746478873237,860.4,3.64,0,Low Profit
23003,TRAVEL CARD WALLET VINTAGE ROSE ,541,0.41886792452830185,225.78,3.94,5,Low Profit
23004,TRAVEL CARD WALLET PANTRY,1853,0.42976190476190473,779.9,3.68,0,Low Profit
23005,TRAVEL CARD WALLET I LOVE LONDON,4346,0.4193258426966292,1767.72,3.19,0,Medium Profit
23006,TRAVEL CARD WALLET FLOWER MEADOW,1693,0.4195384615384615,709.62,3.71,0,Low Profit
23007, SPACEBOY BABY GIFT SET,449,16.513380281690143,7048.549999999999,3.96,10,High Profit
23008,DOLLY GIRL BABY GIFT SET,419,16.416666666666668,6534.049999999999,3.97,10,High Profit
23009,I LOVE LONDON BABY GIFT SET,209,16.425409836065572,3262.5499999999997,4.01,10,Medium Profit
23010,CIRCUS PARADE BABY GIFT SET,285,16.47808988764045,4444.75,3.99,10,Medium Profit
23012,GLASS APOTHECARY BOTTLE PERFUME,1014,3.8817000000000004,3763.6400000000003,3.85,0,Medium Profit
23013,GLASS APOTHECARY BOTTLE TONIC,865,3.885580110497238,3211.09,3.88,5,Medium Profit
23014,GLASS APOTHECARY BOTTLE ELIXIR,798,3.9079012345679014,2951.78,3.89,5,Medium Profit
23015,CORDIAL GLASS JUG,30,8.25,247.5,4.05,10,Low Profit
23015,CORDIAL JUG,6,8.25,49.5,4.05,10,Low Profit
23016,GLASS TWIST BON BON JAR,69,7.723684210526316,512.85,4.04,10,Low Profit
23017,APOTHECARY MEASURING JAR,64,12.178571428571429,751.4000000000001,4.04,10,Low Profit
23018,LARGE APOTHECARY MEASURING JAR ,50,12.2975,587.2,4.04,10,Low Profit
23019,SMALL APOTHECARY MEASURING JAR ,81,8.078571428571427,629.0500000000001,4.04,10,Low Profit
23020,GLASS  SONGBIRD STORAGE JAR,165,12.343478260869565,1965.3,4.02,10,Medium Profit
23020,GLASS SONGBIRD STORAGE JAR,11,12.049999999999999,126.7,4.05,10,Low Profit
23021,GLASS BONNE JAM JAR,117,4.134,475.95000000000005,4.03,10,Low Profit
23022,SMALL BONNE JAM JAR  T-LIGHT HOLDER,416,2.0295652173913044,795.6800000000001,3.97,10,Low Profit
23023,RIDGED BONNE JAM JAR T-LIGHT HOLDER,260,1.7039130434782608,411.43999999999994,4.0,10,Low Profit
23024,LARGE BONNE JAM JAR  T-LIGHT HOLDER,254,2.73,662.0600000000001,4.0,10,Low Profit
23025,DRAWER KNOB VINTAGE GLASS BALL,317,2.1245652173913046,669.61,3.99,10,Low Profit
23026,DRAWER KNOB VINTAGE GLASS STAR,503,2.106727272727273,1016.97,3.95,5,Medium Profit
23027,DRAWER KNOB VINTAGE GLASS HEXAGON,287,2.08,596.96,3.99,10,Low Profit
23028,DOORKNOB CRACKED GLAZE BLUE,162,1.5833333333333333,238.49999999999997,4.02,10,Low Profit
23028,DRAWER KNOB CRACKLE GLAZE BLUE,1079,1.6610714285714285,1751.7899999999997,3.84,0,Medium Profit
23029,DOORKNOB CRACKED GLAZE GREEN,12,1.65,19.799999999999997,4.05,10,Low Profit
23029,DRAWER KNOB CRACKLE GLAZE GREEN,1272,1.6470588235294117,2060.3999999999996,3.8,0,Medium Profit
23031,DOORKNOB CRACKED GLAZE PINK,12,1.65,19.799999999999997,4.05,10,Low Profit
23031,DRAWER KNOB CRACKLE GLAZE PINK,1216,1.6470588235294117,1967.9999999999998,3.81,0,Medium Profit
23032,DOORKNOB CRACKED GLAZE IVORY,174,1.6099999999999999,258.29999999999995,4.02,10,Low Profit
23032,DRAWER KNOB CRACKLE GLAZE IVORY,2076,1.6455801104972374,3348.5999999999995,3.64,0,Medium Profit
23033,DRAWER KNOB CERAMIC RED,679,1.4398305084745764,943.75,3.92,5,Low Profit
23034,DRAWER KNOB CERAMIC BLACK,935,1.4425,1314.95,3.87,5,Medium Profit
23035,DOORKNOB CERAMIC IVORY,36,1.45,52.199999999999996,4.04,10,Low Profit
23035,DRAWER KNOB CERAMIC IVORY,2035,1.453855421686747,2863.39,3.65,0,Medium Profit
23036,T-LIGHT HOLDER SILVER PETIT FOUR ,182,1.25,227.5,4.02,10,Low Profit
23037,CANDLE HOLDER SILVER MADELINE,193,1.7299999999999998,315.28999999999996,4.01,10,Low Profit
23038,T-LIGHT HOLDER SILVER SAUCER,41,1.2299999999999998,38.029999999999994,4.04,10,Low Profit
23039,T-LIGHT HOLDER SILVER HEART HANDLE,192,1.9369565217391302,370.79999999999995,4.01,10,Low Profit
23040,PAPER LANTERN 9 POINT SNOW STAR,12,5.75,69.0,4.05,10,Low Profit
23040,PAPER LANTERN 9 POINT SNOW STAR ,234,5.726470588235294,1249.5,4.01,10,Medium Profit
23041,PAPER LANTERN 6 POINT SNOW STAR,26,4.15,107.9,4.05,10,Low Profit
23041,PAPER LANTERN 9 POINT SNOW STAR,234,4.15,971.1,4.01,10,Low Profit
23042,PAPER LANTERN 7 POINT SNOW STAR,99,6.65,658.35,4.03,10,Low Profit
23043,PAPER LANTERN 9 POINT HOLLY STAR 40,6,6.25,37.5,4.05,10,Low Profit
23043,PAPER LANTERN 9 POINT HOLLY STAR L,69,6.25,431.25,4.04,10,Low Profit
23044,PAPER LANTERN 9 POINT HOLLY STAR 23,18,4.15,74.7,4.05,10,Low Profit
23044,PAPER LANTERN 9 POINT HOLLY STAR S,82,4.15,340.3,4.04,10,Low Profit
23045,PAPER LANTERN 5 POINT STAR MOON ,106,4.15,439.90000000000003,4.03,10,Low Profit
23045,PAPER LANTERN 5 POINT STAR MOON 30,10,4.15,41.5,4.05,10,Low Profit
23046,PAPER LANTERN 9 POINT DELUXE STAR,347,6.623529411764706,2091.55,3.98,10,Medium Profit
23047,PAPER LANTERN 5 POINT SEQUIN STAR,50,5.75,287.5,4.04,10,Low Profit
23047,PAPER LANTERN 5 POINT STUDDED STAR,8,5.75,46.0,4.05,10,Low Profit
23048,SET OF 10 LANTERNS FAIRY LIGHT STAR,560,4.192500000000001,2248.1400000000003,3.94,5,Medium Profit
23049,RECYCLED ACAPULCO MAT RED,435,8.24526627218935,3572.75,3.96,10,Medium Profit
23050,RECYCLED ACAPULCO MAT GREEN,459,8.240909090909092,3763.55,3.96,10,Medium Profit
23051,RECYCLED ACAPULCO MAT BLUE,335,8.237969924812031,2741.35,3.98,10,Medium Profit
23052,RECYCLED ACAPULCO MAT TURQUOISE,571,8.246380090497738,4694.75,3.94,5,Medium Profit
23053,RECYCLED ACAPULCO MAT PINK,318,8.231395348837209,2589.9,3.99,10,Medium Profit
23054,RECYCLED ACAPULCO MAT LAVENDER,266,8.242660550458716,2189.7,4.0,10,Medium Profit
23055,IVORY CHANDELIER T-LIGHT HOLDER,560,5.562894736842105,1286.72,3.94,5,Medium Profit
23056,CRYSTAL CHANDELIER T-LIGHT HOLDER,3,6.25,18.75,4.05,10,Low Profit
23056,FLOWERS CHANDELIER T-LIGHT HOLDER,863,6.1529729729729725,2770.91,3.88,5,Medium Profit
23057,BEADED CHANDELIER T-LIGHT HOLDER,596,4.523235294117647,1298.44,3.93,5,Medium Profit
23057,GEMSTONE CHANDELIER T-LIGHT HOLDER,78,4.835714285714286,347.70000000000005,4.04,10,Low Profit
23058,CHRISTMAS HANGING SNOWFLAKE,486,1.1129545454545455,421.02000000000004,3.95,10,Low Profit
23060,HEART BEADED TRELLIS DECORATION,244,2.08,507.52000000000004,4.0,10,Low Profit
23061,VINTAGE EMBOSSED HEART,886,1.2475,1102.46,3.88,5,Medium Profit
23061,VINTAGE ENGRAVED HEART,60,1.25,75.0,4.04,10,Low Profit
23064,CINDERELLA CHANDELIER ,220,43.01136363636363,3617.6000000000004,4.01,10,Medium Profit
23065,LARGE DECO JEWELLERY STAND,246,12.469318181818181,2977.8,4.0,10,Medium Profit
23065,LARGE JEWELLERY STAND,10,12.5,125.0,4.05,10,Low Profit
23066,SMALL DECO JEWELLERY STAND,229,8.227142857142857,1831.65,4.01,10,Medium Profit
23066,SMALL JEWELLERY STAND,16,8.25,132.0,4.05,10,Low Profit
23067,HANGING ENGRAVED METAL HEART,274,4.15,1137.1000000000001,4.0,10,Medium Profit
23068,ALUMINIUM HEART,30,2.49,74.7,4.05,10,Low Profit
23068,ALUMINIUM STAMPED HEART,771,2.476984126984127,1852.5500000000002,3.9,5,Medium Profit
23069,EDWARDIAN PHOTO FRAME,87,6.25,543.75,4.03,10,Low Profit
23070,EDWARDIAN HEART PHOTO FRAME,147,4.15,610.0500000000001,4.02,10,Low Profit
23071,MARIE ANTOIENETT TRINKET BOX GOLD,1,12.5,12.5,4.05,10,Low Profit
23071,MARIE ANTOINETTE TRINKET BOX GOLD,312,10.185294117647059,1167.6,3.99,10,Medium Profit
23072,MARIE ANTOINETTE TRINKET BOX SILVER,326,10.772727272727273,1099.0,3.99,10,Medium Profit
23073,GEORGIAN TRINKET BOX,141,12.408474576271187,1681.5,4.02,10,Medium Profit
23074,EMBOSSED HEART TRINKET BOX,221,2.0634285714285716,444.02000000000004,4.01,10,Low Profit
23075,DOUBLE CERAMIC PARLOUR HOOK,22,4.15,91.30000000000001,4.05,10,Low Profit
23075,PARLOUR CERAMIC WALL HOOK,443,4.144444444444445,1819.2500000000002,3.96,10,Medium Profit
23076,ICE CREAM SUNDAE LIP GLOSS,7896,1.2449193548387096,9638.16,2.48,0,High Profit
23077,DOUGHNUT LIP GLOSS ,9642,1.241818181818182,11615.7,2.13,0,High Profit
23078,ICE CREAM PEN LIP GLOSS ,6607,1.2450704225352112,8077.31,2.73,0,High Profit
23079, TOADSTOOL BEDSIDE LIGHT ,2,8.95,17.9,4.05,10,Low Profit
23079,TOADSTOOL BEDSIDE LIGHT ,246,8.936538461538461,2180.7,4.0,10,Medium Profit
23080,RED METAL BOX TOP SECRET,998,8.358977777777778,7920.78,3.85,5,High Profit
23081,GREEN METAL BOX ARMY SUPPLIES,437,8.34018018018018,3474.39,3.96,10,Medium Profit
23081,GREEN METAL BOX TOP SECRET,16,8.25,132.0,4.05,10,Low Profit
23082,SET 6 PAPER TABLE LANTERN HEARTS ,2260,3.722639405204461,8110.68,3.6,0,High Profit
23083,SET 6 PAPER TABLE LANTERN STARS ,1859,3.761132075471698,6735.88,3.68,0,High Profit
23084,RABBIT NIGHT LIGHT,27153,2.0127703523693805,51251.24,0.1,0,High Profit
23085,ANTIQUE SILVER BAUBLE LAMP  ,369,10.069230769230769,3437.7000000000003,3.98,10,Medium Profit
23086,ZINC  STAR T-LIGHT HOLDER ,1183,1.232,1357.79,3.82,0,Medium Profit
23086,ZINC STAR T-LIGHT HOLDER ,8,1.25,10.0,4.05,10,Low Profit
23087,ZINC  HEART T-LIGHT HOLDER,830,1.237142857142857,997.1800000000001,3.89,5,Low Profit
23088,ZINC HEART FLOWER T-LIGHT HOLDER,760,1.306315789473684,947.18,3.9,5,Low Profit
23089,GLASS BON BON JAR,2135,1.7758394160583941,3495.2699999999995,3.63,0,Medium Profit
23090,VINTAGE GLASS T-LIGHT HOLDER,2129,0.8575999999999999,1722.79,3.63,0,Medium Profit
23091,METAL HERB GERDEN CONTAINER,24,6.078,139.68,4.05,10,Low Profit
23091,ZINC HERB GARDEN CONTAINER,535,6.293191489361702,3279.82,3.95,5,Medium Profit
23092,LARGE ANTIQUE WHITE PHOTO FRAME,507,7.80144,3568.26,3.95,5,Medium Profit
23093,SMALL PARISIENNE HEART PHOTO FRAME ,915,2.472845528455285,2122.67,3.87,5,Medium Profit
23094,LE GRAND TRAY CHIC SET,147,12.5,1837.5,4.02,10,Medium Profit
23096,PETIT TRAY CHIC,993,1.728974358974359,1606.7299999999998,3.85,5,Medium Profit
23099,FRENCH CARRIAGE LANTERN,132,6.584545454545455,858.9000000000001,4.03,10,Low Profit
23100,SILVER BELLS TABLE DECORATION,2090,1.246164383561644,2562.1,3.63,0,Medium Profit
23101,SILVER STARS TABLE DECORATION,1942,0.8265445026178011,1569.62,3.66,0,Medium Profit
23102,SILVER HEARTS TABLE DECORATION,1231,0.8268794326241135,995.3299999999999,3.81,0,Low Profit
23103,BELL HEART DECORATION,252,1.6277777777777775,387.0,4.0,10,Low Profit
23103,JINGLE BELL HEART DECORATION,3679,1.6481132075471698,6055.949999999999,3.32,0,High Profit
23104,IVORY CAFE HANGING LAMP ,114,12.304651162790698,1330.5,4.03,10,Medium Profit
23104,IVORY PANTRY HANGING LAMP ,2,12.5,25.0,4.05,10,Low Profit
23106,ZINC HEARTS PLANT POT HOLDER,275,2.769591836734694,746.15,4.0,10,Low Profit
23106,ZINC PLANT POT HOLDER,8,2.89,23.12,4.05,10,Low Profit
23107,WHITE HEARTS WIRE PLANT POT HOLDER,324,2.7340677966101694,873.5600000000001,3.99,10,Low Profit
23107,WHITE WIRE PLANT POT HOLDER,16,2.89,46.24,4.05,10,Low Profit
23108,SET OF 10 LED DOLLY LIGHTS,2192,6.147840909090909,12972.73,3.61,0,High Profit
23109,LED TEA LIGHTS,595,2.8754545454545455,1676.3500000000001,3.93,5,Medium Profit
23109,PACK OF SIX LED TEA LIGHTS,1715,2.913728813559322,4808.55,3.71,0,Medium Profit
23110,PARISIENNE KEY CABINET ,662,5.713636363636364,3673.7,3.92,5,Medium Profit
23111,PARISIENNE SEWING BOX,296,12.281600000000001,3464.8,3.99,10,Medium Profit
23112,PARISIENNE CURIO CABINET,471,7.453551912568306,3437.3,3.96,10,Medium Profit
23113,PANTRY CHOPPING BOARD,1138,4.92,5695.86,3.82,0,High Profit
23114,VINTAGE LEAF CHOPPING BOARD  ,144,4.930487804878049,684.0000000000001,4.02,10,Low Profit
23115,RED APPLES CHOPPING BOARD   ,144,4.928947368421053,684.0,4.02,10,Low Profit
23116,VEGETABLE GARDEN CHOPPING BOARD,70,4.902941176470589,317.70000000000005,4.04,10,Low Profit
23117,POPPY FIELDS CHOPPING BOARD,85,4.95,420.75,4.03,10,Low Profit
23118,PARISIENNE JEWELLERY DRAWER ,765,7.4600888888888885,5399.02,3.9,5,High Profit
23119,PACK OF 6 LARGE FRUIT STRAWS ,2155,0.6479310344827586,1275.71,3.62,0,Medium Profit
23120,PACK OF 6 SMALL FRUIT STRAWS,1617,0.41857142857142854,644.58,3.73,0,Low Profit
23121,PACK OF 6 COCKTAIL PARASOL STRAWS,2460,0.41608695652173916,958.3199999999999,3.56,0,Low Profit
23122,PARTY CHARMS 50 PIECES,2091,0.8202061855670103,1552.6499999999999,3.63,0,Medium Profit
23123,COCKTAIL SWORDS 50 PIECES,899,0.8235294117647058,705.25,3.87,5,Low Profit
23124,18PC WOODEN CUTLERY SET DISPOSABLE,503,1.24125,595.15,3.95,5,Low Profit
23125,6PC WOOD PLATE SET DISPOSABLE,405,1.236875,443.25,3.97,10,Low Profit
23126,DOLLCRAFT GIRL AMELIE,36,4.95,178.2,4.04,10,Low Profit
23126,DOLLCRAFT GIRL AMELIE KIT,66,4.8500000000000005,294.7,4.04,10,Low Profit
23126,FELTCRAFT GIRL AMELIE KIT,982,5.022217898832685,4799.38,3.86,5,Medium Profit
23127,DOLLCRAFT GIRL NICOLE,68,4.95,336.6,4.04,10,Low Profit
23127,FELTCRAFT GIRL NICOLE KIT,645,4.97,3169.79,3.92,5,Medium Profit
23128,DOLLCRAFT BOY JEAN-PAUL ,82,4.883333333333334,373.9,4.04,10,Low Profit
23128,FELTCRAFT BOY JEAN-PAUL KIT,349,4.9796581196581196,1711.23,3.98,10,Medium Profit
23129,HEART SHAPED HOLLY WREATH,942,4.418727272727273,3933.1800000000003,3.86,5,Medium Profit
23130,MISELTOE HEART WREATH ,80,4.07,312.8,4.04,10,Low Profit
23130,MISTLETOE HEART WREATH GREEN,838,4.239876543209877,3435.6200000000003,3.88,5,Medium Profit
23131,MISELTOE HEART WREATH CREAM,240,4.15,996.0000000000001,4.0,10,Low Profit
23131,MISELTOE HEART WREATH WHITE,78,4.050000000000001,304.5,4.04,10,Low Profit
23131,MISTLETOE HEART WREATH CREAM,575,4.2142307692307694,2332.13,3.94,5,Medium Profit
23132,SMALL IVORY HEART WALL ORGANISER,1008,5.735531914893618,4989.08,3.85,0,Medium Profit
23133,LARGE IVORY HEART WALL ORGANISER,759,7.992164179104478,5142.91,3.9,5,High Profit
23134,LARGE ZINC HEART WALL ORGANISER,1064,7.6710810810810806,6414.48,3.84,0,High Profit
23135,SMALL ZINC HEART WALL ORGANISER,1538,5.191190476190476,5378.8,3.75,0,High Profit
23136,IVORY WIRE SWEETHEART LETTER TRAY,127,3.7290909090909095,467.05,4.03,10,Low Profit
23137,ZINC WIRE SWEETHEART LETTER TRAY,80,3.4539999999999997,253.24,4.04,10,Low Profit
23138,SINGLE WIRE HOOK IVORY HEART,870,1.4448051948051948,1201.8999999999999,3.88,5,Medium Profit
23139,SINGLE WIRE HOOK PINK HEART,406,1.2482608695652175,502.38,3.97,10,Low Profit
23140,TRIPLE WIRE HOOK IVORY HEART,160,4.256857142857143,658.5400000000001,4.02,10,Low Profit
23141,TRIPLE WIRE HOOK PINK HEART,68,3.5900000000000003,215.00000000000003,4.04,10,Low Profit
23142,IVORY WIRE KITCHEN ORGANISER,116,10.330555555555556,1137.65,4.03,10,Medium Profit
23143,ZINC WIRE KITCHEN ORGANISER,25,7.175000000000001,156.8,4.05,10,Low Profit
23144,ZINC T-LIGHT HOLDER STARS SMALL,4894,0.8369747899159663,3879.9799999999996,3.08,0,Medium Profit
23145,ZINC T-LIGHT HOLDER STAR LARGE,2030,0.9608724832214764,1896.5399999999997,3.65,0,Medium Profit
23145,ZINC T-LIGHT HOLDER STARS LARGE,24,0.95,22.799999999999997,4.05,10,Low Profit
23146,TRIPLE HOOK ANTIQUE IVORY ROSE,778,3.2825233644859817,2526.02,3.9,5,Medium Profit
23147,SINGLE ANTIQUE ROSE HOOK IVORY,1843,1.4492125984251967,2669.95,3.68,0,Medium Profit
23148,MINIATURE ANTIQUE ROSE HOOK IVORY,2065,0.829620253164557,1711.55,3.64,0,Medium Profit
23148,MINITURE ANTIQUE ROSE HOOK IVORY,48,0.85,40.8,4.04,10,Low Profit
23149,ANTIQUE IVORY WIRE BOWL SMALL,97,2.49,241.53000000000003,4.03,10,Low Profit
23150,IVORY SWEETHEART SOAP DISH,139,2.49,346.11,4.02,10,Low Profit
23151,ZINC SWEETHEART SOAP DISH,59,1.953157894736842,104.41000000000001,4.04,10,Low Profit
23152,IVORY SWEETHEART WIRE LETTER RACK ,541,3.7428,1998.51,3.94,5,Medium Profit
23153,ZINC SWEETHEART WIRE LETTER RACK,248,3.7883333333333336,923.63,4.0,10,Low Profit
23154,SET OF 4 JAM JAR MAGNETS,2441,2.0809589041095893,4922.01,3.56,0,Medium Profit
23155,KNICKERBOCKERGLORY MAGNET ASSORTED ,2094,0.8220720720720721,1669.3799999999999,3.63,0,Medium Profit
23156,SET OF 5 MINI GROCERY MAGNETS,1631,2.0946236559139786,3297.2200000000003,3.73,0,Medium Profit
23157,SET OF 6 NATIVITY MAGNETS ,2530,2.150794701986755,5031.55,3.55,0,High Profit
23158,SET OF 5 LUCKY CAT MAGNETS ,2536,2.167593582887701,5117.32,3.55,0,High Profit
23159,SET OF 5 PANCAKE DAY MAGNETS,2255,2.0822448979591837,4562.7300000000005,3.6,0,Medium Profit
23160,REGENCY TEA SPOON,1392,1.2289999999999999,1651.8,3.77,0,Medium Profit
23161,REGENCY CAKE FORK,1608,1.2283823529411766,1896.6000000000001,3.73,0,Medium Profit
23162,REGENCY TEA STRAINER,1362,3.7471830985915493,4789.24,3.78,0,Medium Profit
23163,REGENCY SUGAR TONGS,1714,2.4349253731343286,3949.7000000000003,3.71,0,Medium Profit
23164,REGENCY CAKE SLICE,564,4.922625,2579.21,3.94,5,Medium Profit
23165,LARGE CERAMIC TOP STORAGE JAR,2950,1.6319819819819819,4617.9,3.46,0,Medium Profit
23166,MEDIUM CERAMIC TOP STORAGE JAR,77916,1.2203030303030302,81416.73000000001,0.1,0,High Profit
23167,SMALL CERAMIC TOP STORAGE JAR ,5666,0.8270652173913042,4184.179999999999,2.92,0,Medium Profit
23168,CLASSIC CAFE SUGAR DISPENSER,2633,1.2297619047619048,3037.1,3.53,0,Medium Profit
23168,CLASSIC SUGAR DISPENSER,216,1.1975,247.32,4.01,10,Low Profit
23169,CLASSIC GLASS COOKIE JAR,1332,4.114658634538153,5350.200000000001,3.79,0,High Profit
23169,CLASSIC GLASS SWEET JAR,119,4.092857142857143,479.45000000000005,4.03,10,Low Profit
23170,REGENCY TEA PLATE ROSES ,6563,1.657560975609756,10170.99,2.74,0,High Profit
23171,REGENCY TEA PLATE GREEN ,5966,1.6725830258302583,9184.9,2.86,0,High Profit
23172,REGENCY TEA PLATE PINK,3688,1.6405357142857142,5793.28,3.32,0,High Profit
23173,REGENCY TEAPOT ROSES ,2662,9.70313725490196,23033.52,3.52,0,High Profit
23174,REGENCY SUGAR BOWL GREEN,2954,4.126641791044777,11567.24,3.46,0,High Profit
23175,REGENCY MILK JUG PINK ,3062,3.1948529411764706,8995.0,3.44,0,High Profit
23176,ABC TREASURE BOOK BOX ,2088,2.2636898395721925,4373.26,3.64,0,Medium Profit
23177,TREASURE ISLAND BOOK BOX,2428,2.241705069124424,5029.8,3.57,0,High Profit
23178,JAM CLOCK MAGNET,309,2.8387272727272728,838.47,3.99,10,Low Profit
23179,CLOCK MAGNET MUM'S KITCHEN,304,2.9330000000000003,837.88,3.99,10,Low Profit
23180,MUM'S KITCHEN CLOCK,104,4.766666666666667,471.90000000000003,4.03,10,Low Profit
23181,BULL DOG BOTTLE TOP WALL CLOCK,185,8.184782608695652,1484.25,4.01,10,Medium Profit
23182,TOILET SIGN OCCUPIED OR VACANT,3378,0.8792635658914728,2807.6899999999996,3.38,0,Medium Profit
23183,MOTHER'S KITCHEN SPOON REST ,178,4.056610169491526,690.71,4.02,10,Low Profit
23184,BULL DOG BOTTLE OPENER,778,5.097939698492462,3749.5,3.9,5,Medium Profit
23185,FRENCH STYLE STORAGE JAR JAM,317,0.3516129032258064,114.85,3.99,10,Low Profit
23186,FRENCH STYLE STORAGE JAR CAFE ,1982,0.3409859154929577,819.4599999999999,3.66,0,Low Profit
23187,FRENCH STYLE STORAGE JAR BONBONS,2338,0.3154666666666667,695.06,3.59,0,Low Profit
23188,VINTAGE  2 METER FOLDING RULER,1775,1.6787898089171973,2902.47,3.7,0,Medium Profit
23188,VINTAGE  2 METRE FOLDING RULER,1321,1.7389922480620155,2197.6899999999996,3.79,0,Medium Profit
23189,SET OF 12 FORK CANDLES,1215,2.858421052631579,3319.35,3.81,0,Medium Profit
23190,BUNDLE OF 3 SCHOOL EXERCISE BOOKS  ,1678,1.6513333333333333,2691.14,3.72,0,Medium Profit
23191,BUNDLE OF 3 RETRO EXERCISE BOOKS,60,1.65,98.99999999999999,4.04,10,Low Profit
23191,BUNDLE OF 3 RETRO NOTE BOOKS,2099,1.6760162601626014,3393.3499999999995,3.63,0,Medium Profit
23192,BUNDLE OF 3 ALPHABET EXERCISE BOOKS,3269,1.6541509433962263,5197.169999999999,3.4,0,High Profit
23193,BUFFALO BILL TREASURE BOOK BOX,1847,2.265912408759124,3750.57,3.68,0,Medium Profit
23194,GYMKHANA TREASURE BOOK BOX,1630,2.2552201257861633,3417.83,3.73,0,Medium Profit
23194,GYMKHANNA TREASURE BOOK BOX,120,2.189285714285714,261.84000000000003,4.03,10,Low Profit
23196,LEAVES MAGNETIC  SHOPPING LIST,24,1.45,34.8,4.05,10,Low Profit
23196,RETO LEAVES MAGNETIC SHOPPING LIST,36,1.45,52.199999999999996,4.04,10,Low Profit
23196,RETRO LEAVES MAGNETIC NOTEPAD,103,1.45,149.35,4.03,10,Low Profit
23196,VINTAGE LEAF MAGNETIC NOTEPAD,1593,1.4434883720930232,2242.65,3.73,0,Medium Profit
23197,SKETCHBOOK MAGNETIC SHOPPING LIST,1318,1.5450276243093921,1900.9399999999998,3.79,0,Medium Profit
23197,VEGETABLE MAGNETIC  SHOPPING LIST,36,1.3833333333333335,49.8,4.04,10,Low Profit
23198,PANTRY MAGNETIC  SHOPPING LIST,3063,1.4806544502617802,4341.19,3.44,0,Medium Profit
23199,JUMBO BAG APPLES,13875,2.0620027624309394,26426.3,1.29,0,High Profit
23200,JUMBO BAG PEARS,6729,2.0720718816067656,13034.92,2.71,0,High Profit
23201,JUMBO BAG ALPHABET,12533,2.0582430647291945,24160.44,1.55,0,High Profit
23202,JUMBO BAG VINTAGE LEAF,10695,2.078562259306804,20921.55,1.92,0,High Profit
23203,JUMBO BAG DOILEY PATTERNS,8735,2.0462800875273524,16737.1,2.31,0,High Profit
23203,JUMBO BAG VINTAGE DOILEY ,143,2.0316666666666667,268.44,4.02,10,Low Profit
23203,JUMBO BAG VINTAGE DOILY ,10620,2.061926751592357,20641.4,1.93,0,High Profit
23204,CHARLOTTE BAG APPLES DESIGN,7039,0.8429976580796252,5632.15,2.65,0,High Profit
23205,CHARLOTTE BAG ALPHABET  DESIGN,400,0.838181818181818,320.5,3.97,10,Low Profit
23205,CHARLOTTE BAG VINTAGE ALPHABET ,4750,0.8527999999999999,3784.52,3.1,0,Medium Profit
23206,LUNCH BAG APPLE DESIGN,11530,1.6413439635535307,18220.5,1.75,0,High Profit
23207,LUNCH BAG ALPHABET DESIGN,7533,1.652969696969697,11994.41,2.55,0,High Profit
23208,LUNCH BAG VINTAGE LEAF DESIGN,6191,1.6450331125827813,9950.35,2.82,0,High Profit
23209,LUNCH BAG DOILEY PATTERN ,6477,1.642291220556745,10323.05,2.76,0,High Profit
23209,LUNCH BAG VINTAGE DOILEY ,70,1.65,115.5,4.04,10,Low Profit
23209,LUNCH BAG VINTAGE DOILY ,6438,1.6497814207650272,10347.66,2.77,0,High Profit
23210,WHITE ROCKING HORSE HAND PAINTED,2750,1.2435975609756096,3311.5,3.5,0,Medium Profit
23211,RED ROCKING HORSE HAND PAINTED,2206,1.2411016949152542,2631.5,3.61,0,Medium Profit
23212,HEART WREATH DECORATION WITH BELL,2163,1.238724832214765,2562.63,3.62,0,Medium Profit
23212,PAINTED HEART WREATH WITH BELL,12,1.25,15.0,4.05,10,Low Profit
23213,STAR WREATH DECORATION WITH BELL,1594,1.2432258064516128,1921.94,3.73,0,Medium Profit
23214,BELL HEART ANTIQUE GOLD,12,2.08,24.96,4.05,10,Low Profit
23214,JINGLE BELL HEART ANTIQUE GOLD,760,2.1882608695652173,1599.8700000000001,3.9,5,Medium Profit
23215,JINGLE BELL HEART ANTIQUE SILVER,3544,2.14015,6955.8,3.35,0,High Profit
23216,LAUREL HEART ANTIQUE GOLD,518,1.348048780487805,613.51,3.95,5,Low Profit
23217,LAUREL HEART ANTIQUE SILVER,1290,1.4022093023255815,1567.0,3.79,0,Medium Profit
23218,LAUREL STAR ANTIQUE GOLD,372,1.383939393939394,465.81,3.98,10,Low Profit
23219,LAUREL STAR ANTIQUE SILVER ,404,1.3117307692307691,504.6,3.97,10,Low Profit
23220,REINDEER HEART DECORATION GOLD,929,0.9106410256410257,774.43,3.87,5,Low Profit
23221,REINDEER HEART DECORATION SILVER,1461,0.9132456140350877,1241.59,3.76,0,Medium Profit
23222,CHRISTMAS TREE HANGING GOLD,776,0.9616666666666667,690.64,3.9,5,Low Profit
23223,CHRISTMAS TREE HANGING SILVER ,745,0.9460294117647059,670.1099999999999,3.9,5,Low Profit
23224,CHERUB HEART DECORATION GOLD,719,0.9328813559322033,620.4499999999999,3.91,5,Low Profit
23225,CHERUB HEART DECORATION SILVER ,1296,0.9579710144927536,1089.6,3.79,0,Medium Profit
23226,FILIGREE HEART DAISY WHITE,1199,1.24125,1478.59,3.81,0,Medium Profit
23227,FILIGREE HEART BUTTERFLY WHITE ,1592,1.26816091954023,1947.06,3.73,0,Medium Profit
23228,FILIGREE HEART BIRD WHITE ,1397,1.3925316455696204,1726.3,3.77,0,Medium Profit
23229,DONKEY TAIL GAME ,54,3.66,189.54000000000002,4.04,10,Low Profit
23229,VINTAGE DONKEY TAIL GAME ,1750,3.786511627906977,6146.89,3.7,0,High Profit
23230,WRAP ALPHABET DESIGN,7925,0.41732758620689653,3196.5,2.47,0,Medium Profit
23231,WRAP  VINTAGE DOILEY ,100,0.42,42.0,4.03,10,Low Profit
23231,WRAP  VINTAGE DOILY ,2450,0.41999999999999993,1029.0,3.56,0,Medium Profit
23231,WRAP DOILEY DESIGN,4675,0.4185185185185185,1915.5,3.12,0,Medium Profit
23232,WRAP VINTAGE LEAF DESIGN,5251,0.4173333333333333,2109.42,3.0,0,Medium Profit
23232,WRAP VINTAGE PETALS  DESIGN,3275,0.4176923076923077,1327.5,3.4,0,Medium Profit
23233,WRAP POPPIES  DESIGN,5175,0.41861635220125787,2105.5,3.02,0,Medium Profit
23234,BISCUIT TIN VINTAGE CHRISTMAS,1632,2.926051502145923,4567.38,3.73,0,Medium Profit
23235,BISCUIT TIN VINTAGE LEAF,24,2.7566666666666664,64.56,4.05,10,Low Profit
23235,STORAGE TIN VINTAGE LEAF,702,2.7493548387096776,1831.1000000000001,3.91,5,Medium Profit
23236,DOILEY BISCUIT TIN,120,2.8592307692307695,327.6,4.03,10,Low Profit
23236,DOILEY STORAGE TIN,1082,2.8652212389380534,2934.98,3.84,0,Medium Profit
23236,STORAGE TIN VINTAGE DOILEY ,6,2.89,17.34,4.05,10,Low Profit
23236,STORAGE TIN VINTAGE DOILY ,1235,2.9887500000000005,3502.15,3.81,0,Medium Profit
23237,SET OF 4 KNICK KNACK TINS LEAF,739,4.136206896551725,2970.8500000000004,3.9,5,Medium Profit
23237,SET OF 4 KNICK KNACK TINS LEAVES ,304,4.1273584905660385,1237.2,3.99,10,Medium Profit
23238,SET OF 4 KNICK KNACK TINS LONDON ,1775,4.133122362869199,7116.650000000001,3.7,0,High Profit
23239,SET OF 4 KNICK KNACK TINS POPPIES,812,3.9050632911392404,3142.4,3.89,5,Medium Profit
23240,SET OF 4 KNICK KNACK TINS  DOILEY ,6,4.15,24.900000000000002,4.05,10,Low Profit
23240,SET OF 4 KNICK KNACK TINS DOILEY ,1802,4.1248571428571426,7132.700000000001,3.69,0,High Profit
23240,SET OF 4 KNICK KNACK TINS DOILY ,2286,4.137421383647799,9237.300000000001,3.6,0,High Profit
23241,TREASURE TIN GYMKHANA DESIGN,2005,2.0751916376306623,4060.0,3.65,0,Medium Profit
23242,TREASURE TIN BUFFALO BILL ,1430,2.0739473684210528,2886.0800000000004,3.77,0,Medium Profit
23243,SET OF TEA COFFEE SUGAR TINS PANTRY,4658,4.887694300518135,22109.08,3.12,0,High Profit
23244,CANNISTER VINTAGE LEAF DESIGN,12,1.95,23.4,4.05,10,Low Profit
23244,ROUND STORAGE TIN VINTAGE LEAF,853,1.9766666666666666,1552.5099999999998,3.88,5,Medium Profit
23244,STORAGE TIN VINTAGE LEAF,60,1.95,117.0,4.04,10,Low Profit
23245,SET OF 3 REGENCY CAKE TINS,5844,4.932690707350902,26566.280000000002,2.89,0,High Profit
23247,BISCUIT TIN 50'S CHRISTMAS,2048,2.9715498154981552,5760.52,3.64,0,High Profit
23249,ENAMEL DINNER PLATE PANTRY,12,1.65,19.799999999999997,4.05,10,Low Profit
23249,VINTAGE RED ENAMEL TRIM PLATE,778,1.6440298507462685,1254.8999999999999,3.9,5,Medium Profit
23250,ENAMEL BOWL PANTRY,24,1.25,30.0,4.05,10,Low Profit
23250,VINTAGE RED TRIM ENAMEL BOWL ,1079,1.2475862068965518,1328.59,3.84,0,Medium Profit
23251,ENAMEL MUG PANTRY,12,1.25,15.0,4.05,10,Low Profit
23251,VINTAGE RED ENAMEL TRIM MUG ,1633,1.2396039603960396,1940.45,3.73,0,Medium Profit
23252,ENAMEL JUG PANTRY,8,3.75,30.0,4.05,10,Low Profit
23252,VINTAGE RED ENAMEL TRIM JUG ,578,3.7425203252032517,2123.34,3.94,5,Medium Profit
23253,16 PC CUTLERY SET PANTRY DESIGN,4,15.95,63.8,4.05,10,Low Profit
23253,16 PIECE CUTLERY SET PANTRY DESIGN,210,15.65,3018.2999999999997,4.01,10,Medium Profit
23254,CHILDRENS CUTLERY DOLLY GIRL ,1621,4.142592592592592,6525.55,3.73,0,High Profit
23254,KIDS CUTLERY DOLLY GIRL ,36,4.15,149.4,4.04,10,Low Profit
23255,CHILDRENS CUTLERY CIRCUS PARADE,962,4.164965034965035,3852.44,3.86,5,Medium Profit
23256,CHILDRENS CUTLERY SPACEBOY ,1980,4.1516875,7966.080000000001,3.66,0,High Profit
23256,KIDS CUTLERY SPACEBOY ,36,4.15,149.4,4.04,10,Low Profit
23263,SET OF 3 WOODEN HEART DECORATIONS,3717,1.3180143540669855,4791.58,3.31,0,Medium Profit
23264,SET OF 3 WOODEN SLEIGH DECORATIONS,1842,1.3229924242424242,2396.7,3.68,0,Medium Profit
23265,SET OF 3 WOODEN TREE DECORATIONS,1665,1.31984496124031,2153.71,3.72,0,Medium Profit
23266,SET OF 3 WOODEN STOCKING DECORATION,1964,1.3111301369863015,2529.64,3.66,0,Medium Profit
23267,SET OF 4 SANTA PLACE SETTINGS,1158,1.2477659574468085,1427.34,3.82,0,Medium Profit
23268,SET OF 2 CERAMIC CHRISTMAS REINDEER,1434,1.5176923076923077,1980.1799999999998,3.77,0,Medium Profit
23269,SET OF 2 CERAMIC CHRISTMAS TREES,748,1.4474025974025975,1065.3999999999999,3.9,5,Medium Profit
23270,SET OF 2 CERAMIC PAINTED HEARTS ,1157,1.4433884297520663,1612.85,3.82,0,Medium Profit
23271,CHRISTMAS TABLE CANDLE SILVER SPIKE,16,0.83,13.28,4.05,10,Low Profit
23271,CHRISTMAS TABLE SILVER CANDLE SPIKE,1603,0.8368421052631578,1301.05,3.73,0,Medium Profit
23272,TREE T-LIGHT HOLDER WILLIE WINKIE,352,1.5637142857142856,522.7399999999999,3.98,10,Low Profit
23273,HEART T-LIGHT HOLDER WILLIE WINKIE,928,1.6793877551020406,1533.84,3.87,5,Medium Profit
23274,STAR T-LIGHT HOLDER WILLIE WINKIE,1139,1.7453535353535352,1870.1099999999997,3.82,0,Medium Profit
23275,SET OF 3 HANGING OWLS OLLIE BEAK,3613,1.2882374100719425,4291.17,3.33,0,Medium Profit
23280,FOLDING BUTTERFLY MIRROR HOT PINK ,1838,0.8349612403100775,1427.16,3.69,0,Medium Profit
23280,FOLDING MIRROR HOT PINK ,156,0.808,118.91999999999999,4.02,10,Low Profit
23281,FOLDING BUTTERFLY MIRROR RED  ,1252,0.8228260869565218,961.28,3.8,0,Low Profit
23281,FOLDING MIRROR RED  ,18,0.83,14.939999999999998,4.05,10,Low Profit
23282,FOLDING BUTTERFLY MIRROR IVORY ,735,0.8747058823529411,597.78,3.91,5,Low Profit
23282,FOLDING MIRROR IVORY ,18,0.83,14.939999999999998,4.05,10,Low Profit
23283,DOORMAT VINTAGE LEAF,541,8.092231404958678,3766.57,3.94,5,Medium Profit
23283,DOORMAT VINTAGE LEAVES DESIGN ,426,7.66625,2833.7000000000003,3.97,10,Medium Profit
23284,DOORMAT KEEP CALM AND COME IN,5338,7.91196319018405,35880.85,2.99,0,High Profit
23285,PINK VINTAGE SPOT BEAKER,4679,0.8465909090909091,4384.83,3.12,0,Medium Profit
23286,BLUE VINTAGE SPOT BEAKER,4901,0.8464634146341463,4528.29,3.07,0,Medium Profit
23287,RED VINTAGE SPOT BEAKER,1774,0.845608108108108,1445.5,3.7,0,Medium Profit
23288,GREEN VINTAGE SPOT BEAKER,4505,0.8485925925925926,4261.889999999999,3.15,0,Medium Profit
23289,DOLLY GIRL CHILDRENS BOWL,1553,1.245774647887324,1854.8500000000001,3.74,0,Medium Profit
23290,SPACEBOY CHILDRENS BOWL,2367,1.2419540229885058,2757.15,3.58,0,Medium Profit
23291,DOLLY GIRL CHILDRENS CUP,1548,1.2695172413793103,1880.14,3.74,0,Medium Profit
23292,SPACE BOY CHILDRENS CUP,130,1.21,143.3,4.03,10,Low Profit
23292,SPACEBOY CHILDRENS CUP,1951,1.2651875000000001,2343.07,3.66,0,Medium Profit
23293,SET OF 12 FAIRY CAKE BAKING CASES,8228,0.8238758029978587,6457.0,2.41,0,High Profit
23294,SET OF 6 SNACK LOAF BAKING CASES,4264,0.8247796610169491,3336.94,3.2,0,Medium Profit
23295,SET OF 12 MINI LOAF BAKING CASES,5957,0.8245753424657534,4670.63,2.86,0,Medium Profit
23296,SET OF 6 TEA TIME BAKING CASES,4877,1.2395975232198142,5684.650000000001,3.08,0,High Profit
23297,SET 40 HEART SHAPE PETIT FOUR CASES,4260,1.6359154929577464,6677.0,3.2,0,High Profit
23298,"BUNTING , SPOTTY ",146,4.721428571428572,634.7,4.02,10,Low Profit
23298,SPOTTY BUNTING,7633,4.917840236686391,35509.55,2.53,0,High Profit
23299,"FOOD COVER WITH BEADS , SET 2 SIZES",3,3.75,11.25,4.05,10,Low Profit
23299,FOOD COVER WITH BEADS SET 2 ,977,3.7934710743801654,3545.17,3.86,5,Medium Profit
23300,GARDENERS KNEELING PAD CUP OF TEA ,6285,1.665467289719626,9933.689999999999,2.8,0,High Profit
23301,GARDENERS KNEELING PAD KEEP CALM ,7722,1.6639238845144355,12463.779999999999,2.51,0,High Profit
23302,KNEELING MAT HOUSEWORK  DESIGN,1473,1.5788947368421054,1980.7099999999998,3.76,0,Medium Profit
23303,SET 4 PICNIC CUTLERY FONDANT,65,1.95,126.75,4.04,10,Low Profit
23304,SET 4 PICNIC CUTLERY CHERRY ,71,1.9500000000000002,138.45,4.04,10,Low Profit
23305,SET 4 PICNIC CUTLERY BLUEBERRY,82,1.9500000000000002,159.9,4.04,10,Low Profit
23306,SET OF 36 DOILIES PANTRY DESIGN,2653,1.454438775510204,3761.9199999999996,3.52,0,Medium Profit
23306,SET OF 36 PANTRY PAPER DOILIES,39,1.5479999999999998,58.019999999999996,4.04,10,Low Profit
23307,SET OF 60 PANTRY DESIGN CAKE CASES ,11661,0.5563178294573643,5974.39,1.73,0,High Profit
23308,SET OF 60 VINTAGE LEAF CAKE CASES ,5955,0.5637820512820513,3091.61,2.86,0,Medium Profit
23309,SET OF 60 I LOVE LONDON CAKE CASES ,7670,0.5688925081433225,3697.7000000000003,2.52,0,Medium Profit
23310,BUBBLEGUM RING ASSORTED,11891,0.4292523364485981,4894.83,1.68,0,Medium Profit
23311,VINTAGE CHRISTMAS STOCKING ,2199,2.545246478873239,5564.25,3.61,0,High Profit
23312,VINTAGE CHRISTMAS GIFT SACK,1364,4.139847715736041,5523.0,3.78,0,High Profit
23313,VINTAGE CHRISTMAS BUNTING,2748,4.951311475409836,12960.12,3.5,0,High Profit
23314,VINTAGE CHRISTMAS TABLECLOTH,391,12.439714285714286,4638.52,3.97,10,Medium Profit
23315,IVORY REFECTORY CLOCK,202,9.83157894736842,1894.7,4.01,10,Medium Profit
23316,RED REFECTORY CLOCK ,235,9.817368421052631,2212.25,4.0,10,Medium Profit
23317,BLUE REFECTORY CLOCK ,161,9.872857142857141,1547.95,4.02,10,Medium Profit
23318,BOX OF 6 MINI VINTAGE CRACKERS,3645,2.456955223880597,8345.43,3.32,0,High Profit
23319,BOX OF 6 MINI 50'S CRACKERS,3520,2.463619302949062,8169.4800000000005,3.35,0,High Profit
23320,GIANT 50'S CHRISTMAS CRACKER,2628,2.658634920634921,6907.52,3.53,0,High Profit
23321,SMALL WHITE HEART OF WICKER,4262,1.6436241610738254,6798.099999999999,3.2,0,High Profit
23322,LARGE WHITE HEART OF WICKER,2892,2.947562862669246,8137.500000000001,3.48,0,High Profit
23323,WHITE WICKER STAR ,1422,2.096402877697842,2954.7000000000003,3.77,0,Medium Profit
23324,RUSTIC STRAWBERRY JAM POT LARGE ,261,2.073030303030303,531.84,4.0,10,Low Profit
23324,RUSTIC STRAWBERRY JAMPOT LARGE ,120,2.0416666666666665,238.56,4.03,10,Low Profit
23325,RUSTIC STRAWBERRY JAM POT SMALL,408,1.6203703703703705,641.9999999999999,3.97,10,Low Profit
23325,RUSTIC STRAWBERRY JAMPOT SMALL,36,1.6499999999999997,59.39999999999999,4.04,10,Low Profit
23326,HANGING MINI COLOURED BOTTLES,3369,0.6192727272727273,1999.5900000000001,3.38,0,Medium Profit
23327,HANGING CLEAR MINI BOTTLE,1710,0.6185714285714285,1012.0200000000001,3.71,0,Medium Profit
23328,SET 6 SCHOOL MILK BOTTLES IN CRATE,2063,3.7212280701754383,7495.29,3.64,0,High Profit
23329,DECORATIVE WICKER HEART LARGE,1701,1.6482758620689655,2794.6499999999996,3.71,0,Medium Profit
23330,DECORATIVE WICKER HEART MEDIUM,1751,1.2489603960396038,2181.19,3.7,0,Medium Profit
23331,DECORATIVE WICKER HEART SMALL,1492,0.6290697674418605,932.2800000000001,3.75,0,Low Profit
23332,IVORY WICKER HEART LARGE,1979,1.6485507246376812,3255.7499999999995,3.66,0,Medium Profit
23333,IVORY WICKER HEART MEDIUM,2009,1.2481415929203539,2498.65,3.65,0,Medium Profit
23334,IVORY WICKER HEART SMALL,2154,0.6284158415841584,1345.5,3.62,0,Medium Profit
23335,EGG FRYING PAN IVORY ,358,2.074390243902439,722.5600000000001,3.98,10,Low Profit
23336,EGG FRYING PAN PINK ,199,2.1120312500000002,415.97,4.01,10,Low Profit
23337,EGG FRYING PAN MINT ,169,2.08,351.52000000000004,4.02,10,Low Profit
23338,EGG FRYING PAN RED ,405,2.0749450549450548,820.32,3.97,10,Low Profit
23339,EGG FRYING PAN BLUE ,150,2.08,312.0,4.02,10,Low Profit
23340,VINTAGE CHRISTMAS CAKE FRILL,2453,1.645121951219512,3879.45,3.56,0,Medium Profit
23341,PINK DINER WALL CLOCK,281,8.456632653061224,2317.1,4.0,10,Medium Profit
23342,MINT DINER CLOCK,2,8.5,17.0,4.05,10,Low Profit
23342,MINT DINER WALL CLOCK,363,8.483441558441559,3034.5,3.98,10,Medium Profit
23343,JUMBO BAG VINTAGE CHRISTMAS ,4905,2.0784223918575067,9742.1,3.07,0,High Profit
23344,JUMBO BAG 50'S CHRISTMAS ,8933,2.070135135135135,17636.04,2.27,0,High Profit
23345, DOLLY GIRL BEAKER,2394,1.2437037037037038,2754.5,3.57,0,Medium Profit
23346,SPACEBOY BEAKER,2567,1.2439285714285715,2970.75,3.54,0,Medium Profit
23347,I LOVE LONDON BEAKER,827,1.247605633802817,999.75,3.89,5,Low Profit
23348,CHILDRENS TOY COOKING UTENSIL SET,676,2.0706451612903227,1363.16,3.92,5,Medium Profit
23349,ROLL WRAP VINTAGE CHRISTMAS,2847,1.245,3450.39,3.48,0,Medium Profit
23350,ROLL WRAP VINTAGE SPOT ,2584,1.2466666666666668,3154.4,3.54,0,Medium Profit
23351,ROLL WRAP 50'S CHRISTMAS,3054,1.2438909090909092,3694.02,3.44,0,Medium Profit
23352,ROLL WRAP 50'S RED CHRISTMAS ,1593,1.2474233128834356,1961.01,3.73,0,Medium Profit
23353,6 GIFT TAGS VINTAGE CHRISTMAS ,3726,0.8295719844357976,3068.8199999999997,3.31,0,Medium Profit
23354,6 GIFT TAGS 50'S CHRISTMAS ,3343,0.8295910780669145,2750.93,3.39,0,Medium Profit
23355,HOT WATER BOTTLE KEEP CALM,5313,4.866142270861833,24302.550000000003,2.99,0,High Profit
23356,LOVE HOT WATER BOTTLE,2325,5.891176470588236,12954.75,3.59,0,High Profit
23357,HOT WATER BOTTLE SEX BOMB,432,4.479213483146068,1832.0,3.97,10,Medium Profit
23358,HOT STUFF HOT WATER BOTTLE,527,3.437761194029851,1686.15,3.95,5,Medium Profit
23359,SET OF 12 T-LIGHTS VINTAGE DOILEY,61,1.95,118.94999999999999,4.04,10,Low Profit
23359,SET OF 12 T-LIGHTS VINTAGE DOILY,915,1.9285714285714286,1715.85,3.87,5,Medium Profit
23360,SET 8 CANDLES VINTAGE DOILEY,122,1.907142857142857,216.29999999999998,4.03,10,Low Profit
23360,SET 8 CANDLES VINTAGE DOILY,1024,1.9441176470588233,1932.0,3.85,0,Medium Profit
23365,SET 12 COLOUR PENCILS LOVE LONDON,1529,0.649236641221374,991.45,3.75,0,Low Profit
23366,SET 12 COLOUR PENCILS DOILEY,48,0.65,31.200000000000003,4.04,10,Low Profit
23366,SET 12 COLOURING PENCILS DOILEY,1,0.65,0.65,4.05,10,Low Profit
23366,SET 12 COLOURING PENCILS DOILY,1870,0.6492857142857144,1177.1000000000001,3.68,0,Medium Profit
23367,SET 12 COLOUR PENCILS SPACEBOY ,2778,0.6495726495726496,1803.3000000000002,3.5,0,Medium Profit
23368,SET 12 COLOUR PENCILS DOLLY GIRL ,2152,0.6494505494505495,1396.4,3.62,0,Medium Profit
23369,SET 36 COLOUR PENCILS LOVE LONDON,901,1.2441836734693879,1053.29,3.87,5,Medium Profit
23370,SET 36 COLOUR PENCILS DOILEY,64,1.25,80.0,4.04,10,Low Profit
23370,SET 36 COLOURING PENCILS DOILEY,1,1.25,1.25,4.05,10,Low Profit
23370,SET 36 COLOURING PENCILS DOILY,1289,1.246346153846154,1562.6100000000001,3.79,0,Medium Profit
23371,SET 36 COLOUR PENCILS SPACEBOY ,1498,1.2443283582089553,1775.22,3.75,0,Medium Profit
23372,SET 36 COLOUR PENCILS DOLLY GIRL,1294,1.2426213592233009,1520.22,3.79,0,Medium Profit
23373,VINTAGE CHRISTMAS PAPER GIFT BAG,1563,0.8177272727272726,1241.6599999999999,3.74,0,Medium Profit
23374,RED SPOT PAPER GIFT BAG,2444,0.8175409836065574,1944.08,3.56,0,Medium Profit
23375,50'S CHRISTMAS PAPER GIFT BAG,1317,0.8188636363636363,1059.9399999999998,3.79,0,Medium Profit
23376,PACK OF 12 VINTAGE CHRISTMAS TISSUE,2630,0.38940170940170943,995.4599999999999,3.53,0,Low Profit
23377,PACK OF 12 DOLLY GIRL TISSUES,1200,0.39,468.0,3.81,0,Low Profit
23378,PACK OF 12 50'S CHRISTMAS TISSUES,3413,0.3890728476821192,1270.59,3.37,0,Medium Profit
23379,PACK OF 12 RED APPLE TISSUES,1175,0.38862745098039214,428.01,3.82,0,Low Profit
23380,PACK OF 12 DOILEY TISSUES,72,0.39,28.08,4.04,10,Low Profit
23380,PACK OF 12 VINTAGE DOILY TISSUES,2087,0.3892553191489362,783.6899999999999,3.64,0,Low Profit
23381,PACK OF 12 VINTAGE LEAF TISSUES ,1474,0.3889230769230769,544.62,3.76,0,Low Profit
23382,BOX OF 6 CHRISTMAS CAKE DECORATIONS,1712,3.710731707317073,6155.04,3.71,0,High Profit
23388,WOODLAND MINI BACKPACK,784,4.1379699248120305,3133.6000000000004,3.9,5,Medium Profit
23388,WOODLAND MINI RUCKSACK ,5,4.15,20.75,4.05,10,Low Profit
23389,SPACEBOY MINI BACKPACK,1030,4.142118226600985,4134.5,3.85,0,Medium Profit
23389,SPACEBOY MINI RUCKSACK,13,4.15,53.95,4.05,10,Low Profit
23390,DOLLY GIRL MINI BACKPACK,713,4.139115646258504,2838.9500000000003,3.91,5,Medium Profit
23390,DOLLY GIRL MINI RUCKSACK,8,4.15,33.2,4.05,10,Low Profit
23391, I LOVE LONDON MINI BACKPACK,359,4.138405797101449,1449.8500000000001,3.98,10,Medium Profit
23391, I LOVE LONDON MINI RUCKSACK,1,4.15,4.15,4.05,10,Low Profit
23392,SPACEBOY ROCKET LOLLY MAKERS,587,2.0726582278481014,1165.28,3.93,5,Medium Profit
23393,HOME SWEET HOME CUSHION COVER ,763,3.75,2861.25,3.9,5,Medium Profit
23394,POSTE FRANCE CUSHION COVER,392,3.75,1470.0,3.97,10,Medium Profit
23395,BELLE JARDINIERE CUSHION COVER,683,3.7473863636363633,2555.73,3.92,5,Medium Profit
23396,BUTTERFLY CUSHION COVER,8,3.75,30.0,4.05,10,Low Profit
23396,LA JARDIN BOTANIQUE CUSHION COVER,80,3.75,300.0,4.04,10,Low Profit
23396,LE JARDIN BOTANIQUE CUSHION COVER,521,3.7468055555555555,1948.23,3.95,5,Medium Profit
23397,FOOT STOOL HOME SWEET HOME ,434,9.84772727272727,4069.9,3.97,10,Medium Profit
23398,HANGING HEART BONHEUR,587,0.847936507936508,495.83,3.93,5,Low Profit
23399,HOME SWEET HOME HANGING HEART,1815,0.8492972972972973,1539.6299999999999,3.69,0,Medium Profit
23400,SHELF WITH 4 HOOKS HOME SWEET HOME,448,6.153333333333333,2247.36,3.96,10,Medium Profit
23401,RUSTIC MIRROR WITH LACE HEART,443,6.0931428571428565,2155.51,3.96,10,Medium Profit
23402,HOME SWEEET HOME 3 PEG HANGER ,25,3.75,93.75,4.05,10,Low Profit
23402,HOME SWEET HOME 3 PEG HANGER ,255,3.7409803921568625,934.1700000000001,4.0,10,Low Profit
23403,LETTER HOLDER HOME SWEET HOME,595,3.7067567567567568,1980.31,3.93,5,Medium Profit
23404,HOME SWEET HOME BLACKBOARD,969,4.863676470588236,4108.58,3.86,5,Medium Profit
23405,HOME SWEET HOME 2 DRAWER CABINET,235,4.908620689655172,1128.05,4.0,10,Medium Profit
23406,HOME SWEET HOME KEY HOLDER,434,6.1423404255319145,2148.54,3.97,10,Medium Profit
23407,SET OF 2 TRAYS HOME SWEET HOME,248,9.925254237288135,2426.72,4.0,10,Medium Profit
23408,PHOTO FRAME LINEN AND LACE SMALL,310,2.08,644.8000000000001,3.99,10,Low Profit
23409,PHOTO FRAME LINEN AND LACE LARGE,208,3.7275609756097565,771.72,4.01,10,Low Profit
23410,CURIO CABINET LINEN AND LACE ,36,8.027777777777779,290.1,4.04,10,Low Profit
23411, TRELLIS COAT RACK,217,4.915957446808511,1016.5500000000001,4.01,10,Medium Profit
23412,HEART MIRROR ANTIQUE WHITE,351,7.394583333333333,2269.14,3.98,10,Medium Profit
23413,DECORATIVE VINTAGE COFFEE  BOX,44,4.9,208.20000000000002,4.04,10,Low Profit
23413,DECROTIVEVINTAGE COFFEE GRINDER BOX,10,4.95,49.5,4.05,10,Low Profit
23413,VINTAGE COFFEE GRINDER BOX,102,4.880434782608695,485.70000000000005,4.03,10,Low Profit
23414,ZINC BOX SIGN HOME,139,9.90290322580645,1348.01,4.02,10,Medium Profit
23415,HOME SWEET HOME HOOK,326,1.3699999999999999,405.59999999999997,3.99,10,Low Profit
23416,CHAMBRE HOOK,123,1.16,155.06999999999996,4.03,10,Low Profit
23417,BATHROOM HOOK,140,1.1345454545454545,137.76,4.02,10,Low Profit
23418,LAVENDER TOILETTE BOTTLE,533,2.0655,1066.88,3.95,5,Medium Profit
23419,HOME SWEET HOME BOTTLE ,437,2.0752459016393443,895.0400000000001,3.96,10,Low Profit
23420,PANTRY HOOK TEA STRAINER ,159,2.08,330.72,4.02,10,Low Profit
23421,PANTRY HOOK SPATULA,152,2.08,316.16,4.02,10,Low Profit
23422,PANTRY HOOK BALLOON WHISK ,196,2.08,407.68,4.01,10,Low Profit
23423,PANTRY 3 HOOK ROLLING PIN HANGER,202,3.75,757.5,4.01,10,Low Profit
23424,GINGHAM RECIPE BOOK BOX,409,4.926699029126214,1966.95,3.97,10,Medium Profit
23425,STORAGE TIN HOME SWEET HOME,237,2.052857142857143,435.43,4.0,10,Low Profit
23426,METAL SIGN DROP YOUR PANTS,1230,2.854450867052023,3186.78,3.81,0,Medium Profit
23427,STOOL HOME SWEET HOME ,227,12.30373831775701,2635.9,4.01,10,Medium Profit
23428,IVORY RETRO KITCHEN WALL CLOCK,70,8.107692307692307,559.5,4.04,10,Low Profit
23429,RED RETRO KITCHEN WALL CLOCK,44,8.15,358.6,4.04,10,Low Profit
23430,BLUE RETRO KITCHEN WALL CLOCK,35,8.15,285.25,4.04,10,Low Profit
23431,NATURAL HANGING QUILTED HEARTS ,1427,0.8252173913043478,1113.1299999999999,3.77,0,Medium Profit
23432,PRETTY HANGING QUILTED HEARTS,1272,0.8268571428571428,1045.1999999999998,3.8,0,Medium Profit
23433,HANGING QUILTED PATCHWORK APPLES,1215,0.8286585365853659,1003.17,3.81,0,Medium Profit
23434,3 RAFFIA RIBBONS 50'S CHRISTMAS ,1782,0.9046666666666667,1624.5,3.7,0,Medium Profit
23435,3 RAFFIA RIBBONS VINTAGE CHRISTMAS,676,0.9072727272727273,606.28,3.92,5,Low Profit
23436,GIFT BAG LARGE VINTAGE CHRISTMAS,148,1.25,185.0,4.02,10,Low Profit
23436,VINTAGE CHRISTMAS GIFT BAG LARGE ,1781,1.239879518072289,2066.65,3.7,0,Medium Profit
23437, 50'S CHRISTMAS GIFT BAG LARGE,1885,1.2480733944954128,2272.25,3.68,0,Medium Profit
23437,GIFT BAG LARGE 50'S CHRISTMAS,24,1.25,30.0,4.05,10,Low Profit
23438, RED SPOT GIFT BAG LARGE,1686,1.247717391304348,2023.5,3.72,0,Medium Profit
23438,GIFT BAG LARGE SPOT ,96,1.25,120.0,4.03,10,Low Profit
23439,HAND WARMER RED LOVE HEART,3721,2.0941709844559586,7574.1,3.31,0,High Profit
23440,PAINT YOUR OWN EGGS IN CRATE,164,2.022,299.36,4.02,10,Low Profit
23441,HAND PAINTED HANGING EASTER EGG,22,0.42,9.24,4.05,10,Low Profit
23442,12 HANGING EGGS HAND PAINTED,40,2.08,83.2,4.04,10,Low Profit
23444,Next Day Carriage,79,15.189873417721518,1200.0,4.04,10,Medium Profit
23445,ICE CREAM BUBBLES,2647,0.8265263157894737,2131.0099999999998,3.52,0,Medium Profit
23446,BLUE BUNNY EASTER EGG BASKET,157,1.5833333333333333,230.24999999999997,4.02,10,Low Profit
23447,PINK BUNNY EASTER EGG BASKET,158,1.5999999999999999,231.89999999999998,4.02,10,Low Profit
23448,CREAM BUNNY EASTER EGG BASKET,25,1.6499999999999997,41.24999999999999,4.05,10,Low Profit
23449,SET OF 6 EASTER RAINBOW CHICKS,12,1.25,15.0,4.05,10,Low Profit
23451,SQUARE MINI PORTRAIT FRAME,268,1.9433333333333334,519.0,4.0,10,Low Profit
23452,HEART MINI PORTRAIT FRAME,510,1.9462962962962964,990.9,3.95,5,Low Profit
23453,OVAL  MINI PORTRAIT FRAME,315,1.9437499999999999,611.85,3.99,10,Low Profit
23454,SET OF 3 MINI HANGING PORTRAITS,32,3.95,123.2,4.05,10,Low Profit
23454,THREE MINI HANGING FRAMES,129,4.15,535.35,4.03,10,Low Profit
23455,SMALL PARLOUR FRAME,42,2.6900000000000004,106.98000000000002,4.04,10,Low Profit
23455,SMALL PARLOUR PICTURE FRAME,164,2.877878787878788,459.56,4.02,10,Low Profit
23456,MEDIUM PARLOUR FRAME ,22,3.95,84.1,4.05,10,Low Profit
23456,MEDIUM PARLOUR PICTURE FRAME ,136,4.126470588235295,550.0,4.02,10,Low Profit
23457,LARGE PARLOUR FRAME,27,4.725,122.85,4.05,10,Low Profit
23457,LARGE PARLOUR PICTURE FRAME,77,4.933333333333334,375.75,4.04,10,Low Profit
23458,DOLLY CABINET 3 DRAWERS ,51,14.95,762.4499999999999,4.04,10,Low Profit
23459,DOLLY CABINET 2 DRAWERS ,33,12.5,412.5,4.05,10,Low Profit
23460,SWEETHEART WALL TIDY ,108,9.900930232558139,1007.0799999999999,4.03,10,Medium Profit
23461,SWEETHEART BIRD HOUSE,829,4.1359550561797755,2908.55,3.89,5,Medium Profit
23462,ROCOCO WALL MIROR,2,19.95,39.9,4.05,10,Low Profit
23462,ROCOCO WALL MIRROR WHITE,75,19.740697674418605,1442.25,4.04,10,Medium Profit
23463,VINTAGE ZINC WATERING CAN,12,9.95,119.39999999999999,4.05,10,Low Profit
23464,VINTAGE ZINC WATERING CAN SMALL,16,4.95,79.2,4.05,10,Low Profit
23465,TUSCAN VILLA BIRD FEEDER,16,8.25,132.0,4.05,10,Low Profit
23465,TUSCAN VILLA FEEDING STATION,12,8.25,99.0,4.05,10,Low Profit
23466,TUSCAN VILLA DOVECOTE,12,8.25,99.0,4.05,10,Low Profit
23466,TUSCAN VILLA DOVECOTE BIRD FEEDER,37,8.205882352941176,299.25,4.04,10,Low Profit
23467,VINTAGE ZINC PLANTER  ,23,3.29,75.67,4.05,10,Low Profit
23468,TUSCAN VILLA BIRD TABLE ,19,8.25,156.75,4.05,10,Low Profit
23469,CARD HOLDER LOVE BIRD SMALL,320,4.122698412698413,1255.7600000000002,3.99,10,Medium Profit
23470,CARD HOLDER LOVE BIRD LARGE ,220,6.2156,1323.4,4.01,10,Medium Profit
23471,SIX DRAWER OFFICE TIDY,64,9.753846153846153,596.0,4.04,10,Low Profit
23472, NINE DRAWER OFFICE TIDY,54,14.786666666666665,777.9,4.04,10,Low Profit
23473,WOODLAND SMALL RED FELT HEART,665,0.8274418604651163,530.8299999999999,3.92,5,Low Profit
23474,WOODLAND SMALL BLUE FELT HEART,297,0.83,246.51,3.99,10,Low Profit
23475,WOODLAND SMALL PINK FELT HEART,280,0.83,232.39999999999998,4.0,10,Low Profit
23476,WOODLAND LARGE RED FELT HEART,198,1.25,247.5,4.01,10,Low Profit
23477,WOODLAND LARGE BLUE FELT HEART,85,1.25,106.25,4.03,10,Low Profit
23478,WOODLAND LARGE PINK FELT HEART,278,1.2289999999999999,307.18,4.0,10,Low Profit
23479,WIRE EGG BASKET ,109,7.775,819.65,4.03,10,Low Profit
23480,MINI LIGHTS WOODLAND MUSHROOMS,1717,3.726477272727273,6118.59,3.71,0,High Profit
23481,PEARLISED IVORY HEART SMALL ,217,1.2429999999999999,266.21,4.01,10,Low Profit
23482,PEARLISED IVORY HEART LARGE ,415,1.6388888888888888,651.15,3.97,10,Low Profit
23483,HANGING  BUTTERFLY T-LIGHT HOLDER,1310,1.2280597014925374,1526.62,3.79,0,Medium Profit
23484,HEART TRELLIS TRIPLE T-LIGHT HOLDER,118,2.870952380952381,331.42,4.03,10,Low Profit
23484,HEART TRELLISTRIPLE T-LIGHT HOLDER,56,2.81,152.24,4.04,10,Low Profit
23485,BOTANICAL GARDENS WALL CLOCK ,259,24.16,5719.0,4.0,10,High Profit
23486,ANTIQUE HEART SHELF UNIT,267,16.44705882352941,3879.15,4.0,10,Medium Profit
23487,SWEET HEART CAKE CARRIER,78,9.869047619047619,753.9999999999999,4.04,10,Low Profit
23489,"GARLAND, VINTAGE BELLS",92,2.89,265.88,4.03,10,Low Profit
23489,VINTAGE BELLS GARLAND,784,2.886992481203008,2246.56,3.9,5,Medium Profit
23490,T-LIGHT HOLDER HANGING LOVE BIRD,533,3.740315789473684,1965.63,3.95,5,Medium Profit
23491,VINTAGE JINGLE BELLS HEART,226,8.25,1864.5,4.01,10,Medium Profit
23492,VINTAGE JINGLE BELLS WREATH,74,8.25,610.5,4.04,10,Low Profit
23493,VINTAGE DOILY TRAVEL SEWING KIT,3516,1.9483240223463687,6736.2,3.35,0,High Profit
23494,VINTAGE DOILY DELUXE SEWING KIT ,722,5.933050847457627,4194.900000000001,3.91,5,Medium Profit
23495,SET OF 3 PANTRY WOODEN SPOONS,192,1.25,240.0,4.01,10,Low Profit
23496,PANTRY KITCHEN THERMOMETER ,88,1.25,110.0,4.03,10,Low Profit
23497,CLASSIC CHROME BICYCLE BELL ,2451,1.4393142857142858,3431.35,3.56,0,Medium Profit
23497,CLASSIC CROME BICYCLE BELL ,60,1.35,77.4,4.04,10,Low Profit
23498,CLASSIC BICYCLE CLIPS ,1587,1.4402247191011237,2200.15,3.74,0,Medium Profit
23499,SET 12 VINTAGE DOILY CHALK ,1244,0.42,522.48,3.8,0,Low Profit
23500,KEY RING BASEBALL BOOT ASSORTED ,1580,1.2428409090909092,1928.8,3.74,0,Medium Profit
23501,KEY RING BASEBALL BOOT UNION JACK,1770,1.2379310344827588,2103.3,3.7,0,Medium Profit
23502,PLAYING CARDS VINTAGE DOILEY ,13,1.25,16.25,4.05,10,Low Profit
23502,PLAYING CARDS VINTAGE DOILY ,677,1.2451162790697674,822.73,3.92,5,Low Profit
23503,PLAYING CARDS KEEP CALM & CARRY ON,3432,1.24811377245509,4242.96,3.37,0,Medium Profit
23504,PLAYING CARDS JUBILEE UNION JACK,1661,1.2489447236180904,2073.73,3.72,0,Medium Profit
23505,PLAYING CARDS I LOVE LONDON ,1058,1.2420754716981133,1238.5,3.84,0,Medium Profit
23506,MINI PLAYING CARDS SPACEBOY ,2694,0.41909090909090907,1106.28,3.51,0,Medium Profit
23507,MINI PLAYING CARDS BUFFALO BILL ,2839,0.41834862385321103,1128.18,3.49,0,Medium Profit
23508,MINI PLAYING CARDS DOLLY GIRL ,2472,0.4189473684210526,1013.0400000000001,3.56,0,Medium Profit
23509,MINI PLAYING CARDS FUN FAIR ,1040,0.4178181818181818,433.2,3.84,0,Low Profit
23510,MINI PLAYING CARDS GYMKHANA,2297,0.41879999999999995,901.74,3.59,0,Low Profit
23511,EMBROIDERED RIBBON REEL EMILY ,524,2.0732558139534887,1046.42,3.95,5,Medium Profit
23512,EMBROIDERED RIBBON REEL ROSIE,484,2.0622448979591836,921.46,3.96,10,Low Profit
23513,EMBROIDERED RIBBON REEL SUSIE ,556,2.0706451612903227,1072.96,3.94,5,Medium Profit
23514,EMBROIDERED RIBBON REEL SALLY ,458,2.0706451612903227,909.14,3.96,10,Low Profit
23515,EMBROIDERED RIBBON REEL DAISY ,558,2.0655,1075.3799999999999,3.94,5,Medium Profit
23516,EMBROIDERED RIBBON REEL SOPHIE  ,291,3.7280952380952384,1025.01,3.99,10,Medium Profit
23517,EMBROIDERED RIBBON REEL REBECCA ,312,2.8743137254901963,860.88,3.99,10,Low Profit
23518,EMBROIDERED RIBBON REEL RACHEL ,357,2.870487804878049,954.9300000000001,3.98,10,Low Profit
23519,EMBROIDERED RIBBON REEL CLAIRE,219,3.701578947368421,755.01,4.01,10,Low Profit
23520,EMBROIDERED RIBBON REEL RUBY ,165,3.734666666666667,585.63,4.02,10,Low Profit
23521,CAT AND BIRD WALL ART,270,2.005,323.64,4.0,10,Low Profit
23521,WALL ART CAT AND BIRD ,118,2.7544444444444447,324.98,4.03,10,Low Profit
23522,DOG AND BALL WALL ART,252,2.26,425.87999999999994,4.0,10,Low Profit
23522,WALL ART DOG AND BALL ,89,2.6500000000000004,226.29000000000002,4.03,10,Low Profit
23523,TREASURE AHOY WALL ART,270,3.585,833.46,4.0,10,Low Profit
23523,WALL ART TREASURE AHOY ,87,3.708181818181818,317.97,4.03,10,Low Profit
23524,HORSE & PONY WALL ART,256,3.594705882352941,797.3100000000001,4.0,10,Low Profit
23524,WALL ART HORSE & PONY ,209,3.6908823529411765,644.6700000000001,4.01,10,Low Profit
23525,BUFFALO BILL WALL ART ,246,3.6886666666666668,845.22,4.0,10,Low Profit
23525,WALL ART BUFFALO BILL ,321,3.6427586206896554,932.6700000000001,3.99,10,Low Profit
23526,DOG LICENCE WALL ART,408,5.745172413793104,2081.64,3.97,10,Medium Profit
23526,WALL ART DOG LICENCE ,474,5.846507936507936,2265.18,3.96,10,Medium Profit
23527,ANIMALS AND NATURE WALL ART,267,3.6958823529411764,923.97,4.0,10,Low Profit
23527,WALL ART ANIMALS AND NATURE ,148,3.6726923076923077,471.0,4.02,10,Low Profit
23528,SPACEBOY WALL ART,306,3.582307692307692,885.9000000000001,3.99,10,Low Profit
23528,WALL ART SPACEBOY,156,3.654285714285714,495.48,4.02,10,Low Profit
23529,DOLLY GIRL WALL ART,318,3.6090909090909093,1055.94,3.99,10,Medium Profit
23529,WALL ART DOLLY GIRL ,311,3.6110526315789473,896.3700000000001,3.99,10,Low Profit
23530,WALL ART ONLY ONE PERSON ,1031,4.749178082191781,4211.55,3.85,0,Medium Profit
23530,"WALL ART,ONLY ONE PERSON ",6,4.95,29.700000000000003,4.05,10,Low Profit
23531,WALL ART BIG LOVE ,960,6.744897959183674,5319.36,3.86,5,High Profit
23532,WALL ART WORK REST AND PLAY  ,205,4.470769230769231,853.47,4.01,10,Low Profit
23533,WALL ART GARDEN HAVEN ,210,5.151935483870968,936.34,4.01,10,Low Profit
23534,STOP FOR TEA WALL ART,518,5.775853658536586,2572.7,3.95,5,Medium Profit
23534,WALL ART STOP FOR TEA ,688,5.909285714285714,3748.1800000000003,3.91,5,Medium Profit
23535,BICYCLE SAFTEY WALL ART,458,5.782307692307692,2371.94,3.96,10,Medium Profit
23535,WALL ART BICYCLE SAFETY,644,5.89611570247934,3412.52,3.92,5,Medium Profit
23535,WALL ART BICYCLE SAFTEY ,21,5.75,114.15,4.05,10,Low Profit
23536,VILLAGE SHOW WALL ART,386,5.735555555555556,2072.42,3.97,10,Medium Profit
23536,WALL ART VILLAGE SHOW ,227,5.913035714285714,1201.6100000000001,4.01,10,Medium Profit
23537,I LOVE LONDON WALL ART,12,4.95,59.400000000000006,4.05,10,Low Profit
23537,WALL ART I LOVE LONDON ,86,4.8236842105263165,387.3,4.03,10,Low Profit
23538,WALL ART VINTAGE HEART,326,4.78925925925926,1273.92,3.99,10,Medium Profit
23539,"WALL ART , LOVES' SECRET ",8,5.95,47.6,4.05,10,Low Profit
23539,WALL ART LOVES' SECRET ,229,5.788181818181818,1082.1100000000001,4.01,10,Medium Profit
23540,"WALL ART , THE MAGIC FOREST ",2,6.95,13.9,4.05,10,Low Profit
23540,WALL ART THE MAGIC FOREST ,144,6.052222222222222,876.64,4.02,10,Low Profit
23541,"WALL ART ,PUDDINGS ",8,7.85,61.2,4.05,10,Low Profit
23541,WALL ART CLASSIC PUDDINGS ,821,8.114915254237287,6093.49,3.89,5,High Profit
23542,70'S ALPHABET WALL ART,150,7.986,1043.1,4.02,10,Medium Profit
23542,WALL ART 70'S ALPHABET ,334,8.062000000000001,2399.58,3.99,10,Medium Profit
23543,KEEP CALM WALL ART ,269,7.9465,2015.97,4.0,10,Medium Profit
23543,WALL ART KEEP CALM ,958,7.835921052631579,4853.5,3.86,5,Medium Profit
23544,WALL ART MID CENTURY MODERN ,164,7.523000000000001,1015.78,4.02,10,Medium Profit
23545,WRAP RED DOILEY,375,0.42,157.5,3.98,10,Low Profit
23545,WRAP RED VINTAGE DOILY,2100,0.41884057971014493,866.0,3.63,0,Low Profit
23546,WRAP PAISLEY PARK ,3250,0.42,1365.0,3.4,0,Medium Profit
23547,WRAP FLOWER SHOP  ,1575,0.42,661.5,3.74,0,Low Profit
23548,WRAP MAGIC FOREST ,1075,0.42,451.5,3.84,0,Low Profit
23549,WRAP BIRD GARDEN ,1300,0.42,546.0,3.79,0,Low Profit
23550,WRAP ALPHABET POSTER  ,1850,0.41873015873015873,761.0,3.68,0,Low Profit
23551,PACK OF 12 PAISLEY PARK TISSUES ,1614,0.38999999999999996,629.4599999999999,3.73,0,Low Profit
23552,BICYCLE PUNCTURE REPAIR KIT ,1730,2.062181818181818,3336.7200000000003,3.71,0,Medium Profit
23553,LANDMARK FRAME CAMDEN TOWN ,557,12.375,6244.85,3.94,5,High Profit
23554,LANDMARK FRAME OXFORD STREET,419,12.385185185185184,4730.65,3.97,10,Medium Profit
23555,LANDMARK FRAME NOTTING HILL ,419,12.405102040816328,4730.65,3.97,10,Medium Profit
23556,LANDMARK FRAME COVENT GARDEN ,435,12.38076923076923,4912.05,3.96,10,Medium Profit
23557,LANDMARK FRAME BAKER STREET ,347,12.39310344827586,3867.85,3.98,10,Medium Profit
23558,LANDMARK FRAME LONDON BRIDGE ,410,12.401063829787235,4604.2,3.97,10,Medium Profit
23559,WOODLAND BUNNIES LOLLY MAKERS,563,2.0722666666666667,1129.28,3.94,5,Medium Profit
23560,SET OF 6 RIBBONS COUNTRY STYLE,163,2.87,447.07,4.02,10,Low Profit
23561,SET OF 6 RIBBONS PARTY,167,2.8592307692307695,458.63,4.02,10,Low Profit
23562,SET OF 6 RIBBONS PERFECTLY PRETTY  ,243,2.8791891891891894,678.27,4.0,10,Low Profit
23564,EGG CUP MILKMAID INGRID,587,1.2449999999999999,703.51,3.93,5,Low Profit
23565,EGG CUP MILKMAID HELGA ,348,1.25,435.0,3.98,10,Low Profit
23566,EGG CUP MILKMAID HEIDI,784,1.2408695652173913,919.52,3.9,5,Low Profit
23567,EGG CUP HENRIETTA HEN PINK,187,1.25,233.75,4.01,10,Low Profit
23568,EGG CUP HENRIETTA HEN CREAM ,580,1.2349999999999999,664.52,3.94,5,Low Profit
23569,TRADTIONAL ALPHABET STAMP SET,926,4.9455056179775285,4497.3,3.87,5,Medium Profit
23570,TRADITIONAL PICK UP STICKS GAME ,1836,1.25,2295.0,3.69,0,Medium Profit
23571,TRADITIONAL NAUGHTS & CROSSES,2018,1.6490950226244343,3300.8999999999996,3.65,0,Medium Profit
23574,PACKING CHARGE,14,7.5,105.0,4.05,10,Low Profit
23575,SNACK TRAY PAISLEY PARK,164,1.9375,305.4,4.02,10,Low Profit
23576,SNACK TRAY RED VINTAGE DOILY,185,1.94,346.34999999999997,4.01,10,Low Profit
23578,SNACK TRAY RED GINGHAM,56,1.95,109.2,4.04,10,Low Profit
23579,SNACK TRAY I LOVE LONDON,149,1.9375,276.15,4.02,10,Low Profit
23580,SNACK TRAY HAPPY FOREST  ,110,1.9499999999999997,214.5,4.03,10,Low Profit
23581,JUMBO BAG PAISLEY PARK,4358,2.059223300970874,8498.04,3.18,0,High Profit
23582,VINTAGE DOILY JUMBO BAG RED ,4434,2.0663713080168775,8508.220000000001,3.17,0,High Profit
23583,LUNCH BAG PAISLEY PARK  ,3305,1.6447540983606557,5251.25,3.39,0,High Profit
23597,PAPER BUNTING PAISLEY PARK,246,2.9071428571428575,661.7,4.0,10,Low Profit
23598,PAPER BUNTING VINTAGE PARTY,420,2.930952380952381,1175.0,3.97,10,Medium Profit
23630,SET 10 CARDS HANGING BAUBLES 17080,1,2.99,2.99,4.05,10,Low Profit
23660,HENRIETTA HEN MUG ,293,1.65,483.44999999999993,3.99,10,Low Profit
23661,MILK MAIDS MUG ,204,1.6499999999999997,336.59999999999997,4.01,10,Low Profit
23664,FLOWER SHOP DESIGN MUG,1,1.65,1.65,4.05,10,Low Profit
23681,LUNCH BAG RED VINTAGE DOILY,1547,1.6415966386554621,2432.55,3.74,0,Medium Profit
23691,KEEP CALM BIRTHDAY WRAP,50,0.42,21.0,4.04,10,Low Profit
23691,WRAP KEEP CALM BIRTHDAY,1125,0.4183333333333333,460.5,3.83,0,Low Profit
23692,WRAP A PRETTY THANK YOU,50,0.42,21.0,4.04,10,Low Profit
23694,PAISLEY PARK CARD,348,0.4175,141.84,3.98,10,Low Profit
23695,DOILY THANK YOU CARD,703,0.41727272727272724,286.62,3.91,5,Low Profit
23697,A PRETTY THANK YOU CARD,438,0.41777777777777775,179.64,3.96,10,Low Profit
23702,High Resolution Image,4,8.5,27.0,4.05,10,Low Profit
23843,"PAPER CRAFT , LITTLE BIRDIE",80995,2.08,168469.6,0.1,0,High Profit
35001G,HAND OPEN SHAPE GOLD,156,3.602692307692308,506.58,4.02,10,Low Profit
35001W,HAND OPEN SHAPE DECO.WHITE,92,3.0840000000000005,270.02000000000004,4.03,10,Low Profit
35004B,SET OF 3 BLACK FLYING DUCKS,475,5.1000000000000005,2251.15,3.96,10,Medium Profit
35004C,SET OF 3 COLOURED  FLYING DUCKS,393,5.239473684210527,1882.65,3.97,10,Medium Profit
35004G,SET OF 3 GOLD FLYING DUCKS,126,5.3,448.3,4.03,10,Low Profit
35004P,SET OF 3 PINK FLYING DUCKS,1,5.45,5.45,4.05,10,Low Profit
35095A,BLUE VICTORIAN FABRIC OVAL BOX,811,0.41617647058823526,293.82,3.89,5,Low Profit
35095B,RED VICTORIAN FABRIC OVAL BOX,772,0.4168292682926829,277.44,3.9,5,Low Profit
35241,ENAMEL BLUE RIM BISCUIT BIN,89,4.786666666666666,413.95000000000005,4.03,10,Low Profit
35265,COLOURFUL FLOWER FRUIT BOWL,16,2.3181818181818183,50.25,4.05,10,Low Profit
35271S,GOLD PRINT PAPER BAG,19,0.19,3.6100000000000003,4.05,10,Low Profit
35400,WOODEN BOX ADVENT CALENDAR ,10,8.95,89.5,4.05,10,Low Profit
35443,RASTA IN BATH W SPLIFF ASHTRAY,7,0.85,5.949999999999999,4.05,10,Low Profit
35471D,SET OF 3 BIRD LIGHT PINK FEATHER ,1654,0.47482758620689663,690.0,3.72,0,Low Profit
35591T,TURQUOISE CHRISTMAS TREE ,5,1.25,6.25,4.05,10,Low Profit
35597A,DUSTY PINK CHRISTMAS TREE 30CM,1,1.25,1.25,4.05,10,Low Profit
35597B,BLACKCHRISTMAS TREE 30CM,1,1.25,1.25,4.05,10,Low Profit
35597D,PINK/WHITE CHRISTMAS TREE 30CM,46,0.38,17.48,4.04,10,Low Profit
35598A,DUSTY PINK CHRISTMAS TREE 60CM,9,2.95,26.550000000000004,4.05,10,Low Profit
35598B,BLACK CHRISTMAS TREE 60CM,554,1.2772727272727273,433.70000000000005,3.94,5,Low Profit
35598C,WHITE CHRISTMAS TREE 60CM,2,2.95,5.9,4.05,10,Low Profit
35598D,PINK/WHITE CHRISTMAS TREE 60CM,660,0.7504166666666667,433.22,3.92,5,Low Profit
35599B,BLACK CHRISTMAS TREE 120CM,209,3.033478260869565,503.85,4.01,10,Low Profit
35599D,PINK AND WHITE CHRISTMAS TREE 120CM,186,2.573157894736842,465.38,4.01,10,Low Profit
35607A,PINK FLUFFY CHRISTMAS DECORATION,24,0.19,4.5600000000000005,4.05,10,Low Profit
35607B,BLACK FEATHER CHRISTMAS DECORATION,96,0.19,18.240000000000002,4.03,10,Low Profit
35610A,PINK CHRISTMAS FLOCK DROPLET ,8,1.25,10.0,4.05,10,Low Profit
35610B,BLACK CHRISTMAS FLOCK DROPLET ,24,1.25,30.0,4.05,10,Low Profit
35610C,WHITE CHRISTMAS FLOCK DROPLET ,24,1.25,30.0,4.05,10,Low Profit
35637A,IVORY STRING CURTAIN WITH POLE ,166,2.6166666666666667,363.7,4.02,10,Low Profit
35637C,PINK STRING CURTAIN WITH POLE,28,2.5214285714285714,62.6,4.05,10,Low Profit
35638A,PINK AND BLACK STRING CURTAIN,38,3.55,82.1,4.04,10,Low Profit
35638B,PINK/BLUE STRING CURTAIN ,56,1.95,109.2,4.04,10,Low Profit
35645,VINTAGE BEAD PINK JEWEL BOX,4,4.25,17.0,4.05,10,Low Profit
35646,VINTAGE BEAD PINK EVENING BAG,513,1.4330434782608696,668.88,3.95,5,Low Profit
35647,VINTAGE BEAD PINK SHADE ,13,1.25,16.25,4.05,10,Low Profit
35648,VINTAGE BEAD PINK PURSE ,812,0.995079365079365,774.76,3.89,5,Low Profit
35649,VINTAGE BEAD COSMETIC BAG ,16,3.095714285714286,51.82,4.05,10,Low Profit
35650,VINTAGE BEAD PINK JEWEL STAND,1,4.95,4.95,4.05,10,Low Profit
35651,VINTAGE BEAD PINK SCARF ,330,1.8352941176470587,557.0999999999999,3.99,10,Low Profit
35653,VINTAGE BEAD NOTEBOOK,47,2.95,138.65,4.04,10,Low Profit
35809A,ENAMEL PINK TEA CONTAINER,388,1.1087804878048781,374.10999999999996,3.97,10,Low Profit
35809B,ENAMEL BLUE RIM TEA CONTAINER,8,1.6766666666666667,9.18,4.05,10,Low Profit
35810A,ENAMEL PINK COFFEE CONTAINER,602,1.021698113207547,545.38,3.93,5,Low Profit
35810B,ENAMEL BLUE RIM COFFEE CONTAINER,147,1.1928571428571428,155.03,4.02,10,Low Profit
35815P,"ACRYLIC JEWEL SNOWFLAKE, PINK",162,0.724,63.28000000000001,4.02,10,Low Profit
35816P,"ACRYLIC JEWEL ANGEL,PINK",78,0.38,29.64,4.04,10,Low Profit
35817P,"ACRYLIC JEWEL SNOWFLAKE,PINK",6,2.55,15.299999999999999,4.05,10,Low Profit
35817P,PINK ACRYLIC JEWEL SNOWFLAKE,12,0.38,4.5600000000000005,4.05,10,Low Profit
35818B,"ACRYLIC JEWEL ICICLE, BLUE",31,0.38000000000000006,11.780000000000001,4.05,10,Low Profit
35818P,"ACRYLIC JEWEL ICICLE, PINK",261,0.38,99.18,4.0,10,Low Profit
35819B,"ACRYLIC HANGING JEWEL,BLUE",266,0.38,101.08,4.0,10,Low Profit
35819P,"ACRYLIC HANGING JEWEL,PINK",95,0.5042857142857143,66.55,4.03,10,Low Profit
35833P,4 PINK FLOCK CHRISTMAS BALLS,36,1.25,45.0,4.04,10,Low Profit
35909A,RABBIT EASTER DECORATION,8,2.9500000000000006,23.6,4.05,10,Low Profit
35909B,PINK FLOWERS RABBIT EASTER,8,2.95,23.6,4.05,10,Low Profit
35910A,MULTICOLOUR EASTER RABBIT ,20,1.95,39.0,4.05,10,Low Profit
35910B,PINK FLOWERS RABBIT EASTER,13,1.95,25.349999999999998,4.05,10,Low Profit
35911A,MULTICOLOUR RABBIT EGG WARMER,205,1.0984,194.14999999999998,4.01,10,Low Profit
35911B,PINK/FLOWER RABBIT EGG WARMER ,17,2.1,35.7,4.05,10,Low Profit
35912B,WHITE/PINK CHICK DECORATION,249,1.228888888888889,283.89,4.0,10,Low Profit
35913B,WHITE/PINK CHICK EASTER DECORATION,34,0.85,28.9,4.04,10,Low Profit
35914,PINK CHICK EGG WARMER + EGG CUP,135,1.2666666666666666,162.25,4.02,10,Low Profit
35915B,BLUE KNITTED HEN ,91,1.65,150.14999999999998,4.03,10,Low Profit
35915C,PEACH KNITTED HEN ,49,1.65,80.85,4.04,10,Low Profit
35916A,YELLOW FELT HANGING HEART W FLOWER,20,0.85,17.0,4.05,10,Low Profit
35916B,BLUE FELT HANGING HEART WITH FLOWER,6,0.85,5.1,4.05,10,Low Profit
35916C,PINK FELT HANGING HEART W FLOWER,54,0.85,45.9,4.04,10,Low Profit
35920,FOUR RABBIT EASTER DECORATIONS,67,1.25,83.75,4.04,10,Low Profit
35921,EASTER BUNNY HANGING GARLAND,54,1.25,67.5,4.04,10,Low Profit
35922,EASTER BUNNY WREATH,28,4.95,138.6,4.05,10,Low Profit
35923,CANDY HEART HANGING DECORATION,1265,0.48333333333333334,631.71,3.8,0,Low Profit
35924,HANGING FAIRY CAKE DECORATION,724,2.0006060606060605,1262.1,3.91,5,Medium Profit
35933,PINK STOCKING CHRISTMAS DECORATION,222,0.38,84.36,4.01,10,Low Profit
35953,FOLKART STAR CHRISTMAS DECORATIONS,3016,0.48772727272727273,1281.1599999999999,3.45,0,Medium Profit
35954,SMALL FOLKART STAR CHRISTMAS DEC,1076,0.2596969696969697,244.23000000000002,3.84,0,Low Profit
35957,SMALLFOLKART BAUBLE CHRISTMAS DEC,558,0.32142857142857145,146.04000000000002,3.94,5,Low Profit
35958,FOLKART ZINC STAR CHRISTMAS DEC,12,0.85,10.2,4.05,10,Low Profit
35961,FOLKART ZINC HEART CHRISTMAS DEC,2679,0.846687898089172,2127.39,3.52,0,Medium Profit
35964,FOLKART CLIP ON STARS,621,0.43500000000000005,245.61,3.93,5,Low Profit
35965,FOLKART HEART NAPKIN RINGS,181,1.4071428571428573,181.87,4.02,10,Low Profit
35966,FOLKART CHRISTMAS TREE T-LIGHT HOLD,27,0.38,10.260000000000002,4.05,10,Low Profit
35967,FOLK ART METAL STAR T-LIGHT HOLDER,381,0.39655172413793105,150.54000000000002,3.98,10,Low Profit
35968,FOLK ART METAL HEART T-LIGHT HOLDER,145,0.37,52.760000000000005,4.02,10,Low Profit
35970,ZINC FOLKART SLEIGH BELLS,4627,1.7356976744186043,7631.31,3.13,0,High Profit
35971,ROSE FOLKART HEART DECORATIONS,423,1.4080357142857143,504.64,3.97,10,Low Profit
35972,DAISY FOLKART HEART DECORATION,96,1.25,120.0,4.03,10,Low Profit
37327,ASSTD MULTICOLOUR CIRCLES MUG,1374,0.41957446808510634,547.98,3.78,0,Low Profit
37330,BIG POLKADOT MUG,6,0.39,2.34,4.05,10,Low Profit
37333,"RETRO ""TEA FOR ONE"" ",14,3.5863636363636364,54.3,4.05,10,Low Profit
37340,MULTICOLOUR SPRING FLOWER MUG,2042,0.40437500000000004,803.74,3.64,0,Low Profit
37342,POLKADOT COFFEE CUP & SAUCER PINK,1435,0.795625,1142.29,3.77,0,Medium Profit
37343,POLKADOT MUG PINK ,62,1.4925,89.69999999999999,4.04,10,Low Profit
37351,ORANGE FLOWER MUG ,4,0.39,1.56,4.05,10,Low Profit
37370,RETRO COFFEE MUGS ASSORTED,2504,1.233189655172414,2829.28,3.55,0,Medium Profit
37379A,PINK CHERRY BLOSSOM CUP & SAUCER,6,1.25,7.5,4.05,10,Low Profit
37413,ICON MUG REVOLUTIONARY,701,0.4112345679012346,283.71,3.91,5,Low Profit
37423,WHITE WITH BLACK CATS PLATE,78,0.5433333333333333,33.18,4.04,10,Low Profit
37444A,YELLOW BREAKFAST CUP AND SAUCER,47,0.9385714285714286,31.130000000000003,4.04,10,Low Profit
37444B,BLUE BREAKFAST CUP AND SAUCER ,4,2.9500000000000006,11.8,4.05,10,Low Profit
37444C,PINK BREAKFAST CUP AND SAUCER ,19,1.487142857142857,30.45,4.05,10,Low Profit
37446,MINI CAKE STAND WITH HANGING CAKES,1290,1.4316993464052286,1764.8999999999999,3.79,0,Medium Profit
37447,CERAMIC CAKE DESIGN SPOTTED PLATE,757,1.483684210526316,1104.8899999999999,3.9,5,Medium Profit
37448,CERAMIC CAKE DESIGN SPOTTED MUG,1399,1.4823566878980892,2035.55,3.77,0,Medium Profit
37449,CERAMIC CAKE STAND + HANGING CAKES,561,9.757499999999999,5074.83,3.94,5,High Profit
37450,CERAMIC CAKE BOWL + HANGING CAKES,665,2.89,1832.15,3.92,5,Medium Profit
37461,FUNKY MONKEY MUG,1,1.25,1.25,4.05,10,Low Profit
37462E,"PET MUG, GOLDFISH",27,0.2475,5.59,4.05,10,Low Profit
37464,ROBOT MUG IN DISPLAY BOX,3,1.25,3.75,4.05,10,Low Profit
37467,PIG MUG IN TWO COLOUR DESIGNS,128,0.5154545454545455,60.04,4.03,10,Low Profit
37468,HARDMAN MUG 3 ASSORTED,63,0.38999999999999996,24.57,4.04,10,Low Profit
37471,MULTICOLOUR POLKADOT PLATE,12,0.85,10.2,4.05,10,Low Profit
37475,SET/4 COLOURFUL MIXING BOWLS,56,9.748620689655171,522.16,4.04,10,Low Profit
37476,CONDIMENT TRAY 4 BOWLS AND 4 SPOONS,17,9.787777777777777,160.39,4.05,10,Low Profit
37479B,CUBIC MUG FLOCK BLUE ON BROWN,127,0.898235294117647,60.33,4.03,10,Low Profit
37479P,CUBIC MUG FLOCK PINK ON BROWN,118,0.5957142857142858,52.5,4.03,10,Low Profit
37482P,CUBIC MUG PINK POLKADOT,477,0.6368571428571428,216.26999999999998,3.96,10,Low Profit
37487B,YELLOW/ORANGE FLOWER DESIGN PLATE,68,0.29,19.72,4.04,10,Low Profit
37488A,YELLOW PINK FLOWER DESIGN BIG BOWL,28,0.38999999999999996,10.92,4.05,10,Low Profit
37489A,YELLOW/PINK FLOWER DESIGN BIG MUG,33,0.494,14.43,4.05,10,Low Profit
37489B,BLUE/YELLOW FLOWER DESIGN BIG MUG,31,0.65,16.77,4.05,10,Low Profit
37489C,GREEN/BLUE FLOWER DESIGN BIG MUG,23,0.78,13.65,4.05,10,Low Profit
37489D,PINK/GREEN FLOWER DESIGN BIG MUG,40,0.48176470588235293,17.16,4.04,10,Low Profit
37491B,BLUE/YELLOW CERAMIC CANDLE HOLDER,4,1.65,6.6,4.05,10,Low Profit
37491C,GREEN/BLUE CERAMIC CANDLE HOLDER,8,1.65,13.2,4.05,10,Low Profit
37491D,PURPLE/BLUE CERAMIC CANDLE HOLDER,2,1.65,3.3,4.05,10,Low Profit
37495,FAIRY CAKE BIRTHDAY CANDLE SET,428,3.7309523809523806,1547.4,3.97,10,Medium Profit
37500,TEA TIME TEAPOT IN GIFT BOX,338,6.266,1972.46,3.98,10,Medium Profit
37501,TEA TIME TEA SET IN GIFT BOX,102,6.95,708.9000000000001,4.03,10,Low Profit
37509,NEW ENGLAND MUG W GIFT BOX,2,2.55,5.1,4.05,10,Low Profit
40001,WHITE BAMBOO RIBS LAMPSHADE,755,0.82,573.7099999999999,3.9,5,Low Profit
40003,WHITE BAMBOO RIBS LAMPSHADE,147,1.2227272727272727,154.95,4.02,10,Low Profit
40005B,BLUE ORGANDY ROUND LAMPSHADE W BEA,12,0.85,10.2,4.05,10,Low Profit
40016,CHINESE DRAGON PAPER LANTERNS,5524,0.5113333333333333,1870.7,2.95,0,Medium Profit
40046A,RED DAISY PAPER LAMPSHADE,50,1.25,62.5,4.04,10,Low Profit
44089A,PINK GAUZE BUTTERFLY LAMPSHADE,15,0.42,6.3,4.05,10,Low Profit
44089C,LILAC GAUZE BUTTERFLY LAMPSHADE,24,0.42,10.08,4.05,10,Low Profit
44091A,BLUE CRUSOE CHECK LAMPSHADE,9,0.42,3.78,4.05,10,Low Profit
44092B,BLUE WHITE PLASTIC RINGS LAMPSHADE,14,0.85,11.899999999999999,4.05,10,Low Profit
44092C,PURPLE/COPPER HANGING LAMPSHADE,18,0.85,15.299999999999999,4.05,10,Low Profit
44228,CANNABIS LEAF BEAD CURTAIN,36,0.85,30.599999999999998,4.04,10,Low Profit
44234,ASSORTED CIRCULAR MOBILE,640,0.207,119.99999999999999,3.92,5,Low Profit
44235,ASS COL CIRCLE MOBILE ,474,0.4114285714285714,173.15999999999997,3.96,10,Low Profit
44235,ASSORTED COLOURED CIRCLE MOBILE ,64,0.42,26.88,4.04,10,Low Profit
44236,PINK/PURPLE CIRCLE CURTAIN,52,1.3414285714285714,56.52,4.04,10,Low Profit
44242A,LILAC FEATHERS CURTAIN,12,0.79,9.48,4.05,10,Low Profit
44242B,PINK FEATHERS CURTAIN,52,0.9433333333333334,50.28,4.04,10,Low Profit
44265,M/COLOUR POM-POM CURTAIN,2,4.25,8.5,4.05,10,Low Profit
45013,FOLDING SHOE TIDY,3,2.95,8.850000000000001,4.05,10,Low Profit
46000M,POLYESTER FILLER PAD 45x45cm,1008,1.55,1562.4,3.85,0,Medium Profit
46000P,POLYESTER FILLER PAD 65CMx65CM,17,4.25,72.25,4.05,10,Low Profit
46000R,POLYESTER FILLER PAD 45x30cm,101,1.45,146.45,4.03,10,Low Profit
46000S,POLYESTER FILLER PAD 40x40cm,1551,1.45,2248.95,3.74,0,Medium Profit
46000U,POLYESTER FILLER PAD 30CMx30CM,107,1.25,133.75,4.03,10,Low Profit
46115B,GREEN POP ART MAO CUSHION COVER ,12,0.19,2.2800000000000002,4.05,10,Low Profit
46118,FUNKY MONKEY CUSHION COVER,193,0.85,164.04999999999998,4.01,10,Low Profit
46126A,ELVIS WALLHANGING / CURTAIN,48,1.25,60.0,4.04,10,Low Profit
46138B,BLUE CHENILLE SHAGGY CUSHION COVER ,43,1.0333333333333334,43.15,4.04,10,Low Profit
46775D,SUNSET COLOUR CHUNKY KNITTED THROW,24,16.95,406.79999999999995,4.05,10,Low Profit
46776A,WOVEN BUBBLE GUM CUSHION COVER,14,4.95,69.30000000000001,4.05,10,Low Profit
46776B,WOVEN BERRIES CUSHION COVER ,15,4.95,74.25,4.05,10,Low Profit
46776C,WOVEN FROST CUSHION COVER,11,4.95,54.45,4.05,10,Low Profit
46776D,WOVEN SUNSET CUSHION COVER ,12,4.95,59.400000000000006,4.05,10,Low Profit
46776E,WOVEN CANDY CUSHION COVER ,14,4.95,69.3,4.05,10,Low Profit
46776F,WOVEN ROSE GARDEN CUSHION COVER ,19,4.95,94.05000000000001,4.05,10,Low Profit
47013A,WINE BOTTLE DRESSING LT.BLUE,14,0.205,3.0399999999999996,4.05,10,Low Profit
47013C,WINE BOTTLE DRESSING DARK BLUE,43,0.1442857142857143,5.5,4.04,10,Low Profit
47016,LIGHT DECORATION BATTERY OPERATED,2,2.1,4.2,4.05,10,Low Profit
47021G,SET/6 BEAD COASTERS GAUZE BAG GOLD,518,0.6193333333333334,230.39999999999998,3.95,5,Low Profit
47310M,SMALL POP BOX FUNKY MONKEY,172,1.356857142857143,210.48,4.02,10,Low Profit
47310M,"SMALL POP BOX,FUNKY MONKEY",93,1.25,116.25,4.03,10,Low Profit
47341A,FUSCHIA TABLE RUN FLOWER ,27,1.75,38.75,4.05,10,Low Profit
47341B,BLUE TABLE RUN FLOWER,45,1.25,56.25,4.04,10,Low Profit
47343A,FUSCHIA FLOWER PURSE WITH BEADS,159,0.9714285714285714,145.17,4.02,10,Low Profit
47344B,BLUE FLOWER DES PURSE,44,0.9700000000000001,43.66,4.04,10,Low Profit
47348A,FUSCHIA VOILE POINTY SHOE DEC,97,0.702,50.31,4.03,10,Low Profit
47351B,BLUE  VOILE LAMPSHADE,86,2.905555555555556,234.5,4.03,10,Low Profit
47367B,PAIR PADDED HANGERS PINK CHECK,57,3.6772727272727277,194.55,4.04,10,Low Profit
47369A,PINK GREEN EMBROIDERY COSMETIC BAG,8,2.9500000000000006,23.6,4.05,10,Low Profit
47369B,BLUE GREEN EMBROIDERY COSMETIC BAG,3,3.896666666666667,11.690000000000001,4.05,10,Low Profit
47420,ASSORTED COLOUR SUCTION CUP HOOK,196,0.19,37.24,4.01,10,Low Profit
47421,ASSORTED COLOUR LIZARD SUCTION HOOK,970,0.41600000000000004,382.92,3.86,5,Low Profit
47422,ASSORTED MONKEY SUCTION CUP HOOK,519,0.416,205.02,3.95,5,Low Profit
47469,ASSORTED SHAPES PHOTO CLIP SILVER ,355,0.6335714285714287,164.51,3.98,10,Low Profit
47471,RAINBOW PEGS PHOTO CLIP STRING,262,0.7075,148.88,4.0,10,Low Profit
47480,HANGING PHOTO CLIP ROPE LADDER,690,1.8553846153846152,1089.58,3.91,5,Medium Profit
47481,50CM METAL STRING WITH  7 CLIPS,221,0.8410526315789474,163.37,4.01,10,Low Profit
47503A,ASS FLORAL PRINT MULTI SCREWDRIVER,2730,0.503855421686747,1251.61,3.51,0,Medium Profit
47503H,ASS FLORAL PRINT SPIRIT LEVEL ,95,1.1214285714285714,90.13,4.03,10,Low Profit
47503J,SET/3 FLORAL GARDEN TOOLS IN BAG,1,7.95,7.95,4.05,10,Low Profit
47504H,ENGLISH ROSE SPIRIT LEVEL ,948,1.2371739130434782,860.88,3.86,5,Low Profit
47504K,ENGLISH ROSE GARDEN SECATEURS,1957,1.0948314606741574,1825.99,3.66,0,Medium Profit
47518F,ICON PLACEMAT POP ART ELVIS,827,0.14142857142857143,113.64,3.89,5,Low Profit
47556B,TEA TIME TEA TOWELS ,2600,2.325,6045.0,3.53,0,High Profit
47559B,TEA TIME OVEN GLOVE,2001,1.2812345679012345,2412.92,3.65,0,Medium Profit
47563A,RETRO LONGBOARD IRONING BOARD COVER,198,1.3055555555555556,250.0,4.01,10,Low Profit
47566,PARTY BUNTING,15279,4.876220302375811,68785.23000000001,1.01,0,High Profit
47566B,TEA TIME PARTY BUNTING,2288,4.860191082802548,10430.400000000001,3.6,0,High Profit
47567B,TEA TIME KITCHEN APRON,585,5.950082644628099,3248.07,3.94,5,Medium Profit
47570B,TEA TIME TABLE CLOTH,180,10.400769230769232,1642.68,4.02,10,Medium Profit
47574A,ENGLISH ROSE SCENTED HANGING FLOWER,422,1.2303921568627452,365.5,3.97,10,Low Profit
47574B,ENGLISH ROSE SCENTED HANGING HEART,4,4.25,17.0,4.05,10,Low Profit
47578A,ENGLISH ROSE SMALL SCENTED FLOWER,192,0.85,163.2,4.01,10,Low Profit
47579,TEA TIME BREAKFAST BASKET,1,2.1,2.1,4.05,10,Low Profit
47580,TEA TIME DES TEA COSY,328,2.569868421052631,813.6099999999999,3.99,10,Low Profit
47585A,PINK FAIRY CAKE CUSHION COVER,102,3.75,382.5,4.03,10,Low Profit
47586A,PINK FAIRY CAKE CUSHION COVER,21,2.55,53.55,4.05,10,Low Profit
47589,CONGRATULATIONS BUNTING,13,5.45,70.85000000000001,4.05,10,Low Profit
47590A,BLUE HAPPY BIRTHDAY BUNTING,1948,5.468084507042254,10096.62,3.66,0,High Profit
47590B,PINK HAPPY BIRTHDAY BUNTING,2283,5.412222222222223,11666.35,3.6,0,High Profit
47591B,SCOTTIES CHILDRENS APRON,38,1.65,62.699999999999996,4.04,10,Low Profit
47591D,PINK FAIRY CAKE CHILDRENS APRON,3140,1.9740806045340051,5815.5599999999995,3.43,0,High Profit
47593A,CAROUSEL PONIES BABY BIB,33,0.5853846153846154,14.37,4.05,10,Low Profit
47593B,SCOTTIE DOGS BABY BIB,1663,0.4895833333333333,676.39,3.72,0,Low Profit
47594A,CAROUSEL DESIGN WASHBAG,52,1.9499999999999997,101.39999999999999,4.04,10,Low Profit
47594B,SCOTTIES DESIGN WASHBAG,91,1.95,177.45,4.03,10,Low Profit
47599A,PINK PARTY BAGS,2409,2.069109589041096,4481.62,3.57,0,Medium Profit
47599B,BLUE PARTY BAGS ,1451,2.0772222222222223,2728.94,3.76,0,Medium Profit
48111,DOORMAT 3 SMILEY CATS,1104,7.788914285714285,6690.8,3.83,0,High Profit
48116,DOORMAT MULTICOLOUR STRIPE,1418,7.6978723404255325,8045.2699999999995,3.77,0,High Profit
48129,DOORMAT TOPIARY,880,7.966775956284153,5644.46,3.88,5,High Profit
48138,DOORMAT UNION FLAG,3614,7.796138996138996,23622.54,3.33,0,High Profit
48173C,DOORMAT BLACK FLOCK ,1784,7.738554913294798,9797.75,3.7,0,High Profit
48184,DOORMAT ENGLISH ROSE ,1972,7.776011235955057,13447.1,3.66,0,High Profit
48185,DOORMAT FAIRY CAKE,3427,7.906198347107438,21171.79,3.37,0,High Profit
48187,DOORMAT NEW ENGLAND,3698,7.813996247654783,22783.8,3.31,0,High Profit
48188,DOORMAT WELCOME PUPPIES,2027,7.909246031746032,11536.25,3.65,0,High Profit
48194,DOORMAT HEARTS,3268,7.949064449064449,19924.66,3.4,0,High Profit
51008,AFGHAN SLIPPER SOCK PAIR,511,3.4236842105263157,1662.95,3.95,5,Medium Profit
51014A,"FEATHER PEN,HOT PINK",3573,0.5129936305732484,1758.8899999999999,3.34,0,Medium Profit
51014C,"FEATHER PEN,COAL BLACK",2438,0.5413513513513514,1170.8999999999999,3.57,0,Medium Profit
51014L,"FEATHER PEN,LIGHT PINK",1924,0.5336792452830189,941.3399999999999,3.67,0,Low Profit
51020A,SUMMER FUN DESIGN SHOWER CAP,325,0.5566666666666666,116.32999999999998,3.99,10,Low Profit
51020B,STRIPY DESIGN SHOWER CAP,197,0.6739999999999999,70.57,4.01,10,Low Profit
62018,SOMBRERO ,4402,1.8076271186440676,5691.5,3.17,0,High Profit
62043B,BLUE CHECK BAG W HANDLE 34X20CM,17,0.8299999999999998,14.11,4.05,10,Low Profit
62074B,ELEPHANT CLIP W SUCTION CUP,16,0.42,6.72,4.05,10,Low Profit
62086A,PINK RETRO BIG FLOWER BAG,86,1.9499999999999997,167.7,4.03,10,Low Profit
62094B,TURQ ICE CREAM BUM BAG ,13,2.55,33.15,4.05,10,Low Profit
62096A,PINK/YELLOW FLOWERS HANDBAG,106,1.25,132.5,4.03,10,Low Profit
62096B,PURPLE/TURQ FLOWERS HANDBAG,2,1.25,2.5,4.05,10,Low Profit
62097B,BLUE STRIPES SHOULDER BAG,9,0.83,7.469999999999999,4.05,10,Low Profit
70006,LOVE HEART POCKET WARMER,2619,1.2315,1656.05,3.53,0,Medium Profit
70007,HI TEC ALPINE HAND WARMER,728,1.385925925925926,632.76,3.91,5,Low Profit
71038,WHITE HANGING BEADS CANDLE HOLDER,238,5.3999999999999995,1239.5,4.0,10,Medium Profit
71050,SMALL SINGLE FLAME CANDLE HOLDER,33,0.3499999999999999,11.549999999999999,4.05,10,Low Profit
71053,WHITE METAL LANTERN,1586,3.7156326530612245,5694.28,3.74,0,High Profit
71053,WHITE MOROCCAN METAL LANTERN,47,4.8549999999999995,199.17,4.04,10,Low Profit
71101E,STANDING FAIRY POLE SUPPORT ,346,0.8322727272727272,278.5,3.98,10,Low Profit
71143,SILVER BOOK MARK WITH BEADS,10,0.85,8.5,4.05,10,Low Profit
71215,METAL BASE FOR CANDLES,11,0.42,4.62,4.05,10,Low Profit
71270,PHOTO CLIP LINE,204,1.2878125,256.21,4.01,10,Low Profit
71279,PINK GLASS CANDLEHOLDER,155,2.935714285714286,447.65000000000003,4.02,10,Low Profit
71403,"PINK/WHITE ""KEEP CLEAN"" BULLET BIN",53,2.95,156.35000000000002,4.04,10,Low Profit
71406C,BLACK ORANGE SQUEEZER,138,0.42000000000000004,57.96,4.02,10,Low Profit
71459,HANGING JAM JAR T-LIGHT HOLDER,10528,0.8286816720257234,8164.12,1.95,0,High Profit
71459,HANGING JAM JAR T-LIGHT HOLDERS,2413,0.8508695652173913,1867.33,3.57,0,Medium Profit
71477,COLOUR GLASS. STAR T-LIGHT HOLDER,5654,3.450986547085202,16566.34,2.92,0,High Profit
71477,COLOURED GLASS STAR T-LIGHT HOLDER,996,3.98139534883721,3474.88,3.85,5,Medium Profit
71495A,CD WALL TIDY BLUE OFFICE,96,0.36,34.56,4.03,10,Low Profit
71495B,CD WALL TIDY RED FLOWERS,160,0.384,58.56,4.02,10,Low Profit
71496A,A4 WALL TIDY BLUE OFFICE,114,0.554,61.86000000000001,4.03,10,Low Profit
71496B,A4 WALL TIDY RED FLOWERS,13,0.56,7.37,4.05,10,Low Profit
71510,SQUARE METAL CANDLEHOLDER BASE,52,0.8099999999999999,36.519999999999996,4.04,10,Low Profit
72024U,LILAC VOTIVE CANDLE,72,0.21,15.120000000000001,4.04,10,Low Profit
72051S,BAG OF SILVER STONES,45,0.42000000000000004,18.9,4.04,10,Low Profit
72122,COFFEE SCENT PILLAR CANDLE,291,0.95,276.45,3.99,10,Low Profit
72127,COLUMBIAN CANDLE ROUND ,168,1.2436666666666667,208.1,4.02,10,Low Profit
72128,COLUMBIAN CANDLE ROUND,189,0.8372727272727273,145.53,4.01,10,Low Profit
72130,COLUMBIAN CANDLE ROUND,215,0.6356,126.79,4.01,10,Low Profit
72131,COLUMBIAN CANDLE RECTANGLE,136,1.8999999999999997,236.39999999999998,4.02,10,Low Profit
72132,COLUMBIAN CUBE CANDLE,28,1.95,54.599999999999994,4.05,10,Low Profit
72133,COLUMBIAN CANDLE RECTANGLE,39,1.25,48.75,4.04,10,Low Profit
72134,COLUMBIAN  CUBE CANDLE ,98,0.7424999999999999,47.18,4.03,10,Low Profit
72140E,BEST DAD CANDLE LETTERS,31,0.85,26.349999999999998,4.05,10,Low Profit
72225C,LAVENDER SCENT CAKE CANDLE,600,0.27999999999999997,158.64,3.93,5,Low Profit
72232,FENG SHUI PILLAR CANDLE,3317,0.19,630.23,3.39,0,Low Profit
72349B,SET/6 PURPLE BUTTERFLY T-LIGHTS,687,2.0823655913978496,1314.78,3.91,5,Medium Profit
72351A,SET/6 TURQUOISE BUTTERFLY T-LIGHTS,1234,2.0819117647058825,2384.76,3.81,0,Medium Profit
72351B,SET/6 PINK  BUTTERFLY T-LIGHTS,2058,2.0712738853503185,3856.04,3.64,0,Medium Profit
72369A,PINK CLEAR GLASS CANDLE PLATE,28,1.25,35.0,4.05,10,Low Profit
72586,SET OF 6 HALLOWEEN GHOST T-LIGHTS,624,0.42,262.08,3.93,5,Low Profit
72598,SET/12 TAPER CANDLES,459,0.8402325581395349,364.95,3.96,10,Low Profit
72709,IVORY SCULPTED RND CANDLE ,44,0.85,37.4,4.04,10,Low Profit
72741,GRAND CHOCOLATECANDLE,5783,1.4284,7758.95,2.9,0,High Profit
72760B,VINTAGE CREAM 3 BASKET CAKE STAND,385,9.885111111111112,3667.2299999999996,3.97,10,Medium Profit
72780,BLACK SILOUETTE CANDLE PLATE,137,0.85,116.44999999999999,4.02,10,Low Profit
72783,BLACK SIL'T SQU CANDLE PLATE ,16,2.1,33.6,4.05,10,Low Profit
72798C,SET/4 GARDEN ROSE DINNER CANDLE,7,1.6499999999999997,11.549999999999999,4.05,10,Low Profit
72799C,PINK PILLAR CANDLE SILVER FLOCK,80,2.23,123.68,4.04,10,Low Profit
72799E,IVORY PILLAR CANDLE SILVER FLOCK,393,2.5532653061224493,725.19,3.97,10,Low Profit
72799F,IVORY PILLAR CANDLE GOLD FLOCK,127,2.930952380952381,365.05,4.03,10,Low Profit
72800B, 4 PURPLE FLOCK DINNER CANDLES,138,2.312162162162162,265.65999999999997,4.02,10,Low Profit
72800C,4 PINK DINNER CANDLE SILVER FLOCK,124,2.2566666666666664,229.95999999999998,4.03,10,Low Profit
72800D,4 BLUE DINNER CANDLES SILVER FLOCK,85,2.55,216.74999999999997,4.03,10,Low Profit
72800E,4 IVORY DINNER CANDLES SILVER FLOCK,450,2.308989898989899,913.74,3.96,10,Low Profit
72801C,4 ROSE PINK DINNER CANDLES,138,1.2364285714285714,163.38,4.02,10,Low Profit
72801D,4 SKY BLUE DINNER CANDLES,58,1.25,72.5,4.04,10,Low Profit
72801G,4 BURGUNDY WINE DINNER CANDLES,43,1.25,53.75,4.04,10,Low Profit
72802A,ROSE SCENT CANDLE IN JEWELLED BOX,315,4.3878571428571425,1271.67,3.99,10,Medium Profit
72802B,OCEAN SCENT CANDLE IN JEWELLED BOX,968,4.0116000000000005,1749.94,3.86,5,Medium Profit
72802C,VANILLA SCENT CANDLE JEWELLED BOX,1374,4.036666666666667,2541.12,3.78,0,Medium Profit
72803A,ROSE SCENT CANDLE JEWELLED DRAWER,528,4.15625,714.0,3.95,5,Low Profit
72807A,SET/3 ROSE CANDLE IN JEWELLED BOX,339,4.230298507462686,1402.03,3.98,10,Medium Profit
72807B,SET/3 OCEAN SCENT CANDLE JEWEL BOX,348,4.2335,1435.0,3.98,10,Medium Profit
72807C,SET/3 VANILLA SCENTED CANDLE IN BOX,669,4.226428571428571,2727.97,3.92,5,Medium Profit
72811,SMALL ZINC/GLASS CANDLEHOLDER,49,1.45,67.25,4.04,10,Low Profit
72812,LARGE ZINC GLASS CANDLEHOLDER,18,3.115,49.980000000000004,4.05,10,Low Profit
72815,3 WICK CHRISTMAS BRIAR CANDLE ,2,3.75,7.5,4.05,10,Low Profit
72816,SET/3 CHRISTMAS DECOUPAGE CANDLES,826,1.2583870967741935,841.56,3.89,5,Low Profit
72817,SET OF 2 CHRISTMAS DECOUPAGE CANDLE,1048,0.935,961.4,3.84,0,Low Profit
72818,CHRISTMAS DECOUPAGE CANDLE,1821,0.5966153846153847,782.77,3.69,0,Low Profit
72819,CUPID DESIGN SCENTED CANDLES,208,2.188333333333333,436.4,4.01,10,Low Profit
72821,CUPID SCENTED CANDLE IN GLASS,11,1.65,18.15,4.05,10,Low Profit
75011,BLUE DAISY MOBILE,172,0.7999999999999999,138.76,4.02,10,Low Profit
75013B,"STRING OF 8 BUTTERFLIES,PINK",25,1.65,41.24999999999999,4.05,10,Low Profit
75049L,LARGE CIRCULAR MIRROR MOBILE,6809,1.1155737704918032,6092.049999999999,2.69,0,High Profit
75131,METAL TUBE CHIME ON BAMBOO,488,1.5692307692307692,522.5600000000001,3.95,10,Low Profit
75172,PAINTED SEA SHELL METAL WINDCHIME,93,1.53,85.31,4.03,10,Low Profit
75178,ASSTD COL BUTTERFLY/CRYSTAL W/CHIME,455,0.9733333333333333,210.19,3.96,10,Low Profit
77079,DOLPHIN WINDMILL,1,2.12,2.12,4.05,10,Low Profit
77101A,UNION FLAG WINDSOCK,385,1.231,421.97,3.97,10,Low Profit
78033,FLAG OF ST GEORGE CHAIR,37,5.464285714285714,179.35,4.04,10,Low Profit
78034B,BLUE NETTING STORAGE HANGER,8,1.95,15.6,4.05,10,Low Profit
78124,MAGAZINE RACK GEBRA ASSORTED ,190,1.338235294117647,246.5,4.01,10,Low Profit
79000,MOROCCAN TEA GLASS,3784,0.8205263157894737,2741.2,3.3,0,Medium Profit
79026B,"S/4 ICON COASTER,ELVIS LIVES",25,0.4855555555555556,10.61,4.05,10,Low Profit
79030D,TUMBLER BAROQUE,402,0.39,156.78,3.97,10,Low Profit
79030D,"TUMBLER, BAROQUE",54,1.398,58.85999999999999,4.04,10,Low Profit
79030G,TUMBLER NEW ENGLAND,1220,0.39,475.8,3.81,0,Low Profit
79030G,"TUMBLER, NEW ENGLAND",138,1.1918181818181817,131.94,4.02,10,Low Profit
79051A,SMOKEY GREY COLOUR D.O.F. GLASS,587,0.3522222222222222,204.79,3.93,5,Low Profit
79051A,SMOKEY GREY COLOUR GLASS,196,0.29,56.83999999999999,4.01,10,Low Profit
79062D,"RETRO TIN ASHTRAY,REVOLUTIONARY",52,0.38,19.4,4.04,10,Low Profit
79063C,"RETRO PILL BOX KEY CHAIN,THE KING",235,0.18928571428571428,43.65,4.0,10,Low Profit
79063D,"RETRO PILL BOX , REVOLUTIONARY",188,0.189,34.72,4.01,10,Low Profit
79066K,RETRO MOD TRAY,739,0.9029090909090909,618.13,3.9,5,Low Profit
79067,CORONA MEXICAN TRAY,143,3.7055555555555557,496.25,4.02,10,Low Profit
79071B,ENGLISH ROSE METAL WASTE BIN,20,2.95,59.0,4.05,10,Low Profit
79144B,PAINTED LIGHTBULB STAR+ MOON,107,0.41333333333333333,42.54,4.03,10,Low Profit
79144C,PAINTED LIGHTBULB RAINBOW DESIGN,63,0.4033333333333333,24.06,4.04,10,Low Profit
79149B,SILICON STAR BULB  BLUE,18,0.42,7.56,4.05,10,Low Profit
79151B,"SILICON CUBE 25W, BLUE",11,0.42,4.62,4.05,10,Low Profit
79157B,UBO-LIGHT TRIOBASE BLUE,4,0.85,3.4,4.05,10,Low Profit
79157V,UBO-LIGHT TRIOBASE PURPLE,5,0.85,4.25,4.05,10,Low Profit
79160,HEART SHAPE WIRELESS DOORBELL,443,2.0598039215686272,792.54,3.96,10,Low Profit
79161A,ST GEORGE SET OF 10 PARTY LIGHTS,2,2.95,5.9,4.05,10,Low Profit
79163,BLACK CHAMPAGNE GLASS,1517,0.5045454545454545,621.87,3.75,0,Low Profit
79164,BLACK WINE GLASS,1666,0.642,697.62,3.72,0,Low Profit
79190A,RETRO PLASTIC 70'S TRAY,340,0.42,142.8,3.98,10,Low Profit
79190B,RETRO PLASTIC POLKA TRAY,655,0.41714285714285715,245.1,3.92,5,Low Profit
79190D,RETRO PLASTIC DAISY TRAY,227,0.42,95.34,4.01,10,Low Profit
79191B,RETRO PLASTIC POLKA TRAY,154,0.8499999999999999,130.9,4.02,10,Low Profit
79191C,RETRO PLASTIC ELEPHANT TRAY,1105,0.8364615384615384,812.53,3.83,0,Low Profit
79191D,RETRO PLASTIC DAISY TRAY,25,0.85,21.249999999999996,4.05,10,Low Profit
79192A,RETRO PLASTIC 70'S TRAY,3,1.25,3.75,4.05,10,Low Profit
79302M,"ART LIGHTS,FUNK MONKEY",355,2.85,950.45,3.98,10,Low Profit
79321,CHILLI LIGHTS,9646,5.4284452975047985,46265.11,2.13,0,High Profit
79323B,BLACK CHERRY LIGHTS,8,6.75,54.0,4.05,10,Low Profit
79323P,PINK CHERRY LIGHTS,4,6.75,27.0,4.05,10,Low Profit
79329,PINK FLOCK GLASS CANDLEHOLDER,12,1.015,12.18,4.05,10,Low Profit
79331,PINK FLOCK GLASS CANDLEHOLDER,26,0.8033333333333333,17.5,4.05,10,Low Profit
79336,LIGHT PINK FLOCK GLASS CANDLEHOLDER,36,0.38000000000000006,13.680000000000003,4.04,10,Low Profit
79337,BLUE FLOCK GLASS CANDLEHOLDER,644,0.634,259.96,3.92,5,Low Profit
79403,FROSTED WHITE BASE ,89,0.85,75.64999999999999,4.03,10,Low Profit
79406,FROSTED WHITE BASE ,140,0.22,30.8,4.02,10,Low Profit
81950B,FLOWER BLUE CLOCK WITH SUCKER,116,0.29,33.64,4.03,10,Low Profit
81950V,FLOWER PURPLE CLOCK W/SUCKER,5,0.85,4.25,4.05,10,Low Profit
81950V,FLOWER PURPLE CLOCK WITH SUCKER,15,0.29,4.35,4.05,10,Low Profit
81952B,ROUND BLUE CLOCK WITH SUCKER,200,0.19,38.0,4.01,10,Low Profit
81952V,ROUND PURPLE CLOCK WITH SUCKER,365,0.19,69.35,3.98,10,Low Profit
81953B,ROUND BLUE CLOCK WITH SUCKER,11,0.19,2.09,4.05,10,Low Profit
81953P,ROUND ARTICULATED PINK CLOCK W/SUCK,28,0.19000000000000003,5.32,4.05,10,Low Profit
82001S,SILVER RECORD COVER FRAME,272,4.398421052631579,955.86,4.0,10,Low Profit
82001S,VINYL RECORD FRAME SILVER,1236,3.7028735632183905,4275.22,3.81,0,Medium Profit
82011A,"BATHROOM SCALES, TROPICAL BEACH",16,3.75,60.0,4.05,10,Low Profit
82011B,BATHROOM SCALES RUBBER DUCKS,41,3.6657894736842107,139.35,4.04,10,Low Profit
82011C,BATHROOM SCALES FOOTPRINTS IN SAND,51,3.6700000000000004,172.05,4.04,10,Low Profit
82095,HEART BUTTONS JEWELLERY BOX,7,7.65,53.550000000000004,4.05,10,Low Profit
82482,WOODEN PICTURE FRAME WHITE FINISH,8256,2.6547505668934237,19945.45,2.41,0,High Profit
82483,WOOD 2 DRAWER CABINET WHITE FINISH,2324,6.7284375,14573.720000000001,3.59,0,High Profit
82484,WOOD BLACK BOARD ANT WHITE FINISH,5913,7.462615894039735,34414.71,2.87,0,High Profit
82486,3 DRAWER ANTIQUE WHITE WOOD CABINET,707,8.914064171122995,6124.13,3.91,5,High Profit
82486,WOOD S/3 CABINET ANT WHITE FINISH,1364,8.564933333333332,11343.2,3.78,0,High Profit
82494L,WOODEN FRAME ANTIQUE WHITE ,6268,2.9328921568627453,17583.77,2.8,0,High Profit
82551,LAUNDRY 15C METAL SIGN,2791,1.4927450980392156,4229.719999999999,3.5,0,Medium Profit
82552,WASHROOM METAL SIGN,2918,1.4685472972972973,4456.57,3.47,0,Medium Profit
82567,"AIRLINE LOUNGE,METAL SIGN",495,2.0566442953020134,1007.21,3.95,10,Medium Profit
82578,KITCHEN METAL SIGN,1954,0.5614864864864865,1087.46,3.66,0,Medium Profit
82580,BATHROOM METAL SIGN,5503,0.5642487046632124,3016.9500000000003,2.95,0,Medium Profit
82581,TOILET METAL SIGN,3749,0.5550495049504951,1997.13,3.3,0,Medium Profit
82582,AREA PATROLLED METAL SIGN,4288,2.109095744680851,8548.02,3.2,0,High Profit
82583,HOT BATHS METAL SIGN,6367,2.081275510204082,12731.34,2.78,0,High Profit
82599,FANNY'S REST STOPMETAL SIGN,421,2.0952873563218395,879.1800000000001,3.97,10,Low Profit
82600,N0 SINGING METAL SIGN,1197,2.091142857142857,2523.78,3.81,0,Medium Profit
82600,NO SINGING METAL SIGN,4635,2.082790697674419,9571.5,3.13,0,High Profit
82605,OLD DOC RUSSEL METAL SIGN,14,2.1,29.400000000000002,4.05,10,Low Profit
82613A,"METAL SIGN,CUPCAKE SINGLE HOOK",66,1.25,82.5,4.04,10,Low Profit
82613B,"METAL SIGN,CUPCAKE SINGLE HOOK",400,1.0286666666666666,267.6,3.97,10,Low Profit
82613C,"METAL SIGN,CUPCAKE SINGLE HOOK",360,1.0032432432432432,234.2,3.98,10,Low Profit
82613D,METAL SIGN CUPCAKE SINGLE HOOK,469,0.9512,270.85,3.96,10,Low Profit
82615,PINK MARSHMALLOW SCARF KNITTING KIT,36,2.55,91.8,4.04,10,Low Profit
82616B,FRAPPUCINO SCARF KNITTING KIT,307,1.6657142857142857,413.83,3.99,10,Low Profit
82616C,MIDNIGHT GLAMOUR SCARF KNITTING KIT,277,1.5763461538461538,385.52,4.0,10,Low Profit
84006,MAGIC TREE -PAPER FLOWERS,831,0.8500000000000001,706.3499999999999,3.89,5,Low Profit
84012,MAGIC SHEEP WOOL GROWING FROM PAPER,1212,1.0826315789473684,1190.0,3.81,0,Medium Profit
84016,FLAG OF ST GEORGE CAR FLAG,25,0.42,10.5,4.05,10,Low Profit
84029E,RED WOOLLY HOTTIE WHITE HEART.,3676,4.054829721362229,13311.26,3.32,0,High Profit
84029G,KNITTED UNION FLAG HOT WATER BOTTLE,2465,4.000835913312693,9313.17,3.56,0,High Profit
84030E,ENGLISH ROSE HOT WATER BOTTLE,1414,4.272078853046596,5729.66,3.77,0,High Profit
84031A,CHARLIE+LOLA RED HOT WATER BOTTLE ,173,3.967551020408163,498.53000000000003,4.02,10,Low Profit
84031B,CHARLIE LOLA BLUE HOT WATER BOTTLE ,93,4.000270270270271,338.09000000000003,4.03,10,Low Profit
84032A,CHARLIE+LOLA PINK HOT WATER BOTTLE,447,2.7401886792452834,1107.0100000000002,3.96,10,Medium Profit
84032B,CHARLIE + LOLA RED HOT WATER BOTTLE,651,2.6450000000000005,1333.15,3.92,5,Medium Profit
84033,FLAG OF ST GEORGE ,23,1.65,37.95,4.05,10,Low Profit
84050,PINK HEART SHAPE EGG FRYING PAN,3134,1.6407389162561576,4370.78,3.43,0,Medium Profit
84051,ASS COLOUR GLOWING TIARAS,279,0.8416,211.95,4.0,10,Low Profit
84077,WORLD WAR 2 GLIDERS ASSTD DESIGNS,54319,0.2926059322033898,13558.409999999998,0.1,0,High Profit
84078A,SET/4 WHITE RETRO STORAGE CUBES ,357,38.86509433962265,13007.150000000001,3.98,10,High Profit
84086B,YELLOW/BLUE RETRO RADIO,16,2.95,47.2,4.05,10,Low Profit
84086C,PINK/PURPLE RETRO RADIO,136,2.95,401.20000000000005,4.02,10,Low Profit
84192,ASSORTED COLOUR METAL CAT ,111,1.25,138.75,4.03,10,Low Profit
84199,GLOW IN DARK DOLPHINS,128,0.21,26.88,4.03,10,Low Profit
84201B,HAPPY BIRTHDAY CARD STRIPEY TEDDY,13,0.19,2.47,4.05,10,Low Profit
84201C,HAPPY BIRTHDAY CARD TEDDY/CAKE,5,0.19,0.95,4.05,10,Low Profit
84206A,3 BLACK CATS W HEARTS BLANK CARD,24,0.19000000000000003,4.5600000000000005,4.05,10,Low Profit
84206B,CAT WITH SUNGLASSES BLANK CARD,5,0.19,0.95,4.05,10,Low Profit
84206C,CHAMPAGNE TRAY BLANK CARD,8,0.19,1.52,4.05,10,Low Profit
84212,"ASSORTED FLOWER COLOUR ""LEIS""",10297,0.61873786407767,4871.45,2.0,0,Medium Profit
84218,BOX/12 CHICK & EGG IN BASKET,122,1.9434999999999998,222.29999999999998,4.03,10,Low Profit
84226,HEN HOUSE W FAMILY IN BARN & NEST,49,0.8266666666666667,34.510000000000005,4.04,10,Low Profit
84227,HEN HOUSE W CHICK IN NEST,1,0.42,0.42,4.05,10,Low Profit
84228,HEN HOUSE W CHICK STANDING,270,0.416875,107.39999999999999,4.0,10,Low Profit
84228,HEN HOUSE WITH CHICK STANDING,14,0.42,5.88,4.05,10,Low Profit
84231,EASTER BUNNY WITH BASKET ON BACK,105,0.65,68.25,4.03,10,Low Profit
84247E,PACK OF 12 CHRISTMAS FUN CARDS,47,2.95,138.65,4.04,10,Low Profit
84247E,PACK/12 XMAS FUN CARD,33,2.95,97.35000000000001,4.05,10,Low Profit
84247G,"DECOUPAGE,GREETING CARD,",336,0.42,141.12,3.98,10,Low Profit
84247K,"FOLK ART GREETING CARD,pack/12",22,2.95,64.9,4.05,10,Low Profit
84247L,FAWN AND MUSHROOM GREETING CARD,108,0.42,45.36,4.03,10,Low Profit
84247N,PACK/12 BLUE FOLKART CARDS,22,2.95,64.9,4.05,10,Low Profit
84249A,"GREETING CARD,SQUARE, DOUGHNUTS",160,0.483076923076923,68.84,4.02,10,Low Profit
84251B,"GREETING CARD, STICKY GORDON",157,0.19,29.830000000000002,4.02,10,Low Profit
84251C,"GREETING CARD, TWO SISTERS.",24,0.19,4.5600000000000005,4.05,10,Low Profit
84251G,"GREETING CARD, OVERCROWDED POOL.",180,0.19,34.2,4.02,10,Low Profit
84279B,CHERRY BLOSSOM DECORATIVE FLASK,179,3.7436842105263155,666.93,4.02,10,Low Profit
84279P,CHERRY BLOSSOM  DECORATIVE FLASK,336,3.7348421052631577,1242.72,3.98,10,Medium Profit
84306,S/3 PINK SQUARE PLANTERS ROSES,2,10.95,21.9,4.05,10,Low Profit
84313B,BLUE TV TRAY TABLE ,76,3.1884615384615387,175.8,4.04,10,Low Profit
84313C,ORANGE TV TRAY TABLE ,461,2.2375,908.15,3.96,10,Low Profit
84341B,SMALL PINK MAGIC CHRISTMAS TREE,618,0.5044117647058823,252.23,3.93,5,Low Profit
84347,ROTATING SILVER ANGELS T-LIGHT HLDR,7892,2.6070625,17554.27,2.48,0,High Profit
84352,SILVER CHRISTMAS TREE BAUBLE STAND ,33,16.768181818181816,543.35,4.05,10,Low Profit
84356,POMPOM CURTAIN,337,5.645652173913043,1570.15,3.98,10,Medium Profit
84358,FLOOR LAMP SHADE WOOD BASE,32,9.341666666666667,287.74,4.05,10,Low Profit
84360,TABLE LAMP WHITE SHADE WOOD BASE,74,5.797058823529412,388.3,4.04,10,Low Profit
84375,SET OF 20 KIDS COOKIE CUTTERS,4139,2.1499522673031026,8676.27,3.23,0,High Profit
84378,SET OF 3 HEART COOKIE CUTTERS,6001,1.3282954545454546,7719.34,2.86,0,High Profit
84380,SET OF 3 BUTTERFLY COOKIE CUTTERS,5287,1.3282306163021869,6711.0,3.0,0,High Profit
84387A,BIRD ON BRANCH CANVAS SCREEN,11,1.95,21.45,4.05,10,Low Profit
84388,WISE MAN STAR SHAPE EGG PAN,24,1.02,13.14,4.05,10,Low Profit
84402B,PURPLE DRESS JEWELLERY STAND,61,0.79,48.19,4.04,10,Low Profit
84406B,CREAM CUPID HEARTS COAT HANGER,1917,3.8149382716049387,7121.2300000000005,3.67,0,High Profit
84415A,PINK FLOCK SUEDE CUSHION COVER ,12,1.25,15.0,4.05,10,Low Profit
84415B,BLUE FLOCK CUSHION COVER ,6,2.5,12.5,4.05,10,Low Profit
84422,PINK/BLUE DISC/MIRROR STRING,551,0.4475,220.41,3.94,5,Low Profit
84429A,MEDIUM PINK BUDDHA HEAD ,46,2.95,135.70000000000002,4.04,10,Low Profit
84452,METAL RABBIT LADDER EASTER ,74,0.85,62.9,4.04,10,Low Profit
84457,SET/3 RABBITS FLOWER SKIPPPING ROPE,119,0.85,101.14999999999999,4.03,10,Low Profit
84459A,PINK METAL CHICKEN HEART ,670,1.477142857142857,906.14,3.92,5,Low Profit
84459B,YELLOW METAL CHICKEN HEART ,676,1.4821311475409835,938.12,3.92,5,Low Profit
84461,12 PINK HEN+CHICKS IN BASKET,41,2.55,104.55,4.04,10,Low Profit
84462,3 PINK HEN+CHICKS IN BASKET,12,1.25,15.0,4.05,10,Low Profit
84465,15 PINK FLUFFY CHICKS IN BOX,10,2.95,29.5,4.05,10,Low Profit
84466,TOP SECRET PEN SET,46,1.25,57.5,4.04,10,Low Profit
84497,BUTTONS AND STRIPES NOTEBOOK ,13,3.75,48.75,4.05,10,Low Profit
84499,BLACK FLOWER CANDLE PLATE,7,0.85,5.949999999999999,4.05,10,Low Profit
84507B,STRIPES DESIGN MONKEY DOLL,31,2.55,79.05,4.05,10,Low Profit
84507C,BLUE CIRCLES DESIGN MONKEY DOLL,63,2.55,160.64999999999998,4.04,10,Low Profit
84508A,CAMOUFLAGE DESIGN TEDDY,1630,2.4085714285714284,3445.5000000000005,3.73,0,Medium Profit
84508B,STRIPES DESIGN TEDDY,56,2.55,142.79999999999998,4.04,10,Low Profit
84508C,BLUE CIRCLES DESIGN TEDDY,51,2.55,130.04999999999998,4.04,10,Low Profit
84509A,SET OF 4 ENGLISH ROSE PLACEMATS,612,3.80705035971223,2194.64,3.93,5,Medium Profit
84509B,SET OF 4 FAIRY CAKE PLACEMATS,156,3.75,585.0,4.02,10,Low Profit
84509C,SET OF 4 POLKADOT PLACEMATS ,77,3.715217391304348,269.55,4.04,10,Low Profit
84509E,SET OF 4 CAROUSEL PLACEMATS ,70,2.385,101.06,4.04,10,Low Profit
84509G,SET OF 4 FAIRY CAKE PLACEMATS ,491,2.717391304347826,856.25,3.95,10,Low Profit
84510A,SET OF 4 ENGLISH ROSE COASTERS,1058,1.2722602739726028,1289.34,3.84,0,Medium Profit
84510C,SET OF 4 POLKADOT COASTERS,96,1.325625,122.42,4.03,10,Low Profit
84510E,SET OF 4 GREEN CAROUSEL COASTERS,25,1.018888888888889,26.05,4.05,10,Low Profit
84519A,TOMATO CHARLIE+LOLA COASTER SET,477,1.4506557377049178,739.1899999999999,3.96,10,Low Profit
84519B,CARROT CHARLIE+LOLA COASTER SET,425,1.336304347826087,545.99,3.97,10,Low Profit
84520B,PACK 20 ENGLISH ROSE PAPER NAPKINS,481,0.8461818181818181,388.69,3.96,10,Low Profit
84522,PINK PARTY SUNGLASSES,12,1.95,23.4,4.05,10,Low Profit
84527,FLAMES SUNGLASSES PINK LENSES,47,1.9000000000000001,84.44999999999999,4.04,10,Low Profit
84531A,PINK KNITTED EGG COSY,140,0.6900000000000001,71.75999999999999,4.02,10,Low Profit
84531B,BLUE KNITTED EGG COSY,149,0.7020000000000001,81.50999999999999,4.02,10,Low Profit
84534B,FAIRY CAKE NOTEBOOK A5 SIZE,46,0.85,39.1,4.04,10,Low Profit
84535A,ENGLISH ROSE NOTEBOOK A6 SIZE,398,0.6385,185.1,3.97,10,Low Profit
84535B,FAIRY CAKES NOTEBOOK A6 SIZE,1272,0.6680733944954129,762.99,3.8,0,Low Profit
84536A,ENGLISH ROSE NOTEBOOK A7 SIZE,2729,0.42364444444444443,1147.0,3.51,0,Medium Profit
84536B,FAIRY CAKES NOTEBOOK A7 SIZE,1684,0.4303,655.34,3.72,0,Low Profit
84539,KNITTED RABBIT DOLL ,16,1.65,26.4,4.05,10,Low Profit
84548,CROCHET BEAR RED/BLUE  KEYRING,15,1.65,24.75,4.05,10,Low Profit
84549,CROCHET WHITE RABBIT KEYRING ,31,1.5833333333333333,46.349999999999994,4.05,10,Low Profit
84550,CROCHET LILAC/RED BEAR KEYRING,1,1.65,1.65,4.05,10,Low Profit
84551,CROCHET DOG KEYRING,1,1.65,1.65,4.05,10,Low Profit
84558A,3D DOG PICTURE PLAYING CARDS,290,2.95,855.5000000000001,3.99,10,Low Profit
84559A,3D SHEET OF DOG STICKERS,272,0.8685714285714285,231.98,4.0,10,Low Profit
84559B,3D SHEET OF CAT STICKERS,216,0.85,183.6,4.01,10,Low Profit
84562A,PINK/WHITE RIBBED MELAMINE JUG,2,7.95,15.9,4.05,10,Low Profit
84563A,PINK & WHITE BREAKFAST TRAY,59,4.021428571428571,198.05,4.04,10,Low Profit
84563B,BLUE & WHITE BREAKFAST TRAY,69,3.2357142857142858,209.55,4.04,10,Low Profit
84568,GIRLS ALPHABET IRON ON PATCHES ,11040,0.20304347826086958,2088.0,1.85,0,Medium Profit
84569A,PACK 3 IRON ON DOG PATCHES,191,1.2965384615384616,239.96,4.01,10,Low Profit
84569B,PACK 3 FIRE ENGINE/CAR PATCHES,75,1.25,93.75,4.04,10,Low Profit
84569C,PACK 4 FLOWER/BUTTERFLY PATCHES,1,1.25,1.25,4.05,10,Low Profit
84569D,PACK 6 HEART/ICE-CREAM PATCHES,268,1.2855882352941177,337.42,4.0,10,Low Profit
84575A,PINK DOG CANNISTER,14,3.95,39.3,4.05,10,Low Profit
84576,BLUE CAT BISCUIT BARREL PINK HEART,57,1.9500000000000002,111.14999999999999,4.04,10,Low Profit
84580,MOUSE TOY WITH PINK T-SHIRT,334,3.765573770491803,1256.3,3.99,10,Medium Profit
84581,DOG TOY WITH PINK CROCHET SKIRT,164,3.7608571428571427,615.76,4.02,10,Low Profit
84584,PINK GINGHAM CAT WITH SCARF,83,2.55,211.64999999999998,4.04,10,Low Profit
84592,CROCHET ROSE PURSE WITH SUEDE BACK,70,2.95,206.50000000000003,4.04,10,Low Profit
84593,CROCHET ROSE DES CLOTHES HANGER,5,2.95,14.750000000000002,4.05,10,Low Profit
84595E,LARGE TORTILLA DESIGN RED BOWL,64,2.1166666666666667,109.79999999999998,4.04,10,Low Profit
84596B,SMALL DOLLY MIX DESIGN ORANGE BOWL,4436,0.48358695652173916,2040.19,3.17,0,Medium Profit
84596E,SMALL LICORICE DES PINK BOWL,391,0.7702857142857144,252.63,3.97,10,Low Profit
84596F,SMALL MARSHMALLOWS PINK BOWL,3285,0.49737373737373736,1553.25,3.4,0,Medium Profit
84596G,SMALL CHOCOLATES PINK BOWL,1660,0.4859375,774.18,3.72,0,Low Profit
84596J,MIXED NUTS LIGHT GREEN BOWL,469,0.5122222222222222,205.28,3.96,10,Low Profit
84596L,BISCUITS SMALL BOWL LIGHT BLUE,1038,0.48303797468354426,440.94,3.84,0,Low Profit
84597B,RETRO BROWN BALL ASHTRAY ,41,1.25,51.25,4.04,10,Low Profit
84597C,RETRO PINK BALL ASHTRAY ,46,1.25,57.5,4.04,10,Low Profit
84598,BOYS ALPHABET IRON ON PATCHES,1248,0.21000000000000002,262.08,3.8,0,Low Profit
84600,NEW BAROQUE JEWELLERY BOX ,48,7.85,367.6,4.04,10,Low Profit
84609,TALL ROCOCO CANDLE HOLDER,90,8.352941176470589,720.0,4.03,10,Low Profit
84613A,PINK NEW BAROQUE FLOCK CANDLESTICK,6,4.65,27.900000000000002,4.05,10,Low Profit
84613C,BLUE NEW BAROQUE FLOCK CANDLESTICK,1,4.65,4.65,4.05,10,Low Profit
84614A,PINK BAROQUE FLOCK CANDLE HOLDER,2,5.95,11.9,4.05,10,Low Profit
84616,SILVER ROCCOCO CHANDELIER,11,29.95,329.45,4.05,10,Low Profit
84617,NEW BAROQUE BLACK BOXES,3,12.75,38.25,4.05,10,Low Profit
84620,BLUE GINGHAM ROSE CUSHION COVER,2,5.95,11.9,4.05,10,Low Profit
84625A,PINK NEW BAROQUECANDLESTICK CANDLE,455,1.4596774193548387,470.75,3.96,10,Low Profit
84625C,BLUE NEW BAROQUE CANDLESTICK CANDLE,439,1.5250000000000001,478.15,3.96,10,Low Profit
84629,WHITE 3 FRAME BIRDS AND TREE ,20,10.05,150.0,4.05,10,Low Profit
84631,FRUIT TREE AND BIRDS WALL PLAQUE,16,7.949999999999999,127.2,4.05,10,Low Profit
84632,DECORATIVE HANGING SHELVING UNIT,6,59.95,359.70000000000005,4.05,10,Low Profit
84637,KITCHEN FLOWER POTS WALL PLAQUE,29,5.950000000000001,172.55,4.05,10,Low Profit
84638,SMALL KITCHEN FLOWER POTS PLAQUE,19,6.95,132.05,4.05,10,Low Profit
84658,WHITE STITCHED CUSHION COVER,44,7.028823529411765,308.48,4.04,10,Low Profit
84659A,WHITE TRAVEL ALARM CLOCK,134,2.4695454545454543,314.31,4.02,10,Low Profit
84660A,WHITE STITCHED WALL CLOCK,837,1.3680555555555556,761.9,3.88,5,Low Profit
84660B,BLACK STITCHED WALL CLOCK,695,1.3410344827586207,684.65,3.91,5,Low Profit
84660C,PINK STITCHED WALL CLOCK,639,1.0018518518518518,590.57,3.92,5,Low Profit
84661A,WHITE SQUARE TABLE CLOCK,94,2.129090909090909,132.99,4.03,10,Low Profit
84661B,BLACK SQUARE TABLE CLOCK,95,2.5658333333333334,225.48999999999998,4.03,10,Low Profit
84661C,PINK SQUARE TABLE CLOCK,62,1.494,70.10000000000001,4.04,10,Low Profit
84663A,GRASS HOPPER WOODEN WALL CLOCK ,260,2.1212,324.04,4.0,10,Low Profit
84665,SQUARE CHERRY BLOSSOM CABINET,105,5.95,624.75,4.03,10,Low Profit
84666,SQUARE CHERRY BLOSSOM CABINET,24,3.95,94.80000000000001,4.05,10,Low Profit
84673A,PINK FLY SWAT,63,0.6500000000000001,40.95,4.04,10,Low Profit
84673B,BLUE FLY SWAT,135,0.86,114.21000000000001,4.02,10,Low Profit
84674,FLYING PIG WATERING CAN,186,2.825609756097561,426.3,4.01,10,Low Profit
84675,FROG KING WATERING CAN,9,2.95,26.55,4.05,10,Low Profit
84678,CLASSICAL ROSE SMALL VASE,138,2.1599999999999997,227.1,4.02,10,Low Profit
84679,CLASSICAL ROSE TABLE LAMP,6,11.95,55.7,4.05,10,Low Profit
84683,CLASSICAL ROSE CANDLESTAND,187,0.9928571428571429,147.35000000000002,4.01,10,Low Profit
84685,BEACH HUT KEY CABINET,21,3.75,78.75,4.05,10,Low Profit
84686,BEACH HUT MIRROR,49,2.9525,66.39,4.04,10,Low Profit
84687,BEACH HUT SHELF W 3 DRAWERS,70,5.7,376.5,4.04,10,Low Profit
84688,BEACH HUT DESIGN BLACKBOARD,34,4.25,144.5,4.04,10,Low Profit
84689,S/2 BEACH HUT TREASURE CHESTS,3,3.975,9.95,4.05,10,Low Profit
84691,PACK 20 DOLLY PEGS,242,0.7525,174.5,4.0,10,Low Profit
84692,BOX OF 24 COCKTAIL PARASOLS,6803,0.430972972972973,2808.57,2.7,0,Medium Profit
84705C,PINK FLOCK PHOTO FRAME ,12,1.25,15.0,4.05,10,Low Profit
84706D,CHERRY BLOSSOM TABLE CLOCK ,6,4.283333333333333,25.7,4.05,10,Low Profit
84706F,RED PEONY TABLE CLOCK,16,2.95,47.2,4.05,10,Low Profit
84707A,SILVER JEWELLED MIRROR TRINKET TRAY,66,9.5512,440.73999999999995,4.04,10,Low Profit
84707B,PINK JEWELLED MIRROR TRINKET TRAY,29,8.873846153846154,178.56,4.05,10,Low Profit
84708B,PINK JEWELLED PHOTO FRAME ,53,4.8500000000000005,256.75,4.04,10,Low Profit
84709B,PINK OVAL JEWELLED MIRROR,20,5.95,119.0,4.05,10,Low Profit
84711A,SILVER OVAL SHAPE TRINKET BOX,14,9.95,139.29999999999998,4.05,10,Low Profit
84711B,PINK OVAL SHAPE TRINKET BOX,15,9.95,149.25,4.05,10,Low Profit
84712B,PINK JEWELLED PHOTO FRAME,19,7.805454545454546,147.87,4.05,10,Low Profit
84715,SET OF 6 ICE CREAM SKITTLES,16,2.9500000000000006,47.2,4.05,10,Low Profit
84723,CHERRY BLOSSOM CANVAS ART PICTURE,41,3.9499999999999997,97.95,4.04,10,Low Profit
84725,FREESTYLE CANVAS ART PICTURE,41,1.2444444444444445,39.65,4.04,10,Low Profit
84731,3 BIRDS CANVAS SCREEN,2,1.02,2.04,4.05,10,Low Profit
84732B,CUTE BIRD CEATURE SCREEN,22,0.39,8.58,4.05,10,Low Profit
84732D,CUTE RABBIT CEATURE SCREEN ,11,0.39,4.29,4.05,10,Low Profit
84741C,CITRUS GARLAND FELT FLOWERS ,60,1.95,117.0,4.04,10,Low Profit
84743C,ORANGE FELT VASE + FLOWERS,1,1.25,1.25,4.05,10,Low Profit
84744,S/6 SEW ON CROCHET FLOWERS,108,1.25,135.0,4.03,10,Low Profit
84745A,PINK HANGING GINGHAM EASTER HEN,32,0.42000000000000004,13.44,4.05,10,Low Profit
84745B,BLUE HANGING GINGHAM EASTER HEN,32,0.42000000000000004,13.44,4.05,10,Low Profit
84746,PINK EASTER HENS+FLOWER,3,3.75,11.25,4.05,10,Low Profit
84748,FOLK FELT HANGING MULTICOL GARLAND,24,3.75,90.0,4.05,10,Low Profit
84750A,PINK SMALL GLASS CAKE STAND,24,1.95,46.8,4.05,10,Low Profit
84750B,BLACK SMALL GLASS CAKE STAND,61,1.17,54.99,4.04,10,Low Profit
84751B,BLACK MEDIUM GLASS CAKE STAND,17,1.9,37.11,4.05,10,Low Profit
84754,S/15 SILVER GLASS BAUBLES IN BAG,502,1.2397297297297296,586.46,3.95,5,Low Profit
84755,COLOUR GLASS T-LIGHT HOLDER HANGING,15563,0.648377358490566,9566.51,0.95,0,High Profit
84760S,SMALL HANGING GLASS+ZINC LANTERN,43,1.45,62.349999999999994,4.04,10,Low Profit
84763,ZINC FINISH 15CM PLANTER POTS,573,1.2422448979591836,679.01,3.94,5,Low Profit
84766,SILVER ROCOCO CANDLE STICK,146,3.3785714285714286,340.7,4.02,10,Low Profit
84773,RED ROSE AND LACE C/COVER,3,2.95,8.850000000000001,4.05,10,Low Profit
84789,ENCHANTED BIRD PLANT CAGE,180,3.6383720930232557,595.8000000000001,4.02,10,Low Profit
84792,ENCHANTED BIRD COATHANGER 5 HOOK,774,4.666197916666667,3470.5400000000004,3.9,5,Medium Profit
84795B,SUNSET CHECK HAMMOCK,167,7.8,1249.65,4.02,10,Medium Profit
84795C,OCEAN STRIPE HAMMOCK ,2,7.95,15.9,4.05,10,Low Profit
84796A,PINK HAWAIIAN PICNIC HAMPER FOR 2,14,12.75,178.5,4.05,10,Low Profit
84796B,BLUE SAVANNAH PICNIC HAMPER FOR 2,69,12.43235294117647,793.3499999999999,4.04,10,Low Profit
84798A,PINK FOXGLOVE ARTIIFCIAL FLOWER,14,2.55,35.699999999999996,4.05,10,Low Profit
84798B,PURPLE FOXGLOVE ARTIIFCIAL FLOWER,7,2.55,17.849999999999998,4.05,10,Low Profit
84799,SPRIG LAVENDER ARTIFICIAL FLOWER,220,0.9733333333333333,155.48,4.01,10,Low Profit
84800L,LARGE WHITE/PINK ROSE ART FLOWER,360,1.9245454545454548,639.36,3.98,10,Low Profit
84800M,MEDIUM WHITE/PINK ROSE ART FLOWER,127,1.5372727272727273,174.31,4.03,10,Low Profit
84800S,SMALL WHITE/PINK ROSE ART FLOWER,107,1.2077777777777778,120.07000000000001,4.03,10,Low Profit
84801A,PINK HYDRANGEA ART FLOWER,46,2.1,96.60000000000001,4.04,10,Low Profit
84801B,WHITE HYDRANGEA ART FLOWER,22,2.1,46.2,4.05,10,Low Profit
84802A,WHITE ANEMONE ARTIFICIAL FLOWER,2,1.69,3.38,4.05,10,Low Profit
84802B,PURPLE ANEMONE ARTIFICIAL FLOWER,4,1.69,6.76,4.05,10,Low Profit
84803B,WHITE ALLIUM  ARTIFICIAL FLOWER,15,1.6900000000000002,25.35,4.05,10,Low Profit
84804A,CREAM DELPHINIUM ARTIFICIAL FLOWER,70,2.68,180.58,4.04,10,Low Profit
84804B,BLUE DELPHINIUM ARTIFICIAL FLOWER,99,2.23,188.37000000000003,4.03,10,Low Profit
84805A,CREAM CLIMBING HYDRANGA ART FLOWER,30,2.0833333333333335,52.5,4.05,10,Low Profit
84805B,BLUE CLIMBING HYDRANGA ART FLOWER,38,2.0833333333333335,52.5,4.04,10,Low Profit
84806A,PINK CANDYSTUFT ARTIFICIAL FLOWER,137,1.0645454545454545,96.88999999999999,4.02,10,Low Profit
84806B,WHITE CANDYSTUFT ARTIFICIAL FLOWER,296,1.3836842105263158,394.15999999999997,3.99,10,Low Profit
84809A,WHITE CHRYSANTHEMUMS ART FLOWER,38,2.1,79.80000000000001,4.04,10,Low Profit
84809B,PINK CHRYSANTHEMUMS ART FLOWER,18,2.1,37.800000000000004,4.05,10,Low Profit
84813,SET OF 4 DIAMOND NAPKIN RINGS,145,9.359545454545454,1146.97,4.02,10,Medium Profit
84816,DANISH ROSE BEDSIDE CABINET,13,39.95,519.35,4.05,10,Low Profit
84817,DANISH ROSE DECORATIVE PLATE,951,1.4351785714285714,710.64,3.86,5,Low Profit
84818,DANISH ROSE PHOTO FRAME,1423,1.3489898989898987,1460.81,3.77,0,Medium Profit
84819,DANISH ROSE ROUND SEWING BOX,811,2.2196774193548388,951.79,3.89,5,Low Profit
84820,DANISH ROSE TRINKET TRAYS,259,3.877741935483871,483.05,4.0,10,Low Profit
84821,DANISH ROSE DELUXE COASTER,935,0.614390243902439,407.15,3.87,5,Low Profit
84823,DANISH ROSE FOLDING CHAIR,112,7.95,890.4000000000001,4.03,10,Low Profit
84824,DANISH ROSE UMBRELLA STAND,2,15.95,31.9,4.05,10,Low Profit
84826,ASSTD DESIGN 3D PAPER STICKERS,1159,0.54875,386.83,3.82,0,Low Profit
84827,ASS DES PHONE SPONGE CRAFT STICKER,509,0.465,153.09,3.95,5,Low Profit
84828,JUNGLE POPSICLES ICE LOLLY HOLDERS,119,1.25,148.75,4.03,10,Low Profit
84828,JUNGLE POPSICLES ICE LOLLY MOULDS,831,1.320204081632653,1038.66,3.89,5,Medium Profit
84832,ZINC WILLIE WINKIE  CANDLE STICK,2606,0.8724607329842932,2176.1,3.53,0,Medium Profit
84836,ZINC METAL HEART DECORATION,5750,1.255514403292181,7099.93,2.91,0,High Profit
84840,SWEETHEART CARRY-ALL BASKET,3,8.5,25.5,4.05,10,Low Profit
84842,HELLO SAILOR BATHROOM SET,14,3.75,52.5,4.05,10,Low Profit
84843,WHITE SOAP RACK WITH 2 BOTTLES,161,5.857142857142857,864.35,4.02,10,Low Profit
84846A,SCENTED CANDLE IN DIGITALIS TIN,52,2.1,109.20000000000002,4.04,10,Low Profit
84847,FLORAL BATHROOM SET,20,3.75,75.0,4.05,10,Low Profit
84849A,HELLO SAILOR BLUE SOAP HOLDER,155,1.69,261.95,4.02,10,Low Profit
84849B,FAIRY SOAP SOAP HOLDER,232,1.69,392.08,4.01,10,Low Profit
84849D,HOT BATHS SOAP HOLDER,479,1.69,809.51,3.96,10,Low Profit
84854,GIRLY PINK TOOL SET,5,4.95,24.75,4.05,10,Low Profit
84857B,BLUE MONTE CARLO HANDBAG,24,1.95,46.8,4.05,10,Low Profit
84857C,PINK MONTE CARLO HANDBAG,95,2.76875,198.35,4.03,10,Low Profit
84858C,PINK RIVIERA HANDBAG,185,4.07,250.05,4.01,10,Low Profit
84859A,SILVER DISCO HANDBAG,123,2.2196774193548388,248.20999999999998,4.03,10,Low Profit
84859B,BLUE DISCO HANDBAG,30,2.168,60.68,4.05,10,Low Profit
84859C,PINK DISCO HANDBAG,83,2.348095238095238,176.39,4.04,10,Low Profit
84865,NEW BAROQUE BLACK PHOTO ALBUM,24,5.9772727272727275,109.65,4.05,10,Low Profit
84870B,BLUE GEISHA GIRL ,20,3.75,75.0,4.05,10,Low Profit
84870C,GREEN GEISHA GIRL ,20,3.75,75.0,4.05,10,Low Profit
84872A,TEATIME FUNKY FLOWER BACKPACK FOR 2,3,16.95,50.849999999999994,4.05,10,Low Profit
84873A,FUNKY FLOWER PICNIC BAG FOR 4,2,16.95,33.9,4.05,10,Low Profit
84874B,BLUE TRAVEL FIRST AID KIT,34,1.65,56.1,4.04,10,Low Profit
84875B,GREEN SQUARE COMPACT MIRROR,125,1.5833333333333333,168.75,4.03,10,Low Profit
84875D,BLUE SQUARE COMPACT MIRROR,51,1.25,63.75,4.04,10,Low Profit
84876B,GREEN HEART COMPACT MIRROR,201,1.25,251.25,4.01,10,Low Profit
84876D,BLUE HEART COMPACT MIRROR,124,2.2916666666666665,187.5,4.03,10,Low Profit
84877A,PINK ROUND COMPACT MIRROR,12,1.25,15.0,4.05,10,Low Profit
84877B,GREEN ROUND COMPACT MIRROR,126,1.25,157.5,4.03,10,Low Profit
84877D,BLUE ROUND COMPACT MIRROR,87,1.7045454545454546,121.25,4.03,10,Low Profit
84879,ASSORTED COLOUR BIRD ORNAMENT,35263,1.6807096774193548,56413.03,0.1,0,High Profit
84880,WHITE WIRE EGG HOLDER,301,7.047727272727272,1881.15,3.99,10,Medium Profit
84881,BLUE WIRE SPIRAL CANDLE HOLDER,11,6.35,69.85,4.05,10,Low Profit
84882,GREEN WIRE STANDING CANDLE HOLDER,34,3.75,127.5,4.04,10,Low Profit
84884A,ANT WHITE WIRE HEART SPIRAL,286,4.028125,1076.66,3.99,10,Medium Profit
84898F,YELLOW FLOWERS FELT HANDBAG KIT,45,2.1,94.50000000000001,4.04,10,Low Profit
84905,PINK BUTTERFLY CUSHION COVER ,12,4.95,59.400000000000006,4.05,10,Low Profit
84906,PINK B'FLY C/COVER W BOBBLES,11,5.95,65.45,4.05,10,Low Profit
84906,PINK BUTTERFLY CUSHION COVER,17,1.95,33.15,4.05,10,Low Profit
84907,PINK YELLOW PATCH CUSHION COVER,5,7.650000000000001,38.25,4.05,10,Low Profit
84910A,PINK PAISLEY CUSHION COVER ,10,5.95,59.5,4.05,10,Low Profit
84912A,PINK ROSE WASHBAG,103,3.75,386.25,4.03,10,Low Profit
84912B,GREEN ROSE WASHBAG,148,3.75,555.0,4.02,10,Low Profit
84913A,SOFT PINK ROSE TOWEL ,37,4.65,172.05,4.04,10,Low Profit
84913B,MINT GREEN ROSE TOWEL,70,4.65,325.5,4.04,10,Low Profit
84915,HAND TOWEL PINK FLOWER AND DAISY,199,2.89,281.95,4.01,10,Low Profit
84916,HAND TOWEL PALE BLUE W FLOWERS,212,3.8055555555555554,407.4,4.01,10,Low Profit
84917,WHITE HAND TOWEL WITH BUTTERFLY,170,3.2642857142857147,400.5,4.02,10,Low Profit
84919,BLUE CUSHION COVER WITH FLOWER,29,6.95,201.55,4.05,10,Low Profit
84920,PINK FLOWER FABRIC PONY,71,3.75,266.25,4.04,10,Low Profit
84921,CREAM AND PINK FLOWERS PONY ,11,3.75,41.25,4.05,10,Low Profit
84922,PINK BUTTERFLY WASHBAG,8,4.25,34.0,4.05,10,Low Profit
84924A,WAKE UP COCKEREL CALENDAR SIGN ,72,4.059166666666667,281.13,4.04,10,Low Profit
84924F,PSYCHEDELIC METAL SIGN CALENDAR,10,0.79,7.9,4.05,10,Low Profit
84925D,LA PALMIERA WALL THERMOMETER,15,2.55,38.25,4.05,10,Low Profit
84925F,PSYCHEDELIC WALL THERMOMETER,79,1.9214285714285713,109.92999999999999,4.04,10,Low Profit
84926A,WAKE UP COCKEREL TILE COASTER,597,0.47580645161290325,198.08999999999997,3.93,5,Low Profit
84926D,LA PALMIERA TILE COASTER,705,0.6515624999999999,266.64,3.91,5,Low Profit
84926E,FLOWERS TILE COASTER,966,0.44054054054054054,322.88,3.86,5,Low Profit
84926F,PSYCHEDELIC TILE COASTER,423,0.9091304347826087,178.0,3.97,10,Low Profit
84927A,WAKE UP COCKEREL TILE HOOK,46,1.4892857142857143,53.85,4.04,10,Low Profit
84927D,LA PALMIERA TILE HOOK,44,0.8563636363636363,39.39,4.04,10,Low Profit
84927E,FLOWERS TILE HOOK,57,1.53,71.82000000000001,4.04,10,Low Profit
84927F,PSYCHEDELIC TILE HOOK,295,0.7971428571428573,166.35,3.99,10,Low Profit
84929,ASSTD FRUIT+FLOWERS FRIDGE MAGNETS,2244,0.2770967741935484,545.1600000000001,3.6,0,Low Profit
84931A,PINK SCOTTIE DOG W FLOWER PATTERN,82,2.55,209.1,4.04,10,Low Profit
84931B,BLUE SCOTTIE DOG W FLOWER PATTERN,131,2.55,334.04999999999995,4.03,10,Low Profit
84944,SET OF 6 KASHMIR FOLKART BAUBLES,563,2.1555555555555554,1014.7499999999999,3.94,5,Medium Profit
84945,MULTI COLOUR SILVER T-LIGHT HOLDER,10267,0.8538585209003215,8259.25,2.0,0,High Profit
84946,ANTIQUE SILVER T-LIGHT GLASS,12949,1.2427746741154562,15176.42,1.47,0,High Profit
84946,ANTIQUE SILVER TEA GLASS ETCHED,3487,1.2224827586206897,4016.75,3.36,0,Medium Profit
84947,ANTIQUE SILVER TEA GLASS ENGRAVED,8219,1.2456890459363958,9271.84,2.41,0,High Profit
84949,SILVER HANGING T-LIGHT HOLDER,4653,1.6325396825396825,7173.449999999999,3.12,0,High Profit
84950,ASSORTED COLOUR T-LIGHT HOLDER,3349,0.6763636363636364,1983.17,3.38,0,Medium Profit
84951A,SET OF 4 PISTACHIO LOVEBIRD COASTER,362,1.0033333333333334,314.27,3.98,10,Low Profit
84951B,SET OF 4 BLACK LOVEBIRD COASTERS,334,1.0784375,318.44,3.99,10,Low Profit
84952A,CLEAR LOVE BIRD T-LIGHT HOLDER,38,4.368333333333333,146.21,4.04,10,Low Profit
84952B,BLACK LOVE BIRD T-LIGHT HOLDER,145,3.266153846153846,247.46,4.02,10,Low Profit
84952C,MIRROR LOVE BIRD T-LIGHT HOLDER,140,3.0,225.0,4.02,10,Low Profit
84963A,PINK PAINTED KASHMIRI CHAIR,4,42.95,171.8,4.05,10,Low Profit
84963B,BLUE PAINTED KASHMIRI CHAIR,3,49.95,149.85000000000002,4.05,10,Low Profit
84968A,SET OF 16 VINTAGE ROSE CUTLERY,147,12.676530612244898,1787.85,4.02,10,Medium Profit
84968B,SET OF 16 VINTAGE IVORY CUTLERY,2,12.75,25.5,4.05,10,Low Profit
84968C,SET OF 16 VINTAGE PISTACHIO CUTLERY,94,12.75,1198.5,4.03,10,Medium Profit
84968D,SET OF 16 VINTAGE RED CUTLERY,62,13.537741935483872,814.92,4.04,10,Low Profit
84968E,SET OF 16 VINTAGE BLACK CUTLERY,87,13.141363636363637,1035.06,4.03,10,Medium Profit
84968F,SET OF 16 VINTAGE SKY BLUE CUTLERY,78,12.69,951.3,4.04,10,Low Profit
84969,BOX OF 6 ASSORTED COLOUR TEASPOONS,295,4.402876712328767,1267.99,3.99,10,Medium Profit
84970L,SINGLE HEART ZINC T-LIGHT HOLDER,5699,1.0274777448071217,5663.53,2.92,0,High Profit
84970S,HANGING HEART ZINC T-LIGHT HOLDER,8444,0.8687864077669902,6808.49,2.37,0,High Profit
84971S,SMALL HEART FLOWERS HOOK ,1654,0.8574782608695652,1365.5,3.72,0,Medium Profit
84974,S/2 ZINC HEART DESIGN PLANTERS,39,9.95,388.04999999999995,4.04,10,Low Profit
84975,HEART SHAPED MIRROR,5,1.69,8.45,4.05,10,Low Profit
84976,RECTANGULAR SHAPED MIRROR,502,1.000344827586207,420.68,3.95,5,Low Profit
84978,HANGING HEART JAR T-LIGHT HOLDER,10961,1.2278856152512998,12650.970000000001,1.87,0,High Profit
84984A,GREEN PEONY CUSHION COVER,19,4.65,88.35000000000001,4.05,10,Low Profit
84984B,RED PEONY CUSHION COVER ,17,4.65,79.05000000000001,4.05,10,Low Profit
84984D,ORIENTAL RED CUSHION COVER ,13,4.65,60.45,4.05,10,Low Profit
84985A,SET OF 72 GREEN PAPER DOILIES,41,1.45,59.449999999999996,4.04,10,Low Profit
84987,SET OF 36 TEATIME PAPER DOILIES,2926,1.4633749999999999,4075.7799999999997,3.47,0,Medium Profit
84988,SET OF 72 PINK HEART PAPER DOILIES,3953,1.4693181818181817,5565.23,3.26,0,High Profit
84989A,75 GREEN FAIRY CAKE CASES,27,0.55,14.850000000000001,4.05,10,Low Profit
84990,60 GOLD AND SILVER FAIRY CAKE CASES,2,0.55,1.1,4.05,10,Low Profit
84991,60 TEATIME FAIRY CAKE CASES,17664,0.5481696428571429,8604.62,0.53,0,High Profit
84992,72 SWEETHEART FAIRY CAKE CASES,13029,0.556116504854369,6252.35,1.45,0,High Profit
84993A,75 GREEN PETIT FOUR CASES,305,0.42,128.1,3.99,10,Low Profit
84993B,75 BLACK PETIT FOUR CASES,57,0.42,23.94,4.04,10,Low Profit
84997A,CHILDRENS CUTLERY POLKADOT GREEN ,1688,4.1891566265060245,6599.06,3.72,0,High Profit
84997A,GREEN 3 PIECE POLKADOT CUTLERY SET,837,3.816470588235294,3019.23,3.88,5,Medium Profit
84997B,CHILDRENS CUTLERY RETROSPOT RED ,2492,4.149827586206897,9603.68,3.55,0,High Profit
84997B,RED 3 PIECE RETROSPOT CUTLERY SET,1543,3.7940816326530613,5555.13,3.74,0,High Profit
84997C,BLUE 3 PIECE POLKADOT CUTLERY SET,1170,3.8011340206185564,4213.34,3.82,0,Medium Profit
84997C,CHILDRENS CUTLERY POLKADOT BLUE,2523,4.119668246445499,9827.25,3.55,0,High Profit
84997D,CHILDRENS CUTLERY POLKADOT PINK,3528,4.172576687116565,13788.300000000001,3.35,0,High Profit
84997D,PINK 3 PIECE POLKADOT CUTLERY SET,1392,3.803861386138614,5010.400000000001,3.77,0,High Profit
85006,SET 4 NURSERY DES ROUND BOXES,55,1.55,57.25,4.04,10,Low Profit
85008,SET OF 3 CONEY ISLAND OVAL BOXES,12,4.457142857142857,55.95,4.05,10,Low Profit
85014A,BLACK/BLUE POLKADOT UMBRELLA,1132,6.0967578125,6361.990000000001,3.83,0,High Profit
85014B,RED RETROSPOT UMBRELLA,1841,6.093861386138614,10217.720000000001,3.68,0,High Profit
85015,SET OF 12  VINTAGE POSTCARD SET,2128,1.0183185840707965,1590.1200000000001,3.63,0,Medium Profit
85016,SET OF 6 VINTAGE NOTELETS KIT,522,1.7139999999999997,459.0,3.95,5,Low Profit
85017A,ENVELOPE 50 ROMANTIC IMAGES,6,0.85,5.1,4.05,10,Low Profit
85017B,ENVELOPE 50 BLOSSOM IMAGES,947,0.4998666666666667,491.55,3.86,5,Low Profit
85017C,ENVELOPE 50 CURIOUS IMAGES,49,0.6154545454545454,26.17,4.04,10,Low Profit
85018D,YULETIDE IMAGES S/6 PAPER BOXES,12,2.55,30.599999999999998,4.05,10,Low Profit
85019A,ROMANTIC IMAGES NOTEBOOK SET,409,1.7857142857142858,547.25,3.97,10,Low Profit
85019B,BLOSSOM  IMAGES NOTEBOOK SET,498,1.37,640.5,3.95,10,Low Profit
85019C,CURIOUS  IMAGES NOTEBOOK SET,181,2.45,262.25,4.02,10,Low Profit
85020,ROUND PINK HEART MIRROR,78,2.1,163.8,4.04,10,Low Profit
85023B,EAU DE NILE JEWELLED PHOTOFRAME,104,2.5124999999999997,232.8,4.03,10,Low Profit
85024B,EAU DE NILE JEWELLED PHOTOFRAME,193,1.633333333333333,289.65,4.01,10,Low Profit
85024C,PINK SMALL JEWELLED PHOTOFRAME,12,1.65,19.799999999999997,4.05,10,Low Profit
85025B,EAU DE NILE HEART SHAPE PHOTO FRAME,303,1.6404761904761902,471.15,3.99,10,Low Profit
85025C,PINK HEART SHAPE PHOTO FRAME,307,1.643103448275862,476.34999999999997,3.99,10,Low Profit
85026B,EAU DE NILE JEWELLED T-LIGHT HOLDER,75,0.85,63.75,4.04,10,Low Profit
85027L,FRENCH CHATEAU LARGE PLATTER ,70,2.95,160.5,4.04,10,Low Profit
85028L,FRENCH CHATEAU LARGE FRUIT BOWL ,10,1.95,19.5,4.05,10,Low Profit
85028S,FRENCH CHATEAU SMALL FRUITBOWL,24,2.025,51.599999999999994,4.05,10,Low Profit
85030,FRENCH CHATEAU OVAL PLATTER,15,1.95,29.25,4.05,10,Low Profit
85031A,ROMANTIC IMAGES SCRAP BOOK SET,16,3.892857142857143,45.9,4.05,10,Low Profit
85031B,BLOSSOM IMAGES SCRAP BOOK SET,1,4.95,4.95,4.05,10,Low Profit
85031C,CURIOUS IMAGES SCRAP BOOK SET,3,4.95,14.850000000000001,4.05,10,Low Profit
85032A,ROMANTIC IMAGES GIFT WRAP SET,737,0.7708333333333334,679.1500000000001,3.9,5,Low Profit
85032B,BLOSSOM IMAGES GIFT WRAP SET,739,0.7591397849462367,655.8000000000001,3.9,5,Low Profit
85032C,CURIOUS IMAGES GIFT WRAP SET,595,0.7864705882352943,565.1,3.93,5,Low Profit
85032D,YULETIDE IMAGES GIFT WRAP SET,630,0.871186440677966,467.50000000000006,3.93,5,Low Profit
85034A,3 GARDENIA MORRIS BOXED CANDLES,489,2.2916438356164384,840.29,3.95,10,Low Profit
85034B,3 WHITE CHOC MORRIS BOXED CANDLES,880,2.0891304347826085,1357.44,3.88,5,Medium Profit
85034C,3 ROSE MORRIS BOXED CANDLES,1068,1.798695652173913,1555.64,3.84,0,Medium Profit
85035A,GARDENIA 3 WICK MORRIS BOXED CANDLE,260,3.3316216216216215,677.04,4.0,10,Low Profit
85035B,CHOCOLATE 3 WICK MORRIS BOX CANDLE,557,2.5755813953488373,816.25,3.94,5,Low Profit
85035C,ROSE 3 WICK MORRIS BOX CANDLE,1090,2.2063963963963964,1592.7,3.83,0,Medium Profit
85036A,GARDENIA 1 WICK MORRIS BOXED CANDLE,199,3.5028571428571427,631.03,4.01,10,Low Profit
85036B,CHOCOLATE 1 WICK MORRIS BOX CANDLE,352,2.078809523809524,553.58,3.98,10,Low Profit
85036C,ROSE 1 WICK MORRIS BOXED CANDLE,726,2.3345569620253164,1013.52,3.91,5,Medium Profit
85038,6 CHOCOLATE LOVE HEART T-LIGHTS,1014,2.1428947368421056,1985.8600000000001,3.85,0,Medium Profit
85039A,SET/4 RED MINI ROSE CANDLE IN BOWL,443,1.59825,583.2499999999999,3.96,10,Low Profit
85039B,S/4 IVORY MINI ROSE CANDLE IN BOWL,491,1.6151923076923076,669.91,3.95,10,Low Profit
85039C,S/4 BLACK MINI ROSE CANDLE IN BOWL,222,1.3358333333333332,129.94,4.01,10,Low Profit
85040A,S/4 PINK FLOWER CANDLES IN BOWL,805,1.7115384615384615,1344.8899999999999,3.89,5,Medium Profit
85040B,SET/4 BLUE FLOWER CANDLES IN BOWL,135,1.65,222.74999999999997,4.02,10,Low Profit
85045,GREEN CHRISTMAS TREE STRING 20LIGHT,41,4.880000000000001,186.15,4.04,10,Low Profit
85047,WHITE BEADED GARLAND STRING 20LIGHT,3,6.35,19.049999999999997,4.05,10,Low Profit
85048,15CM CHRISTMAS GLASS BALL 20 LIGHTS,1266,7.769444444444445,9374.7,3.8,0,High Profit
85049A,TRADITIONAL CHRISTMAS RIBBONS,2903,1.2925461254612545,3602.8,3.47,0,Medium Profit
85049B,LUSH GREENS RIBBONS,54,1.25,67.5,4.04,10,Low Profit
85049C,ROMANTIC PINKS RIBBONS ,1196,1.2548571428571427,1468.85,3.81,0,Medium Profit
85049D,BRIGHT BLUES RIBBONS ,537,1.25,671.25,3.94,5,Low Profit
85049E,SCANDINAVIAN REDS RIBBONS,2741,1.2920234604105572,3492.2,3.51,0,Medium Profit
85049F,BABY BOOM RIBBONS ,374,1.25,467.5,3.98,10,Low Profit
85049G,CHOCOLATE BOX RIBBONS ,1573,1.2739240506329115,1917.58,3.74,0,Medium Profit
85049H,URBAN BLACK RIBBONS ,447,1.194078947368421,519.22,3.96,10,Low Profit
85053,FRENCH ENAMEL CANDLEHOLDER,1541,2.1339495798319326,3087.5200000000004,3.74,0,Medium Profit
85054,FRENCH ENAMEL POT W LID,549,2.784772727272727,1227.41,3.94,5,Medium Profit
85055,FRENCH ENAMEL UTENSIL HOLDER,37,3.6700000000000004,122.75,4.04,10,Low Profit
85059,FRENCH ENAMEL WATER BASIN,290,3.358875,771.21,3.99,10,Low Profit
85061W,WHITE JEWELLED HEART DECORATION,1968,0.8562608695652174,1594.5,3.66,0,Medium Profit
85062,PEARL CRYSTAL PUMPKIN T-LIGHT HLDR,1368,1.666842105263158,2214.87,3.78,0,Medium Profit
85064,CREAM SWEETHEART LETTER RACK,205,5.381739130434783,866.05,4.01,10,Low Profit
85066,CREAM SWEETHEART MINI CHEST,1696,12.647355555555556,20448.17,3.71,0,High Profit
85067,CREAM SWEETHEART WALL CABINET,7,18.55,126.64999999999999,4.05,10,Low Profit
85071A,BLUE CHARLIE+LOLA PERSONAL DOORSIGN,976,0.723804347826087,512.8000000000001,3.86,5,Low Profit
85071B,RED CHARLIE+LOLA PERSONAL DOORSIGN,1245,0.6335238095238095,618.35,3.8,0,Low Profit
85071C,"CHARLIE+LOLA""EXTREMELY BUSY"" SIGN",607,0.7483561643835616,313.78,3.93,5,Low Profit
85071D,CHARLIE+LOLA MY ROOM DOOR SIGN,362,0.6845454545454546,205.98,3.98,10,Low Profit
85078,SCANDINAVIAN 3 HEARTS NAPKIN RING,1746,0.2989230769230769,376.50000000000006,3.7,0,Low Profit
85084,HOLLY TOP CHRISTMAS STOCKING,17,0.85,14.45,4.05,10,Low Profit
85086A,CANDY SPOT HEART DECORATION,45,0.85,38.25,4.04,10,Low Profit
85087,CANDY SPOT CUSHION COVER,40,2.9985714285714287,119.36000000000001,4.04,10,Low Profit
85088,CANDY SPOT HAND BAG,188,2.2738095238095237,385.27000000000004,4.01,10,Low Profit
85089,CANDY SPOT BUNNY,13,2.95,38.35,4.05,10,Low Profit
85092,CANDY SPOT TEA COSY,27,2.3,40.05,4.05,10,Low Profit
85093,CANDY SPOT EGG WARMER HARE,451,0.5947619047619048,227.49,3.96,10,Low Profit
85094,CANDY SPOT EGG WARMER RABBIT,501,0.29600000000000004,122.75000000000001,3.95,5,Low Profit
85095,THREE CANVAS LUGGAGE TAGS,66,2.356,128.26,4.04,10,Low Profit
85096,HILDA CANDY SPOT RABBIT,20,3.75,75.0,4.05,10,Low Profit
85099B,JUMBO BAG RED RETROSPOT,46078,2.015969040247678,85040.54000000001,0.1,0,High Profit
85099C,JUMBO  BAG BAROQUE BLACK WHITE,12771,2.0121189024390245,23630.58,1.51,0,High Profit
85099F,JUMBO BAG STRAWBERRY,16771,2.006326219512195,30569.32,0.71,0,High Profit
85103,SILVER T-LIGHT SETTING,91,6.3500000000000005,545.45,4.03,10,Low Profit
85104,SILVER GLASS T-LIGHT SET,196,3.084285714285714,502.47999999999996,4.01,10,Low Profit
85106,CUT GLASS HEXAGON T-LIGHT HOLDER,528,2.4544444444444444,912.9599999999999,3.95,5,Low Profit
85107,CUT GLASS T-LIGHT HOLDER OCTAGON,241,2.4225925925925926,511.35,4.0,10,Low Profit
85109,PINK BOUDOIR T-LIGHT HOLDER,12,0.85,10.2,4.05,10,Low Profit
85111,SILVER GLITTER FLOWER VOTIVE HOLDER,1395,0.30846153846153845,416.07,3.77,0,Low Profit
85114A,BLACK ENCHANTED FOREST PLACEMAT,585,1.630952380952381,893.25,3.94,5,Low Profit
85114B,IVORY ENCHANTED FOREST PLACEMAT,393,1.642156862745098,624.4499999999999,3.97,10,Low Profit
85114C,RED ENCHANTED FOREST PLACEMAT,457,1.6436507936507936,730.05,3.96,10,Low Profit
85116,BLACK CANDELABRA T-LIGHT HOLDER,694,1.231578947368421,702.8000000000001,3.91,5,Low Profit
85118,HEART T-LIGHT HOLDER,142,1.105,135.74,4.02,10,Low Profit
85123A,CREAM HANGING HEART T-LIGHT HOLDER,57,2.892857142857143,155.35,4.04,10,Low Profit
85123A,WHITE HANGING HEART T-LIGHT HOLDER,36706,2.8927678571428577,100392.1,0.1,0,High Profit
85124B,BLUE JUICY FRUIT PHOTO FRAME,82,2.55,209.1,4.04,10,Low Profit
85124C,GREEN JUICY FRUIT PHOTO FRAME,84,2.55,214.2,4.03,10,Low Profit
85125,SMALL ROUND CUT GLASS CANDLESTICK,127,4.794444444444444,574.75,4.03,10,Low Profit
85127,SMALL SQUARE CUT GLASS CANDLESTICK,80,4.95,396.0,4.04,10,Low Profit
85129B,BEADED CRYSTAL HEART GREEN SMALL,101,1.389375,124.11,4.03,10,Low Profit
85129C,BEADED CRYSTAL HEART BLUE SMALL,77,1.5525,99.88,4.04,10,Low Profit
85129D,BEADED CRYSTAL HEART PINK SMALL,165,1.4991176470588234,240.13,4.02,10,Low Profit
85130A,BEADED PEARL HEART WHITE LARGE,77,1.65,127.04999999999998,4.04,10,Low Profit
85130B,BEADED CRYSTAL HEART GREEN LARGE,816,0.9564,707.7,3.89,5,Low Profit
85130C,BEADED CRYSTAL HEART BLUE  LARGE,478,0.9268181818181819,424.06,3.96,10,Low Profit
85130D,BEADED CRYSTAL HEART PINK LARGE,552,1.1207692307692307,526.38,3.94,5,Low Profit
85131A,BEADED PEARL HEART WHITE ON STICK,469,1.2092,462.17,3.96,10,Low Profit
85131B,BEADED CRYSTAL HEART GREEN ON STICK,142,0.8946153846153846,120.38,4.02,10,Low Profit
85131C,BEADED CRYSTAL HEART BLUE ON STICK,73,1.0036363636363637,78.71,4.04,10,Low Profit
85131D,BEADED CRYSTAL HEART PINK ON STICK,115,1.005,113.09,4.03,10,Low Profit
85132A,CHARLIE + LOLA BISCUITS TINS,453,2.8911764705882352,963.3499999999999,3.96,10,Low Profit
85132B,CHARLIE AND LOLA TABLE TINS,513,2.75,1048.35,3.95,5,Medium Profit
85132C,CHARLIE AND LOLA FIGURES TINS,1404,2.3279527559055118,2817.7999999999997,3.77,0,Medium Profit
85135A,YELLOW DRAGONFLY HELICOPTER,15,7.95,119.25,4.05,10,Low Profit
85135B,BLUE DRAGONFLY HELICOPTER,47,7.95,373.65000000000003,4.04,10,Low Profit
85135C,RED DRAGONFLY HELICOPTER,78,7.95,620.1,4.04,10,Low Profit
85136A,YELLOW SHARK HELICOPTER,50,7.95,397.5,4.04,10,Low Profit
85136B,BLUE SHARK HELICOPTER,2,7.95,15.9,4.05,10,Low Profit
85136C,RED SHARK HELICOPTER,35,7.95,278.25,4.04,10,Low Profit
85141,JARDIN ETCHED GLASS FRUITBOWL,119,5.692105263157895,611.65,4.03,10,Low Profit
85144,JARDIN ETCHED GLASS BUTTER DISH,1,7.25,7.25,4.05,10,Low Profit
85144,JARDIN ETCHED GLASS CHEESE DISH,219,3.889024390243902,575.45,4.01,10,Low Profit
85145,JARDIN ETCHED GLASS LARGE BELL JAR,37,5.303846153846154,163.75,4.04,10,Low Profit
85146,JARDIN ETCHED GLASS SMALL BELL JAR,43,3.6166666666666663,147.85000000000002,4.04,10,Low Profit
85150,LADIES & GENTLEMEN METAL SIGN,3898,2.5139673913043477,8696.58,3.27,0,High Profit
85152,HAND OVER THE CHOCOLATE   SIGN ,8138,2.1021452702702703,15484.51,2.43,0,High Profit
85159A,"BLACK TEA,COFFEE,SUGAR JARS",451,1.9744444444444442,779.4499999999999,3.96,10,Low Profit
85159B,"WHITE TEA,COFFEE,SUGAR JARS",622,2.090677966101695,1134.5,3.93,5,Medium Profit
85160B,BLACK BIRD GARDEN DESIGN MUG,105,0.44375000000000003,46.11,4.03,10,Low Profit
85161,ACRYLIC GEOMETRIC LAMP,12,18.727777777777774,221.39999999999998,4.05,10,Low Profit
85163A,WHITE BAROQUE WALL CLOCK ,45,11.572222222222223,349.95,4.04,10,Low Profit
85163B,BLACK BAROQUE WALL CLOCK ,44,11.235714285714286,333.6,4.04,10,Low Profit
85167B,BLACK GRAND BAROQUE PHOTO FRAME,48,3.392857142857143,93.0,4.04,10,Low Profit
85168B,BLACK BAROQUE CARRIAGE CLOCK,17,9.06142857142857,149.67,4.05,10,Low Profit
85169A,IVORY LOVE BIRD CANDLE,502,1.1691836734693877,496.72,3.95,5,Low Profit
85169B,BLACK LOVE BIRD CANDLE,201,1.1504,191.49,4.01,10,Low Profit
85169C,EAU DE NIL LOVE BIRD CANDLE,336,1.1833333333333333,353.72,3.98,10,Low Profit
85169D,PINK LOVE BIRD CANDLE,232,1.1659090909090908,236.48000000000002,4.01,10,Low Profit
85170A,SET/6 IVORY BIRD T-LIGHT CANDLES,1,2.1,2.1,4.05,10,Low Profit
85170B,SET/6 BLACK BIRD T-LIGHT CANDLES,179,1.8282608695652176,195.9,4.02,10,Low Profit
85170C,SET/6 EAU DE NIL BIRD T-LIGHTS,252,1.9544827586206897,366.23,4.0,10,Low Profit
85170D,SET/6 PINK BIRD T-LIGHT CANDLES,355,2.1970588235294115,497.21000000000004,3.98,10,Low Profit
85172,HYACINTH BULB T-LIGHT CANDLES,1296,0.42,544.3199999999999,3.79,0,Low Profit
85173,SET/6 FROG PRINCE T-LIGHT CANDLES,434,2.167,628.4699999999999,3.97,10,Low Profit
85174,S/4 CACTI CANDLES,493,5.038,1965.8700000000001,3.95,10,Medium Profit
85175,CACTI T-LIGHT CANDLES,5185,0.4194615384615385,2065.22,3.02,0,Medium Profit
85176,SEWING SUSAN 21 NEEDLE SET,626,0.9228,542.24,3.93,5,Low Profit
85177,BASKET OF FLOWERS SEWING KIT,774,0.8821428571428571,599.76,3.9,5,Low Profit
85178,VICTORIAN SEWING KIT,2370,1.2705050505050506,2640.94,3.58,0,Medium Profit
85179A,GREEN BITTY LIGHT CHAIN,119,2.9770588235294118,188.31,4.03,10,Low Profit
85179C,PINK BITTY LIGHT CHAIN,69,1.7357142857142858,89.65,4.04,10,Low Profit
85180A,RED HEARTS LIGHT CHAIN ,434,3.0521052631578947,844.34,3.97,10,Low Profit
85180B,PINK HEARTS LIGHT CHAIN ,196,3.354761904761905,381.0,4.01,10,Low Profit
85183A,CHARLIE & LOLA WASTEPAPER BIN BLUE,657,1.3283132530120483,805.75,3.92,5,Low Profit
85183B,CHARLIE & LOLA WASTEPAPER BIN FLORA,977,1.4042056074766356,1228.25,3.86,5,Medium Profit
85184C,S/4 VALENTINE DECOUPAGE HEART BOX,1368,2.2989130434782608,2025.1000000000001,3.78,0,Medium Profit
85184C,SET 4 VALENTINE DECOUPAGE HEART BOX,151,3.0673333333333335,441.53000000000003,4.02,10,Low Profit
85185B,PINK HORSE SOCK PUPPET,240,2.932608695652174,688.8000000000001,4.0,10,Low Profit
85185B,PINK HORSE SOCK PUPPET KIT,42,2.95,123.9,4.04,10,Low Profit
85185D,FROG SOCK PUPPET,15,2.95,44.25000000000001,4.05,10,Low Profit
85186A,EASTER BUNNY GARLAND OF FLOWERS,477,0.42,200.34,3.96,10,Low Profit
85186C,BUNNY EGG GARLAND,413,0.42,173.46,3.97,10,Low Profit
85187,S/12 MINI RABBIT EASTER,324,1.6433333333333333,515.4,3.99,10,Low Profit
85188A,GREEN METAL SWINGING BUNNY,302,0.85,256.7,3.99,10,Low Profit
85188B,PINK METAL SWINGING BUNNY,75,0.85,63.74999999999999,4.04,10,Low Profit
85189,HANGING BUTTERFLY  EGG,9,0.85,7.6499999999999995,4.05,10,Low Profit
85194L,HANGING SPRING FLOWER EGG LARGE,900,0.8476785714285714,746.28,3.87,5,Low Profit
85194S,HANGING SPRING FLOWER EGG SMALL,1163,0.466,447.75000000000006,3.82,0,Low Profit
85195,HANGING HEART BASKET,11,2.1,23.1,4.05,10,Low Profit
85197,SET OF 12 MINI BUNNIES IN A BUCKET,32,2.1,67.2,4.05,10,Low Profit
85198,ASSORTED FARMYARD ANIMALS IN BUCKET,86,0.815,68.06,4.03,10,Low Profit
85199L,LARGE HANGING IVORY & RED WOOD BIRD,925,0.6481538461538462,598.37,3.87,5,Low Profit
85199S,SMALL HANGING IVORY/RED WOOD BIRD,2227,0.44249999999999995,943.13,3.61,0,Low Profit
85200,BUNNY EGG BOX,183,1.25,228.75,4.02,10,Low Profit
85202,HANGING WOOD AND FELT HEART,296,0.42,124.32,3.99,10,Low Profit
85203,HANGING WOOD AND FELT BUTTERFLY ,569,0.41888888888888887,237.54,3.94,5,Low Profit
85204,HANGING WOOD AND FELT FLOWER,1871,0.1883720930232558,248.88,3.68,0,Low Profit
85205B,PINK FELT EASTER RABBIT GARLAND,116,2.55,295.8,4.03,10,Low Profit
85206A,CREAM FELT EASTER EGG BASKET,914,1.6423076923076922,1446.8999999999999,3.87,5,Medium Profit
85206B,PINK FELT EASTER EGG BASKET,14,1.65,23.099999999999998,4.05,10,Low Profit
85208,SET/12 FUNKY FELT FLOWER PEG IN BAG,160,2.0829166666666667,296.64000000000004,4.02,10,Low Profit
85211,S/4 GROOVY CAT MAGNETS,142,1.2321052631578948,151.92,4.02,10,Low Profit
85212,MINI PAINTED GARDEN DECORATION ,2427,0.3677142857142857,702.4699999999999,3.57,0,Low Profit
85213,MINI  ZINC GARDEN DECORATIONS ,809,0.5233333333333333,297.89,3.89,5,Low Profit
85214,TUB 24 PINK FLOWER PEGS,103,1.6500000000000001,169.95,4.03,10,Low Profit
85215,ASSORTED CHEESE FRIDGE MAGNETS,163,0.65,105.95000000000002,4.02,10,Low Profit
85216,ASSORTED CAKES FRIDGE MAGNETS,55,0.65,35.75,4.04,10,Low Profit
85224,ASSORTED COLOUR SILK GLASSES CASE,3,2.1,6.300000000000001,4.05,10,Low Profit
85225,BLING KEY RING STAND,6,1.0833333333333333,6.25,4.05,10,Low Profit
85227,SET OF 6 3D KIT CARDS FOR KIDS,1311,0.8744370860927152,1097.73,3.79,0,Medium Profit
85230A,OPIUM SCENTED VOTIVE CANDLE,840,0.2633333333333333,203.27999999999997,3.88,5,Low Profit
85230B,CINNAMON SCENTED VOTIVE CANDLE,1264,0.27736842105263154,326.23999999999995,3.8,0,Low Profit
85230E,STRAWBRY SCENTED VOTIVE CANDLE,1101,0.26666666666666666,267.45,3.83,0,Low Profit
85230F,JASMINE VOTIVE CANDLE,338,0.27666666666666667,90.33999999999999,3.98,10,Low Profit
85230G,ORANGE VOTIVE CANDLE,1032,0.2708,257.03999999999996,3.85,0,Low Profit
85231B,CINAMMON SET OF 9 T-LIGHTS,798,0.8898198198198198,672.06,3.89,5,Low Profit
85231G,ORANGE SCENTED SET/9 T-LIGHTS,573,0.8577611940298507,471.45,3.94,5,Low Profit
85232A,SET/3 POLKADOT STACKING TINS,74,4.922000000000001,349.5,4.04,10,Low Profit
85232B,SET OF 3 BABUSHKA STACKING TINS,267,4.95,1321.6499999999999,4.0,10,Medium Profit
85232D,SET/3 DECOUPAGE STACKING TINS,174,4.923584905660377,827.7,4.02,10,Low Profit
90000A,RASPBERRY ANT COPPER FLOWER NECKLAC,11,5.95,65.45,4.05,10,Low Profit
90000B,MIDNIGHT BLUE COPPER FLOWER NECKLAC,3,5.95,17.85,4.05,10,Low Profit
90000D,COPPER/OLIVE GREEN FLOWER NECKLACE,6,5.95,35.7,4.05,10,Low Profit
90001A,ANTIQUE RASPBERRY FLOWER EARRINGS,2,4.25,8.5,4.05,10,Low Profit
90001B,ANTIQUE MID BLUE FLOWER EARRINGS,4,4.25,17.0,4.05,10,Low Profit
90001C,ANTIQUE OPAL WHITE FLOWER EARRINGS,2,4.25,8.5,4.05,10,Low Profit
90001D,ANTIQUE OLIVE GREEN FLOWER EARRINGS,5,4.25,21.25,4.05,10,Low Profit
90002D,FLOWER BURST SILVER RING CRYSTAL,10,3.75,37.5,4.05,10,Low Profit
90003B,ROSE COLOUR PAIR HEART HAIR SLIDES,6,3.75,22.5,4.05,10,Low Profit
90003C,MIDNIGHT BLUE PAIR HEART HAIR SLIDE,12,3.75,45.0,4.05,10,Low Profit
90003D,CRYSTAL PAIR HEART HAIR SLIDES,18,3.75,67.5,4.05,10,Low Profit
90003E,GREEN PAIR HEART HAIR SLIDES,8,3.75,30.0,4.05,10,Low Profit
90010A,MIDNIGHT BLUE GLASS/SILVER BRACELET,7,8.95,62.64999999999999,4.05,10,Low Profit
90010B,BLACK/WHITE GLASS/SILVER BRACELET,7,8.95,62.64999999999999,4.05,10,Low Profit
90010E,AMBER GLASS/SILVER BRACELET,10,8.95,89.5,4.05,10,Low Profit
90011A,MIDNIGHT BLUE CRYSTAL DROP EARRINGS,1,2.95,2.95,4.05,10,Low Profit
90011B,BLACK CRYSTAL DROP EARRINGS,7,2.95,20.650000000000002,4.05,10,Low Profit
90012A,MIDNIGHT BLUE DROP CRYSTAL NECKLACE,8,2.95,23.6,4.05,10,Low Profit
90012B,BLACK DROP CRYSTAL NECKLACE,12,2.95,35.400000000000006,4.05,10,Low Profit
90013A,MIDNIGHT BLUE VINTAGE EARRINGS,16,3.75,60.0,4.05,10,Low Profit
90013C,GREEN VINTAGE EARRINGS ,11,3.75,41.25,4.05,10,Low Profit
90014A,SILVER M.O.P. ORBIT NECKLACE,8,2.9500000000000006,23.6,4.05,10,Low Profit
90014A,SILVER/MOP ORBIT NECKLACE,8,9.95,79.6,4.05,10,Low Profit
90014B,GOLD M PEARL  ORBIT NECKLACE,8,9.95,79.6,4.05,10,Low Profit
90014B,GOLD M.O.P. ORBIT NECKLACE,2,2.95,5.9,4.05,10,Low Profit
90014C,SILVER AND BLACK ORBIT NECKLACE,1,2.95,2.95,4.05,10,Low Profit
90014C,SILVER/BLACK ORBIT NECKLACE,3,9.95,29.849999999999998,4.05,10,Low Profit
90016A,SILVER/M.O.P PENDANT ORBIT NECKLACE,14,7.4375,80.75,4.05,10,Low Profit
90016B,GOLD/M.O.P PENDANT ORBIT NECKLACE,9,8.5,76.5,4.05,10,Low Profit
90018A,SILVER M.O.P ORBIT DROP EARRINGS,17,4.25,72.25,4.05,10,Low Profit
90018B,GOLD M.O.P ORBIT DROP EARRINGS,8,4.25,34.0,4.05,10,Low Profit
90018C,SILVER BLACK ORBIT DROP EARRINGS,6,4.25,25.5,4.05,10,Low Profit
90019A,SILVER M.O.P ORBIT BRACELET,18,4.95,89.10000000000001,4.05,10,Low Profit
90019B,GOLD M.O.P ORBIT BRACELET,2,4.95,9.9,4.05,10,Low Profit
90019C,SILVER BLACK ORBIT BRACELET,4,4.95,19.8,4.05,10,Low Profit
90021,LASER CUT MULTI STRAND NECKLACE,1,11.95,11.95,4.05,10,Low Profit
90022,EDWARDIAN DROP EARRINGS JET BLACK,8,3.75,30.0,4.05,10,Low Profit
90023,FILIGREE DIAMANTE EARRINGS,8,4.25,34.0,4.05,10,Low Profit
90024B,NEW BAROQUE B'FLY NECKLACE RED,4,8.5,34.0,4.05,10,Low Profit
90024C,NEW BAROQUE B'FLY NECKLACE GREEN,2,8.5,17.0,4.05,10,Low Profit
90024D,NEW BAROQUE B'FLY NECKLACE PINK,1,8.5,8.5,4.05,10,Low Profit
90024F,NEW BAROQUE B'FLY NECKLACE CRYSTAL,2,8.5,17.0,4.05,10,Low Profit
90025A,BAROQUE BUTTERFLY EARRINGS BLACK,2,3.75,7.5,4.05,10,Low Profit
90025F,BAROQUE BUTTERFLY EARRINGS CRYSTAL,1,3.75,3.75,4.05,10,Low Profit
90026A,GLASS BEAD HOOP NECKLACE BLACK,2,8.5,17.0,4.05,10,Low Profit
90026B,GLASS BEAD HOOP NECKLACE MONTANA,2,8.5,17.0,4.05,10,Low Profit
90026C,GLASS BEAD HOOP NECKLACE GREEN,3,8.5,25.5,4.05,10,Low Profit
90026D,GLASS BEAD HOOP NECKLACE AMETHYST,3,8.5,25.5,4.05,10,Low Profit
90027A,GLASS BEAD HOOP EARRINGS BLACK,4,2.95,11.8,4.05,10,Low Profit
90027D,GLASS BEAD HOOP EARRINGS AMETHYST,4,2.95,11.8,4.05,10,Low Profit
90028,NEW BAROQUE LARGE NECKLACE BLK/WHIT,2,8.5,17.0,4.05,10,Low Profit
90029,NEW BAROQUE SMALL NECKLACE BLACK,3,8.5,25.5,4.05,10,Low Profit
90030A,SPOTTED WHITE NATURAL SEED NECKLACE,72,1.0,72.0,4.04,10,Low Profit
90030B,RED KUKUI COCONUT SEED NECKLACE,112,1.3299999999999998,131.8,4.03,10,Low Profit
90030C,BROWN KUKUI COCONUT SEED NECKLACE,74,1.0,74.0,4.04,10,Low Profit
90031,BILI NUT AND WOOD NECKLACE,48,1.0,48.0,4.04,10,Low Profit
90032,IVORY SHELL HEART NECKLACE,19,5.73,90.67,4.05,10,Low Profit
90033,IVORY SHELL HEART EARRINGS,2,2.55,5.1,4.05,10,Low Profit
90035A,"PEARL & SHELL 42""NECKL. GREEN",4,10.75,43.0,4.05,10,Low Profit
90035C,"PEARL & SHELL 42""NECKL. IVORY",2,10.75,21.5,4.05,10,Low Profit
90036A,FLOWER GARLAND NECKLACE RED,6,7.95,47.7,4.05,10,Low Profit
90036B,"FLOWER GLASS GARLAND NECKL.36""GREEN",4,7.95,31.8,4.05,10,Low Profit
90036C,"FLOWER GLASS GARLAND NECKL.36""BLUE",6,7.95,47.7,4.05,10,Low Profit
90036D,"FLOWER GLASS GARLAND NECKL.36""BLACK",11,7.95,87.45,4.05,10,Low Profit
90036E,"FLOWER GLASS GARLD NECKL36""AMETHYST",7,7.95,55.650000000000006,4.05,10,Low Profit
90036F,"FLOWER GLASS GARLD NECKL36""TURQUOIS",4,7.95,31.8,4.05,10,Low Profit
90037B,TINY CRYSTAL BRACELET GREEN,6,2.55,15.299999999999999,4.05,10,Low Profit
90038A,GLASS AND PAINTED BEADS BRACELET TO,6,3.75,22.5,4.05,10,Low Profit
90038B,GLASS AND PAINTED BEADS BRACELET OL,6,3.75,22.5,4.05,10,Low Profit
90038C,GLASS AND BEADS BRACELET IVORY,6,3.75,22.5,4.05,10,Low Profit
90039A,FIRE POLISHED GLASS BRACELET RED,6,3.75,22.5,4.05,10,Low Profit
90039B,FIRE POLISHED GLASS BRACELET MONTAN,6,3.75,22.5,4.05,10,Low Profit
90039C,FIRE POLISHED GLASS BRACELET BLACK,1,3.75,3.75,4.05,10,Low Profit
90039D,FIRE POLISHED GLASS BRACELET GREEN,14,3.75,52.5,4.05,10,Low Profit
90040A,MURANO STYLE GLASS BRACELET RED,6,3.5,21.0,4.05,10,Low Profit
90040B,MURANO STYLE GLASS BRACELET BLACK,4,3.5,14.0,4.05,10,Low Profit
90040C,MURANO STYLE GLASS BRACELET GOLD,7,3.5,24.5,4.05,10,Low Profit
90041,PEARL AND CHERRY QUARTZ BRACLET,2,3.5,7.0,4.05,10,Low Profit
90042A,FRESHWATER PEARL BRACELET GOLD,3,2.55,7.6499999999999995,4.05,10,Low Profit
90043,COPPER AND BRASS BAG CHARM,4,7.455,24.810000000000002,4.05,10,Low Profit
90046,WHITE WITH METAL BAG CHARM,3,4.95,14.850000000000001,4.05,10,Low Profit
90048,GREEN WITH METAL BAG CHARM,3,4.95,14.850000000000001,4.05,10,Low Profit
90049,IVORY GOLD METAL BAG CHARM,5,8.290000000000001,34.77,4.05,10,Low Profit
90050,CRACKED GLAZE NECKLACE IVORY,6,6.95,41.7,4.05,10,Low Profit
90051,CRACKED GLAZE NECKLACE RED,6,6.95,41.7,4.05,10,Low Profit
90054,CRACKED GLAZE EARRINGS RED,1,2.55,2.55,4.05,10,Low Profit
90055,CRACKED GLAZE EARRINGS BROWN,1,2.55,2.55,4.05,10,Low Profit
90057,DIAMANTE RING ASSORTED IN BOX.,1008,1.3472727272727274,1311.3600000000001,3.85,0,Medium Profit
90058A,CRYSTAL STUD EARRINGS CLEAR DISPLAY,324,0.38,123.12,3.99,10,Low Profit
90058B,CRYSTAL STUD EARRINGS ASSORTED COL ,612,0.38,232.56,3.93,5,Low Profit
90059A,DIAMANTE HAIR GRIP PACK/2 CRYSTAL,6,1.65,9.899999999999999,4.05,10,Low Profit
90059B,DIAMANTE HAIR GRIP PACK/2 BLACK DIA,9,1.6499999999999997,14.85,4.05,10,Low Profit
90059C,DIAMANTE HAIR GRIP PACK/2 MONTANA,8,1.6499999999999997,13.2,4.05,10,Low Profit
90059D,DIAMANTE HAIR GRIP PACK/2 PERIDOT,6,1.65,9.899999999999999,4.05,10,Low Profit
90059E,DIAMANTE HAIR GRIP PACK/2 RUBY,10,1.6499999999999997,16.499999999999996,4.05,10,Low Profit
90059F,DIAMANTE HAIR GRIP PACK/2 LT ROSE,9,1.6499999999999997,14.85,4.05,10,Low Profit
90060B,FIRE POLISHED GLASS NECKL GOLD,1,5.95,5.95,4.05,10,Low Profit
90060D,FIRE POLISHED GLASS NECKL BRONZE,3,5.95,17.85,4.05,10,Low Profit
90062,CARNIVAL BRACELET,20,12.75,255.0,4.05,10,Low Profit
90063A,WHITE VINT ART DECO CRYSTAL NECKLAC,11,8.5,93.5,4.05,10,Low Profit
90063B,BLACK VINT ART DEC CRYSTAL NECKLACE,8,8.5,68.0,4.05,10,Low Profit
90064A,WHITE VINTAGE CRYSTAL EARRINGS,7,3.75,26.25,4.05,10,Low Profit
90064B,BLACK VINTAGE  CRYSTAL EARRINGS,11,3.75,41.25,4.05,10,Low Profit
90065A,WHITE VINTAGE CRYSTAL BRACELET,6,6.75,40.5,4.05,10,Low Profit
90065B,BLACK VINT ART DEC CRYSTAL BRACELET,1,6.75,6.75,4.05,10,Low Profit
90067A,PINK VINTAGE VICTORIAN EARRINGS,10,2.9500000000000006,29.500000000000004,4.05,10,Low Profit
90069,RUBY GLASS CLUSTER NECKLACE,2,7.5,15.0,4.05,10,Low Profit
90070,RUBY GLASS CLUSTER BRACELET,8,5.95,47.6,4.05,10,Low Profit
90071,RUBY GLASS CLUSTER EARRINGS,1,1.25,1.25,4.05,10,Low Profit
90072,RUBY DROP CHANDELIER EARRINGS,10,3.75,37.5,4.05,10,Low Profit
90073,VINTAGE ENAMEL & CRYSTAL EARRINGS,13,4.95,64.35000000000001,4.05,10,Low Profit
90074,BLACK DIAMOND CLUSTER NECKLACE,2,8.95,17.9,4.05,10,Low Profit
90076,MONTANA DIAMOND CLUSTER EARRINGS,6,2.55,15.299999999999999,4.05,10,Low Profit
90078,PINK/WHITE GLASS DEMI CHOKER,2,7.5,15.0,4.05,10,Low Profit
90079,VINTAGE ENAMEL & CRYSTAL NECKLACE,5,4.95,24.75,4.05,10,Low Profit
90081A,LILY BROOCH AMETHYST COLOUR,15,4.95,74.25,4.05,10,Low Profit
90081C,LILY BROOCH OLIVE COLOUR,11,4.95,54.45,4.05,10,Low Profit
90082A,DIAMANTE BOW BROOCH GREEN COLOUR,21,6.35,133.35,4.05,10,Low Profit
90082B,DIAMANTE BOW BROOCH RED COLOUR,25,6.35,158.75,4.05,10,Low Profit
90082D,DIAMANTE BOW BROOCH BLACK COLOUR,7,6.35,44.449999999999996,4.05,10,Low Profit
90083,CRYSTAL CZECH CROSS PHONE CHARM,19,1.27,13.69,4.05,10,Low Profit
90084,PINK CRYSTAL GUITAR PHONE CHARM,1,0.85,0.85,4.05,10,Low Profit
90085,CRYSTAL STILETTO PHONE CHARM,24,0.85,20.4,4.05,10,Low Profit
90086,CRYSTAL FROG PHONE CHARM,85,1.2863636363636362,49.93,4.03,10,Low Profit
90087,CRYSTAL SEA HORSE PHONE CHARM,90,1.1724999999999999,33.66,4.03,10,Low Profit
90089,PINK CRYSTAL SKULL PHONE CHARM,13,0.19,2.47,4.05,10,Low Profit
90093,CLEAR CRYSTAL STAR PHONE CHARM,47,0.89,20.39,4.04,10,Low Profit
90094,NECKLACE+BRACELET SET FRUIT SALAD ,13,2.55,33.15,4.05,10,Low Profit
90096,NECKLACE+BRACELET SET BLUE BLOSSOM,8,2.55,20.4,4.05,10,Low Profit
90098,NECKLACE+BRACELET PINK BUTTERFLY,28,2.55,71.39999999999999,4.05,10,Low Profit
90099,NECKLACE+BRACELET SET BLUE HIBISCUS,20,2.55,51.0,4.05,10,Low Profit
90100,NECKLACE+BRACELET SET PINK DAISY,1,2.55,2.55,4.05,10,Low Profit
90101,WHITE FRANGIPANI NECKLACE,15,2.55,38.25,4.05,10,Low Profit
90102,WHITE FRANGIPANI HAIR CLIP,10,0.85,8.5,4.05,10,Low Profit
90103,PURPLE FRANGIPANI NECKLACE,8,2.55,20.4,4.05,10,Low Profit
90104,PURPLE FRANGIPANI HAIRCLIP,1,0.85,0.85,4.05,10,Low Profit
90108,BLUE BLOSSOM HAIR CLIP,64,1.05,67.2,4.04,10,Low Profit
90114,SUMMER DAISIES BAG CHARM,66,2.55,168.29999999999998,4.04,10,Low Profit
90116,FRUIT SALAD BAG CHARM,16,1.6900000000000002,27.04,4.05,10,Low Profit
90118,PINK DAISY BAG CHARM,6,2.55,15.299999999999999,4.05,10,Low Profit
90119,METALIC LEAVES BAG CHARMS,59,2.472,145.76999999999998,4.04,10,Low Profit
90120B,BLUE MURANO TWIST BRACELET,20,4.25,85.0,4.05,10,Low Profit
90120C,GREEN MURANO TWIST BRACELET,31,4.25,131.75,4.05,10,Low Profit
90120D,WHITE MURANO TWIST BRACELET,2,4.25,8.5,4.05,10,Low Profit
90122A,PINK CRYSTAL+GLASS BRACELET,8,4.95,39.6,4.05,10,Low Profit
90122B,JADE CRYSTAL+GLASS BRACELET,1,4.95,4.95,4.05,10,Low Profit
90122C,TURQUOISE CRYSTAL+GLASS BRACELET,17,4.95,84.15,4.05,10,Low Profit
90123A,PINK HEART OF GLASS BRACELET,14,5.95,83.3,4.05,10,Low Profit
90123B,TURQUOISE HEART OF GLASS BRACELET,8,5.95,47.6,4.05,10,Low Profit
90123C,GREEN HEART OF GLASS BRACELET,13,5.95,77.35,4.05,10,Low Profit
90123D,WHITE HEART OF GLASS BRACELET,3,5.95,17.85,4.05,10,Low Profit
90124A,PINK MURANO TWIST NECKLACE,6,9.95,59.699999999999996,4.05,10,Low Profit
90124B,BLUE MURANO TWIST NECKLACE,4,9.95,39.8,4.05,10,Low Profit
90124C,GREEN MURANO TWIST NECKLACE,7,9.95,69.64999999999999,4.05,10,Low Profit
90125A,PINK BERTIE GLASS BEAD BAG CHARM,109,1.0583333333333333,93.89999999999999,4.03,10,Low Profit
90125B,AQUA BERTIE GLASS BEAD BAG CHARM,19,1.6833333333333336,24.9,4.05,10,Low Profit
90125C,TURQUOISE BERTIE GLASS BEAD CHARM,73,1.2666666666666666,63.3,4.04,10,Low Profit
90125D,PURPLE BERTIE GLASS BEAD BAG CHARM,74,1.35,65.39999999999999,4.04,10,Low Profit
90125E,AMBER BERTIE GLASS BEAD BAG CHARM,1,2.1,2.1,4.05,10,Low Profit
90128B,BLUE LEAVES AND BEADS PHONE CHARM,1,1.25,1.25,4.05,10,Low Profit
90129A,PINK GLASS TASSLE BAG CHARM ,7,2.9500000000000006,20.650000000000002,4.05,10,Low Profit
90129B,TURQUOISE GLASS TASSLE BAG CHARM ,21,2.9500000000000006,61.95000000000001,4.05,10,Low Profit
90129C,GREEN GLASS TASSLE BAG CHARM,17,2.9500000000000006,50.150000000000006,4.05,10,Low Profit
90129D,AMBER GLASS TASSLE BAG CHARM,8,2.95,23.6,4.05,10,Low Profit
90129E,PURPLE GLASS TASSLE BAG CHARM,6,2.95,17.700000000000003,4.05,10,Low Profit
90129F,RED GLASS TASSLE BAG CHARM,16,2.95,47.2,4.05,10,Low Profit
90130A,WHITE STONE/CRYSTAL EARRINGS,1,2.95,2.95,4.05,10,Low Profit
90130B,TURQ STONE/CRYSTAL EARRINGS,9,2.9500000000000006,26.55,4.05,10,Low Profit
90131,PINK/AMETHYST/GOLD NECKLACE,4,6.95,27.8,4.05,10,Low Profit
90133,TEAL/FUSCHIA COL BEAD NECKLACE,9,4.95,44.55,4.05,10,Low Profit
90135,ORANGE/WHT/FUSCHIA STONES NECKLACE,6,4.95,29.700000000000003,4.05,10,Low Profit
90136,PALE PINK/AMETHYST STONE NECKLACE,3,9.95,29.849999999999998,4.05,10,Low Profit
90138,WHITE/PINK MINI CRYSTALS NECKLACE,4,4.95,19.8,4.05,10,Low Profit
90141A,GREEN PENDANT TRIPLE SHELL NECKLACE,4,4.95,19.8,4.05,10,Low Profit
90141B,IVORY PENDANT TRIPLE SHELL NECKLACE,6,4.95,29.700000000000003,4.05,10,Low Profit
90141C,TURQ PENDANT TRIPLE SHELL NECKLACE,4,4.95,19.8,4.05,10,Low Profit
90141D,ROSE PENDANT TRIPLE SHELL NECKLACE,3,4.95,14.850000000000001,4.05,10,Low Profit
90141E,ORANGE PENDANT TRIPLE SHELL NECKLAC,3,4.95,14.850000000000001,4.05,10,Low Profit
90142D,MOP PENDANT SHELL NECKLACE,9,4.95,44.55,4.05,10,Low Profit
90143,SILVER BRACELET W PASTEL FLOWER,18,7.5,135.0,4.05,10,Low Profit
90144,SILVER DROP EARRINGS WITH FLOWER,7,3.75,26.25,4.05,10,Low Profit
90145,SILVER HOOP EARRINGS WITH FLOWER,21,5.95,124.95,4.05,10,Low Profit
90146,FINE SILVER NECKLACE W PASTEL FLOWE,13,6.25,63.75,4.05,10,Low Profit
90147,CHUNKY SILVER NECKLACE PASTEL FLOWE,21,9.95,208.95,4.05,10,Low Profit
90148,LONG SILVER NECKLACE PASTEL FLOWER,7,12.75,89.25,4.05,10,Low Profit
90149,SILVER FLOWR PINK SHELL NECKLACE,52,7.12,335.28000000000003,4.04,10,Low Profit
90151,SILVER/NATURAL SHELL NECKLACE,8,8.5,68.0,4.05,10,Low Profit
90152A,SILVER/NAT SHELL NECKLACE W PENDANT,3,5.95,17.85,4.05,10,Low Profit
90152B,BLUE/GREEN SHELL NECKLACE W PENDANT,1,5.95,5.95,4.05,10,Low Profit
90152C,BLUE/NAT SHELL NECKLACE W PENDANT,1,5.95,5.95,4.05,10,Low Profit
90154,LAZER CUT NECKLACE W PASTEL BEADS,57,8.61,421.75,4.04,10,Low Profit
90155,RESIN NECKLACE W PASTEL BEADS,6,7.5,45.0,4.05,10,Low Profit
90156,RESIN BRACELET W PASTEL BEADS,3,4.95,14.850000000000001,4.05,10,Low Profit
90157,RIVIERA NECKLACE,7,4.95,34.65,4.05,10,Low Profit
90158,ST TROPEZ NECKLACE,14,4.95,69.30000000000001,4.05,10,Low Profit
90159,COTE D'AZURE NECKLACE,3,4.95,14.850000000000001,4.05,10,Low Profit
90160A,PURPLE BOUDICCA LARGE BRACELET,31,6.95,215.45000000000002,4.05,10,Low Profit
90160B,RED BOUDICCA LARGE BRACELET,21,6.95,145.95000000000002,4.05,10,Low Profit
90160C,TURQ+RED BOUDICCA LARGE BRACELET,41,6.95,284.95000000000005,4.04,10,Low Profit
90160D,PINK BOUDICCA LARGE BRACELET,32,6.95,222.4,4.05,10,Low Profit
90161A,ANT COPPER RED BOUDICCA BRACELET,9,4.95,44.550000000000004,4.05,10,Low Profit
90161B,ANT COPPER TURQ BOUDICCA BRACELET,45,4.95,222.75,4.04,10,Low Profit
90161C,ANT COPPER LIME BOUDICCA BRACELET,45,4.95,222.75,4.04,10,Low Profit
90161D,ANT COPPER PINK BOUDICCA BRACELET,31,4.95,153.45000000000002,4.05,10,Low Profit
90162A,ANT SILVER TURQUOISE BOUDICCA RING,6,2.95,17.700000000000003,4.05,10,Low Profit
90162B,ANT SILVER LIME GREEN BOUDICCA RING,27,2.95,79.65,4.05,10,Low Profit
90162C,ANT SILVER FUSCHIA BOUDICCA RING,14,2.95,41.300000000000004,4.05,10,Low Profit
90162D,ANT SILVER PURPLE BOUDICCA RING,10,2.95,29.500000000000004,4.05,10,Low Profit
90163A,PINK ROSEBUD & PEARL NECKLACE,4,7.5,30.0,4.05,10,Low Profit
90163B,WHITE ROSEBUD & PEARL NECKLACE,2,7.5,15.0,4.05,10,Low Profit
90164A,PINK ROSEBUD PEARL BRACELET,19,4.7250000000000005,70.35,4.05,10,Low Profit
90164B,WHITE  ROSEBUD PEARL BRACELET,28,2.742857142857143,65.7,4.05,10,Low Profit
90165B,WHITE ROSEBUD  PEARL EARRINGS,1,2.55,2.55,4.05,10,Low Profit
90166,PINK & WHITE ROSEBUD RING,14,4.1875,58.900000000000006,4.05,10,Low Profit
90167,BEADED LOVE HEART JEWELLERY SET,10,0.85,8.5,4.05,10,Low Profit
90168,2 DAISIES HAIR COMB,6,2.95,17.700000000000003,4.05,10,Low Profit
90169,DAISY HAIR COMB,6,2.55,15.299999999999999,4.05,10,Low Profit
90170,DAISY HAIR BAND,46,1.6499999999999997,75.89999999999999,4.04,10,Low Profit
90173,PAIR BUTTERFLY HAIR CLIPS,16,3.75,60.0,4.05,10,Low Profit
90174,BUTTERFLY HAIR BAND,16,2.55,40.8,4.05,10,Low Profit
90175A,WHITE GLASS CHUNKY CHARM BRACELET,9,8.95,80.55,4.05,10,Low Profit
90175C,BLUE GLASS CHUNKY CHARM BRACELET,9,8.95,80.55,4.05,10,Low Profit
90175D,TIGRIS EYE CHUNKY CHARM BRACELET,3,8.95,26.849999999999998,4.05,10,Low Profit
90176A,CLASSIC DIAMANTE NECKLACE JET,2,7.5,15.0,4.05,10,Low Profit
90176B,DIAMANTE NECKLACE BLACK ,2,7.5,15.0,4.05,10,Low Profit
90176C,DIAMANTE NECKLACE,2,7.5,15.0,4.05,10,Low Profit
90176D,DIAMANTE NECKLACE PURPLE,7,7.5,52.5,4.05,10,Low Profit
90176E,DIAMANTE NECKLACE GREEN,3,7.5,22.5,4.05,10,Low Profit
90177A,CLASSIC DIAMANTE EARRINGS JET,6,2.95,17.700000000000003,4.05,10,Low Profit
90177B,DROP DIAMANTE EARRINGS BLACK DIAMON,7,2.95,20.650000000000002,4.05,10,Low Profit
90177C,DROP DIAMANTE EARRINGS CRYSTAL,13,2.9500000000000006,38.35000000000001,4.05,10,Low Profit
90177D,DROP DIAMANTE EARRINGS PURPLE,17,2.9500000000000006,50.150000000000006,4.05,10,Low Profit
90177E,DROP DIAMANTE EARRINGS GREEN,6,2.95,17.700000000000003,4.05,10,Low Profit
90178A,AMBER CHUNKY GLASS+BEAD NECKLACE,6,11.949999999999998,71.69999999999999,4.05,10,Low Profit
90178B,PURPLE CHUNKY GLASS+BEAD NECKLACE,1,11.95,11.95,4.05,10,Low Profit
90179A,AMBER FINE BEAD NECKLACE W TASSEL,3,5.95,17.85,4.05,10,Low Profit
90179C,BLACK FINE BEAD NECKLACE W TASSEL,1,5.95,5.95,4.05,10,Low Profit
90180A,BLACK+WHITE NECKLACE W TASSEL,13,8.55,87.35,4.05,10,Low Profit
90180B,PURPLE AMETHYST NECKLACE W TASSEL,3,9.95,29.849999999999998,4.05,10,Low Profit
90181A,AMBER GLASS/SHELL/PEARL NECKLACE,1,8.95,8.95,4.05,10,Low Profit
90182C,BLACK 3 BEAD DROP EARRINGS,6,2.95,17.700000000000003,4.05,10,Low Profit
90183A,AMBER DROP EARRINGS W LONG BEADS,20,2.95,59.00000000000001,4.05,10,Low Profit
90183C,BLACK DROP EARRINGS W LONG BEADS,1,2.95,2.95,4.05,10,Low Profit
90184A,AMBER CHUNKY BEAD BRACELET W STRAP,8,8.95,71.6,4.05,10,Low Profit
90184B,AMETHYST CHUNKY BEAD BRACELET W STR,21,8.95,187.95,4.05,10,Low Profit
90184C,BLACK CHUNKY BEAD BRACELET W STRAP,11,8.95,98.44999999999999,4.05,10,Low Profit
90185A,AMBER DIAMANTE EXPANDABLE RING,22,4.25,93.5,4.05,10,Low Profit
90185B,AMETHYST DIAMANTE EXPANDABLE RING,13,4.25,55.25,4.05,10,Low Profit
90185C,BLACK DIAMANTE EXPANDABLE RING,21,4.25,89.25,4.05,10,Low Profit
90185D,CRYSTAL DIAMANTE EXPANDABLE RING,32,4.25,136.0,4.05,10,Low Profit
90186A,AMETHYST HOOP EARRING FLORAL LEAF,4,2.9500000000000006,11.8,4.05,10,Low Profit
90186B,CRYSTAL HOOP EARRING FLORAL LEAF,12,2.9500000000000006,35.400000000000006,4.05,10,Low Profit
90187B,GREEN DROP EARRINGS W BEAD CLUSTER,4,3.35,13.4,4.05,10,Low Profit
90188,DROP EARRINGS W FLOWER & LEAF,2,2.55,5.1,4.05,10,Low Profit
90189A,SILVER 2 STRAND NECKLACE-LEAF CHARM,2,7.5,15.0,4.05,10,Low Profit
90190A,SILVER/CRYSTAL DROP EARRINGS W LEAF,6,2.95,17.700000000000003,4.05,10,Low Profit
90190B,GOLD/AMBER DROP EARRINGS W LEAF,6,2.95,17.700000000000003,4.05,10,Low Profit
90190C,SILVER/AMETHYST DROP EARRINGS LEAF,5,2.95,14.75,4.05,10,Low Profit
90191,SILVER LARIAT 40CM,22,8.55,113.9,4.05,10,Low Profit
90192,JADE DROP EARRINGS W FILIGREE,23,4.95,113.85000000000001,4.05,10,Low Profit
90194,SILVER LARIAT BLACK STONE EARRINGS,12,4.25,51.0,4.05,10,Low Profit
90195A,PURPLE GEMSTONE BRACELET,16,6.378571428571428,95.2,4.05,10,Low Profit
90195B,BLACK GEMSTONE BRACELET,3,6.949999999999999,20.849999999999998,4.05,10,Low Profit
90196A,PURPLE GEMSTONE NECKLACE 45CM,8,12.75,102.0,4.05,10,Low Profit
90196B,BLACK GEMSTONE NECKLACE 45CM,4,12.75,51.0,4.05,10,Low Profit
90197B,BLACK GLASS BRACELET W HEART CHARMS,3,4.95,14.850000000000001,4.05,10,Low Profit
90198A,VINTAGE ROSE BEAD BRACELET RASPBERR,34,4.25,144.5,4.04,10,Low Profit
90198B,VINTAGE ROSE BEAD BRACELET BLACK,30,4.25,127.5,4.05,10,Low Profit
90199A,5 STRAND GLASS NECKLACE BLACK,8,6.349999999999999,50.8,4.05,10,Low Profit
90199B,5 STRAND GLASS NECKLACE AMETHYST,2,6.35,12.7,4.05,10,Low Profit
90199C,5 STRAND GLASS NECKLACE CRYSTAL,16,6.35,101.6,4.05,10,Low Profit
90199D,5 STRAND GLASS NECKLACE AMBER,2,6.35,12.7,4.05,10,Low Profit
90200A,PURPLE SWEETHEART BRACELET,41,4.25,174.25,4.04,10,Low Profit
90200B,BLACK SWEETHEART BRACELET,67,4.25,284.75,4.04,10,Low Profit
90200C,BLUE SWEETHEART BRACELET,20,4.25,85.0,4.05,10,Low Profit
90200D,PINK SWEETHEART BRACELET,98,4.229166666666667,404.5,4.03,10,Low Profit
90200E,GREEN SWEETHEART BRACELET,76,4.222222222222222,311.0,4.04,10,Low Profit
90201A,PURPLE ENAMEL FLOWER RING,47,2.95,138.65,4.04,10,Low Profit
90201B,BLACK ENAMEL FLOWER RING,64,2.95,188.8,4.04,10,Low Profit
90201C,RED ENAMEL FLOWER RING,52,2.9500000000000006,153.4,4.04,10,Low Profit
90201D,GREEN ENAMEL FLOWER RING,46,2.95,135.70000000000002,4.04,10,Low Profit
90202A,PURPLE ENAMEL FLOWER HAIR TIE,6,2.95,17.700000000000003,4.05,10,Low Profit
90202B,WHITE ENAMEL FLOWER HAIR TIE,7,2.95,20.650000000000002,4.05,10,Low Profit
90202C,GREEN ENAMEL FLOWER HAIR TIE,7,2.95,20.650000000000002,4.05,10,Low Profit
90202D,PINK ENAMEL FLOWER HAIR TIE,12,2.95,35.400000000000006,4.05,10,Low Profit
90204,PAIR OF ENAMEL BUTTERFLY HAIRCLIP,17,3.35,56.95,4.05,10,Low Profit
90205A,LARGE MINT DIAMANTE HAIRSLIDE,16,1.6499999999999997,26.4,4.05,10,Low Profit
90205C,LARGE CRYSTAL DIAMANTE HAIRSLIDE,6,1.6499999999999997,9.899999999999999,4.05,10,Low Profit
90206A,GOLD DIAMANTE STAR BROOCH,6,4.95,29.700000000000003,4.05,10,Low Profit
90206C,CRYSTAL DIAMANTE STAR BROOCH,12,4.95,59.400000000000006,4.05,10,Low Profit
90208,PAIR OF PINK FLOWER CLUSTER SLIDE,10,2.55,25.499999999999996,4.05,10,Low Profit
90209A,PURPLE ENAMEL+GLASS HAIR COMB,84,2.0125,163.8,4.03,10,Low Profit
90209B,GREEN ENAMEL+GLASS HAIR COMB,104,2.0416666666666665,189.0,4.03,10,Low Profit
90209C,PINK ENAMEL+GLASS HAIR COMB,231,2.0125,413.7,4.01,10,Low Profit
90210A,GREY ACRYLIC FACETED BANGLE,26,1.8166666666666667,35.9,4.05,10,Low Profit
90210B,CLEAR ACRYLIC FACETED BANGLE,40,2.016666666666667,58.6,4.04,10,Low Profit
90210C,RED   ACRYLIC FACETED BANGLE,94,1.49,115.9,4.03,10,Low Profit
90210D,PURPLE ACRYLIC FACETED BANGLE,104,1.15,125.0,4.03,10,Low Profit
90211A,DIAMOND LAS VEGAS NECKLACE 45CM,5,5.95,29.75,4.05,10,Low Profit
90211B,JET BLACK LAS VEGAS NECKLACE 45CM,4,5.95,23.8,4.05,10,Low Profit
90212B,JET BLACK LAS VEGAS BRACELET ROUND,3,3.75,11.25,4.05,10,Low Profit
90212C,PURPLE LAS VEGAS BRACELET ROUND,6,3.75,22.5,4.05,10,Low Profit
90214A,"LETTER ""A"" BLING KEY RING",63,1.1128571428571428,55.71,4.04,10,Low Profit
90214B,"LETTER ""B"" BLING KEY RING",13,0.77,4.7299999999999995,4.05,10,Low Profit
90214C,"LETTER ""C"" BLING KEY RING",52,0.8233333333333334,40.04,4.04,10,Low Profit
90214D,"LETTER ""D"" BLING KEY RING",39,0.9757142857142858,25.71,4.04,10,Low Profit
90214E,"LETTER ""E"" BLING KEY RING",41,0.89,27.25,4.04,10,Low Profit
90214F,"LETTER ""F"" BLING KEY RING",13,0.29,3.7699999999999996,4.05,10,Low Profit
90214G,"LETTER ""G"" BLING KEY RING",34,0.8385714285714286,18.5,4.04,10,Low Profit
90214H,"LETTER ""H"" BLING KEY RING",22,0.93,15.02,4.05,10,Low Profit
90214I,"LETTER ""I"" BLING KEY RING",25,0.61,18.77,4.05,10,Low Profit
90214J,"LETTER ""J"" BLING KEY RING",23,1.058,17.23,4.05,10,Low Profit
90214K,"LETTER ""K"" BLING KEY RING",47,1.01,34.75,4.04,10,Low Profit
90214L,"LETTER ""L"" BLING KEY RING",51,0.866,29.189999999999998,4.04,10,Low Profit
90214M,"LETTER ""M"" BLING KEY RING",27,1.058,22.23,4.05,10,Low Profit
90214N,"LETTER ""N"" BLING KEY RING",18,0.866,10.02,4.05,10,Low Profit
90214O,"LETTER ""O"" BLING KEY RING",12,0.29,3.4799999999999995,4.05,10,Low Profit
90214P,"LETTER ""P"" BLING KEY RING",28,0.77,10.999999999999998,4.05,10,Low Profit
90214R,"LETTER ""R"" BLING KEY RING",15,0.77,6.27,4.05,10,Low Profit
90214S,"LETTER ""S"" BLING KEY RING",40,0.77,26.0,4.04,10,Low Profit
90214T,"LETTER ""T"" BLING KEY RING",12,0.29,3.4799999999999995,4.05,10,Low Profit
90214U,"LETTER ""U"" BLING KEY RING",12,0.29,3.4799999999999995,4.05,10,Low Profit
90214V,"LETTER ""V"" BLING KEY RING",14,0.93,5.9799999999999995,4.05,10,Low Profit
90214W,"LETTER ""W"" BLING KEY RING",12,0.29,3.4799999999999995,4.05,10,Low Profit
90214Y,"LETTER ""Y"" BLING KEY RING",61,0.61,18.65,4.04,10,Low Profit
90214Z,"LETTER ""Z"" BLING KEY RING",12,0.29,3.4799999999999995,4.05,10,Low Profit
BANK CHARGES,Bank Charges,12,13.750083333333334,165.001,4.05,10,Low Profit
C2,CARRIAGE,134,50.13533834586466,6686.0,4.02,10,High Profit
DOT,DOTCOM POSTAGE,16,744.1475,11906.36,4.05,10,High Profit
M,Manual,6933,178.40612903225806,53419.93,2.67,0,High Profit
PADS,PADS TO MATCH ALL CUSHIONS,3,0.001,0.003,4.05,10,Low Profit
POST,POSTAGE,3120,31.570482256596904,77803.96,3.43,0,High Profit
